ISO-10303-21;
HEADER;
FILE_DESCRIPTION(('KiCad electronic assembly'),'2;1');
FILE_NAME('Custom-Mixer-ESP32.step','2026-01-25T00:46:26',('Pcbnew'),(
    'Kicad'),'Open CASCADE STEP processor 7.9','KiCad to STEP converter'
  ,'Unknown');
FILE_SCHEMA(('AUTOMOTIVE_DESIGN { 1 0 10303 214 1 1 1 1 }'));
ENDSEC;
DATA;
#1 = APPLICATION_PROTOCOL_DEFINITION('international standard',
  'automotive_design',2000,#2);
#2 = APPLICATION_CONTEXT(
  'core data for automotive mechanical design processes');
#3 = SHAPE_DEFINITION_REPRESENTATION(#4,#10);
#4 = PRODUCT_DEFINITION_SHAPE('','',#5);
#5 = PRODUCT_DEFINITION('design','',#6,#9);
#6 = PRODUCT_DEFINITION_FORMATION('','',#7);
#7 = PRODUCT('Custom-Mixer-ESP32 1','Custom-Mixer-ESP32 1','',(#8));
#8 = PRODUCT_CONTEXT('',#2,'mechanical');
#9 = PRODUCT_DEFINITION_CONTEXT('part definition',#2,'design');
#10 = SHAPE_REPRESENTATION('',(#11,#15,#19,#23,#27,#31,#35,#39,#43,#47,
    #51,#55,#59,#63,#67,#71),#75);
#11 = AXIS2_PLACEMENT_3D('',#12,#13,#14);
#12 = CARTESIAN_POINT('',(0.,0.,0.));
#13 = DIRECTION('',(0.,0.,1.));
#14 = DIRECTION('',(1.,0.,-0.));
#15 = AXIS2_PLACEMENT_3D('',#16,#17,#18);
#16 = CARTESIAN_POINT('',(139.082811,-59.515,1.595));
#17 = DIRECTION('',(0.,0.,1.));
#18 = DIRECTION('',(-1.,1.224646799147E-16,0.));
#19 = AXIS2_PLACEMENT_3D('',#20,#21,#22);
#20 = CARTESIAN_POINT('',(128.636923,-59.515,1.595));
#21 = DIRECTION('',(0.,0.,1.));
#22 = DIRECTION('',(1.,0.,0.));
#23 = AXIS2_PLACEMENT_3D('',#24,#25,#26);
#24 = CARTESIAN_POINT('',(111.949284,-59.265,1.595));
#25 = DIRECTION('',(0.,0.,1.));
#26 = DIRECTION('',(-1.,1.224646799147E-16,0.));
#27 = AXIS2_PLACEMENT_3D('',#28,#29,#30);
#28 = CARTESIAN_POINT('',(170.654867,-46.745,1.595));
#29 = DIRECTION('',(0.,0.,1.));
#30 = DIRECTION('',(1.,0.,0.));
#31 = AXIS2_PLACEMENT_3D('',#32,#33,#34);
#32 = CARTESIAN_POINT('',(74.389867,-59.515,1.595));
#33 = DIRECTION('',(0.,0.,1.));
#34 = DIRECTION('',(1.,0.,0.));
#35 = AXIS2_PLACEMENT_3D('',#36,#37,#38);
#36 = CARTESIAN_POINT('',(155.75045,-58.76,1.595));
#37 = DIRECTION('',(0.,0.,1.));
#38 = DIRECTION('',(1.,0.,0.));
#39 = AXIS2_PLACEMENT_3D('',#40,#41,#42);
#40 = CARTESIAN_POINT('',(101.503395,-59.515,1.595));
#41 = DIRECTION('',(0.,0.,1.));
#42 = DIRECTION('',(1.,0.,0.));
#43 = AXIS2_PLACEMENT_3D('',#44,#45,#46);
#44 = CARTESIAN_POINT('',(85.585756,-59.515,1.595));
#45 = DIRECTION('',(0.,0.,1.));
#46 = DIRECTION('',(-1.,1.224646799147E-16,0.));
#47 = AXIS2_PLACEMENT_3D('',#48,#49,#50);
#48 = CARTESIAN_POINT('',(187.164867,-41.03,1.595));
#49 = DIRECTION('',(0.,0.,1.));
#50 = DIRECTION('',(1.,0.,0.));
#51 = AXIS2_PLACEMENT_3D('',#52,#53,#54);
#52 = CARTESIAN_POINT('',(193.309867,-59.1,1.595));
#53 = DIRECTION('',(0.,0.,1.));
#54 = DIRECTION('',(-1.,1.224646799147E-16,0.));
#55 = AXIS2_PLACEMENT_3D('',#56,#57,#58);
#56 = CARTESIAN_POINT('',(166.196339,-59.1,1.595));
#57 = DIRECTION('',(0.,0.,1.));
#58 = DIRECTION('',(-1.,1.224646799147E-16,0.));
#59 = AXIS2_PLACEMENT_3D('',#60,#61,#62);
#60 = CARTESIAN_POINT('',(182.863978,-59.46,1.595));
#61 = DIRECTION('',(0.,0.,1.));
#62 = DIRECTION('',(1.,0.,0.));
#63 = AXIS2_PLACEMENT_3D('',#64,#65,#66);
#64 = CARTESIAN_POINT('',(181.449867,-39.125,1.595));
#65 = DIRECTION('',(0.,0.,1.));
#66 = DIRECTION('',(-1.,1.224646799147E-16,0.));
#67 = AXIS2_PLACEMENT_3D('',#68,#69,#70);
#68 = CARTESIAN_POINT('',(83.004867,-39.76,1.595));
#69 = DIRECTION('',(0.,0.,1.));
#70 = DIRECTION('',(-1.,1.224646799147E-16,0.));
#71 = AXIS2_PLACEMENT_3D('',#72,#73,#74);
#72 = CARTESIAN_POINT('',(0.,0.,0.));
#73 = DIRECTION('',(0.,0.,1.));
#74 = DIRECTION('',(1.,0.,-0.));
#75 = ( GEOMETRIC_REPRESENTATION_CONTEXT(3) 
GLOBAL_UNCERTAINTY_ASSIGNED_CONTEXT((#79)) GLOBAL_UNIT_ASSIGNED_CONTEXT(
(#76,#77,#78)) REPRESENTATION_CONTEXT('Context #1',
  '3D Context with UNIT and UNCERTAINTY') );
#76 = ( LENGTH_UNIT() NAMED_UNIT(*) SI_UNIT(.MILLI.,.METRE.) );
#77 = ( NAMED_UNIT(*) PLANE_ANGLE_UNIT() SI_UNIT($,.RADIAN.) );
#78 = ( NAMED_UNIT(*) SI_UNIT($,.STERADIAN.) SOLID_ANGLE_UNIT() );
#79 = UNCERTAINTY_MEASURE_WITH_UNIT(LENGTH_MEASURE(2.E-07),#76,
  'distance_accuracy_value','confusion accuracy');
#80 = PRODUCT_RELATED_PRODUCT_CATEGORY('part',$,(#7));
#81 = SHAPE_DEFINITION_REPRESENTATION(#82,#88);
#82 = PRODUCT_DEFINITION_SHAPE('','',#83);
#83 = PRODUCT_DEFINITION('design','',#84,#87);
#84 = PRODUCT_DEFINITION_FORMATION('','',#85);
#85 = PRODUCT('C_Disc_D5.0mm_W2.5mm_P2.50mm',
  'C_Disc_D5.0mm_W2.5mm_P2.50mm','',(#86));
#86 = PRODUCT_CONTEXT('',#2,'mechanical');
#87 = PRODUCT_DEFINITION_CONTEXT('part definition',#2,'design');
#88 = ADVANCED_BREP_SHAPE_REPRESENTATION('',(#11,#89),#461);
#89 = MANIFOLD_SOLID_BREP('',#90);
#90 = CLOSED_SHELL('',(#91,#108,#242,#343,#425,#452));
#91 = ADVANCED_FACE('',(#92),#103,.T.);
#92 = FACE_BOUND('',#93,.F.);
#93 = EDGE_LOOP('',(#94));
#94 = ORIENTED_EDGE('',*,*,#95,.T.);
#95 = EDGE_CURVE('',#96,#96,#98,.T.);
#96 = VERTEX_POINT('',#97);
#97 = CARTESIAN_POINT('',(1.110223024625E-16,-0.25,-2.));
#98 = CIRCLE('',#99,0.25);
#99 = AXIS2_PLACEMENT_3D('',#100,#101,#102);
#100 = CARTESIAN_POINT('',(8.326672684689E-17,0.,-2.));
#101 = DIRECTION('',(-0.,0.,1.));
#102 = DIRECTION('',(1.110223024625E-16,-1.,0.));
#103 = PLANE('',#104);
#104 = AXIS2_PLACEMENT_3D('',#105,#106,#107);
#105 = CARTESIAN_POINT('',(1.110223024625E-16,-0.25,-2.));
#106 = DIRECTION('',(0.,0.,-1.));
#107 = DIRECTION('',(-1.110223024625E-16,1.,0.));
#108 = ADVANCED_FACE('',(#109),#237,.T.);
#109 = FACE_BOUND('',#110,.T.);
#110 = EDGE_LOOP('',(#111,#119,#156,#212,#235,#236));
#111 = ORIENTED_EDGE('',*,*,#112,.T.);
#112 = EDGE_CURVE('',#96,#113,#115,.T.);
#113 = VERTEX_POINT('',#114);
#114 = CARTESIAN_POINT('',(0.,-0.25,0.679713563033));
#115 = LINE('',#116,#117);
#116 = CARTESIAN_POINT('',(1.110223024625E-16,-0.25,-2.));
#117 = VECTOR('',#118,1.);
#118 = DIRECTION('',(0.,0.,1.));
#119 = ORIENTED_EDGE('',*,*,#120,.F.);
#120 = EDGE_CURVE('',#121,#113,#123,.T.);
#121 = VERTEX_POINT('',#122);
#122 = CARTESIAN_POINT('',(-0.25,2.22044604925E-16,0.6));
#123 = B_SPLINE_CURVE_WITH_KNOTS('',7,(#124,#125,#126,#127,#128,#129,
    #130,#131,#132,#133,#134,#135,#136,#137,#138,#139,#140,#141,#142,
    #143,#144,#145,#146,#147,#148,#149,#150,#151,#152,#153,#154,#155),
  .UNSPECIFIED.,.F.,.F.,(8,6,6,6,6,8),(0.,0.241317762374,0.445644466933,
    0.571243661289,0.762892742629,1.),.UNSPECIFIED.);
#124 = CARTESIAN_POINT('',(-0.25,2.22044604925E-16,0.6));
#125 = CARTESIAN_POINT('',(-0.25,-9.684935723134E-03,0.60907962724));
#126 = CARTESIAN_POINT('',(-0.249562312585,-1.958663774209E-02,
    0.618137008422));
#127 = CARTESIAN_POINT('',(-0.248651405776,-2.972573255191E-02,
    0.627168846356));
#128 = CARTESIAN_POINT('',(-0.247221322709,-4.012175883314E-02,
    0.636164218682));
#129 = CARTESIAN_POINT('',(-0.245209073056,-5.079675639546E-02,
    0.645103357498));
#130 = CARTESIAN_POINT('',(-0.242537061214,-6.177469969022E-02,
    0.653958268044));
#131 = CARTESIAN_POINT('',(-0.236139904846,-8.26955731734E-02,
    0.670078636971));
#132 = CARTESIAN_POINT('',(-0.232704674347,-9.232384084319E-02,
    0.677213594013));
#133 = CARTESIAN_POINT('',(-0.228740570249,-0.101972617487,
    0.684056031744));
#134 = CARTESIAN_POINT('',(-0.224217714526,-0.111618403002,
    0.690558940349));
#135 = CARTESIAN_POINT('',(-0.219106129615,-0.12122865342,0.696665536014
    ));
#136 = CARTESIAN_POINT('',(-0.213378796045,-0.130760638688,
    0.702310163112));
#137 = CARTESIAN_POINT('',(-0.203102719819,-0.145938252703,
    0.710559708371));
#138 = CARTESIAN_POINT('',(-0.198861795942,-0.151797430041,0.71356950591
    ));
#139 = CARTESIAN_POINT('',(-0.194252637482,-0.157741594401,
    0.716425500374));
#140 = CARTESIAN_POINT('',(-0.189235443471,-0.163763565557,
    0.719093103767));
#141 = CARTESIAN_POINT('',(-0.183769912908,-0.169845221121,
    0.721526228727));
#142 = CARTESIAN_POINT('',(-0.177815244764,-0.175957496539,
    0.723667288527));
#143 = CARTESIAN_POINT('',(-0.161434654467,-0.191372650112,
    0.728163120848));
#144 = CARTESIAN_POINT('',(-0.150771379041,-0.200224266886,
    0.729910895034));
#145 = CARTESIAN_POINT('',(-0.13943338396,-0.208451319365,0.730582732085
    ));
#146 = CARTESIAN_POINT('',(-0.127539684786,-0.215931925818,
    0.730132246229));
#147 = CARTESIAN_POINT('',(-0.115231033896,-0.222580375236,
    0.728568826534));
#148 = CARTESIAN_POINT('',(-0.102669342034,-0.228346795877,
    0.725956595388));
#149 = CARTESIAN_POINT('',(-7.441667148544E-02,-0.239254373802,
    0.718039961547));
#150 = CARTESIAN_POINT('',(-6.012989103581E-02,-0.243368610129,
    0.71264902643));
#151 = CARTESIAN_POINT('',(-4.674363205343E-02,-0.246305062974,
    0.706703296775));
#152 = CARTESIAN_POINT('',(-3.418334135388E-02,-0.248245212574,
    0.700340083922));
#153 = CARTESIAN_POINT('',(-2.227742646536E-02,-0.249444115193,
    0.69370291271));
#154 = CARTESIAN_POINT('',(-1.092751472784E-02,-0.249999998935,
    0.686826768263));
#155 = CARTESIAN_POINT('',(0.,-0.25,0.679713563033));
#156 = ORIENTED_EDGE('',*,*,#157,.F.);
#157 = EDGE_CURVE('',#158,#121,#160,.T.);
#158 = VERTEX_POINT('',#159);
#159 = CARTESIAN_POINT('',(0.25,2.22044604925E-16,0.308712152522));
#160 = B_SPLINE_CURVE_WITH_KNOTS('',8,(#161,#162,#163,#164,#165,#166,
    #167,#168,#169,#170,#171,#172,#173,#174,#175,#176,#177,#178,#179,
    #180,#181,#182,#183,#184,#185,#186,#187,#188,#189,#190,#191,#192,
    #193,#194,#195,#196,#197,#198,#199,#200,#201,#202,#203,#204,#205,
    #206,#207,#208,#209,#210,#211),.UNSPECIFIED.,.F.,.F.,(9,7,7,7,7,7,7,
    9),(0.,0.199458904293,0.388869806011,0.551335379852,0.68813869272,
    0.752308818663,0.873281746153,1.),.UNSPECIFIED.);
#161 = CARTESIAN_POINT('',(0.25,2.22044604925E-16,0.308712152522));
#162 = CARTESIAN_POINT('',(0.25,1.498658225286E-02,0.320975928876));
#163 = CARTESIAN_POINT('',(0.248973335591,2.970547488316E-02,
    0.333655764178));
#164 = CARTESIAN_POINT('',(0.24698385099,4.415203712698E-02,
    0.346721914111));
#165 = CARTESIAN_POINT('',(0.24407301906,5.831686687487E-02,
    0.360152410527));
#166 = CARTESIAN_POINT('',(0.240267431482,7.218729021563E-02,
    0.37393034107));
#167 = CARTESIAN_POINT('',(0.235582496024,8.574804863202E-02,
    0.388042581303));
#168 = CARTESIAN_POINT('',(0.230022340923,9.898118384854E-02,
    0.402479979305));
#169 = CARTESIAN_POINT('',(0.217454258367,0.124100011701,0.43125450167)
  );
#170 = CARTESIAN_POINT('',(0.210536986697,0.136012964554,0.445551929575)
  );
#171 = CARTESIAN_POINT('',(0.202814200622,0.147589731695,0.460131967275)
  );
#172 = CARTESIAN_POINT('',(0.194266970857,0.15880635391,0.47499231283));
#173 = CARTESIAN_POINT('',(0.184865535006,0.169628344583,0.490127953843)
  );
#174 = CARTESIAN_POINT('',(0.17457067718,0.180011499425,0.505530700778)
  );
#175 = CARTESIAN_POINT('',(0.163327399037,0.189899786787,0.521190841153)
  );
#176 = CARTESIAN_POINT('',(0.140500550844,0.207206481998,0.550752974867)
  );
#177 = CARTESIAN_POINT('',(0.129228829023,0.214748695337,0.564541460993)
  );
#178 = CARTESIAN_POINT('',(0.117141331693,0.22182391066,0.578506701658)
  );
#179 = CARTESIAN_POINT('',(0.104149138269,0.228367849353,0.592649461129)
  );
#180 = CARTESIAN_POINT('',(9.017343856703E-02,0.234285137733,
    0.606935464109));
#181 = CARTESIAN_POINT('',(7.511462712787E-02,0.239426189606,
    0.621290562358));
#182 = CARTESIAN_POINT('',(5.889216710565E-02,0.243619055255,
    0.635602327222));
#183 = CARTESIAN_POINT('',(2.646785088722E-02,0.249048799009,
    0.66160429439));
#184 = CARTESIAN_POINT('',(1.053825152492E-02,0.250669585469,
    0.673455104837));
#185 = CARTESIAN_POINT('',(-6.495211866636E-03,0.251196244911,
    0.685043508447));
#186 = CARTESIAN_POINT('',(-2.452795939285E-02,0.25035344694,
    0.696027839295));
#187 = CARTESIAN_POINT('',(-4.334347825754E-02,0.247854159514,
    0.705968391387));
#188 = CARTESIAN_POINT('',(-6.261131274603E-02,0.2434788272,
    0.714396983691));
#189 = CARTESIAN_POINT('',(-8.185997201987E-02,0.237084220732,
    0.720824079794));
#190 = CARTESIAN_POINT('',(-0.10910140322,0.225137936334,0.727038930339)
  );
#191 = CARTESIAN_POINT('',(-0.117738358649,0.220900749238,0.728562265654
    ));
#192 = CARTESIAN_POINT('',(-0.126259813586,0.21624449077,0.729589797475)
  );
#193 = CARTESIAN_POINT('',(-0.134614573334,0.211181583925,0.730098382962
    ));
#194 = CARTESIAN_POINT('',(-0.142754609382,0.205733166382,0.730076494893
    ));
#195 = CARTESIAN_POINT('',(-0.150635059404,0.199929090504,0.729524221666
    ));
#196 = CARTESIAN_POINT('',(-0.158214227257,0.193807923337,0.728453267298
    ));
#197 = CARTESIAN_POINT('',(-0.1791011494,0.175368736441,0.723934147238)
  );
#198 = CARTESIAN_POINT('',(-0.190480624416,0.163302373898,0.71945490095)
  );
#199 = CARTESIAN_POINT('',(-0.200238105405,0.151299134574,0.713971427554
    ));
#200 = CARTESIAN_POINT('',(-0.208612064754,0.139401939546,0.707696815747
    ));
#201 = CARTESIAN_POINT('',(-0.215848390386,0.127637946731,0.700829677282
    ));
#202 = CARTESIAN_POINT('',(-0.222086469131,0.116002948179,0.693465245757
    ));
#203 = CARTESIAN_POINT('',(-0.227458179431,0.104476464663,0.68567637468)
  );
#204 = CARTESIAN_POINT('',(-0.236866967882,8.100264917104E-02,
    0.668900233663));
#205 = CARTESIAN_POINT('',(-0.240809574106,6.91100893017E-02,
    0.659908845036));
#206 = CARTESIAN_POINT('',(-0.24397912937,5.732790968674E-02,
    0.650573551892));
#207 = CARTESIAN_POINT('',(-0.246441454366,4.565321186972E-02,
    0.640940284062));
#208 = CARTESIAN_POINT('',(-0.248243288901,3.408451178674E-02,
    0.631043013263));
#209 = CARTESIAN_POINT('',(-0.249420279743,2.262052324664E-02,
    0.620908081359));
#210 = CARTESIAN_POINT('',(-0.25,1.12596233719E-02,0.610555896911));
#211 = CARTESIAN_POINT('',(-0.25,2.22044604925E-16,0.6));
#212 = ORIENTED_EDGE('',*,*,#213,.F.);
#213 = EDGE_CURVE('',#113,#158,#214,.T.);
#214 = B_SPLINE_CURVE_WITH_KNOTS('',7,(#215,#216,#217,#218,#219,#220,
    #221,#222,#223,#224,#225,#226,#227,#228,#229,#230,#231,#232,#233,
    #234),.UNSPECIFIED.,.F.,.F.,(8,6,6,8),(0.,0.247494418505,
    0.625913593958,1.),.UNSPECIFIED.);
#215 = CARTESIAN_POINT('',(0.,-0.25,0.679713563033));
#216 = CARTESIAN_POINT('',(1.668230531916E-02,-0.249999998375,
    0.668854305725));
#217 = CARTESIAN_POINT('',(3.268935444351E-02,-0.248701328528,
    0.657238205434));
#218 = CARTESIAN_POINT('',(4.803522159591E-02,-0.246292795207,
    0.645058427307));
#219 = CARTESIAN_POINT('',(6.272035044142E-02,-0.242904781035,
    0.632454202666));
#220 = CARTESIAN_POINT('',(7.675482928969E-02,-0.238646669925,
    0.619533115348));
#221 = CARTESIAN_POINT('',(9.015600539763E-02,-0.233600046125,
    0.606367996904));
#222 = CARTESIAN_POINT('',(0.122509977475,-0.218979596467,0.572558438838
    ));
#223 = CARTESIAN_POINT('',(0.140609828749,-0.208441049645,0.551682950477
    ));
#224 = CARTESIAN_POINT('',(0.157316109399,-0.196421562524,0.530553330357
    ));
#225 = CARTESIAN_POINT('',(0.1726182291,-0.183060607604,0.509312840633)
  );
#226 = CARTESIAN_POINT('',(0.186496343419,-0.16847701509,0.488081826714)
  );
#227 = CARTESIAN_POINT('',(0.198912256603,-0.152757672748,0.466955654528
    ));
#228 = CARTESIAN_POINT('',(0.220566974034,-0.119340154572,0.425299865374
    ));
#229 = CARTESIAN_POINT('',(0.22982513794,-0.101690391402,0.404795744165)
  );
#230 = CARTESIAN_POINT('',(0.237519488802,-8.305904459744E-02,
    0.384568703648));
#231 = CARTESIAN_POINT('',(0.243546001286,-6.35032798917E-02,
    0.364715891401));
#232 = CARTESIAN_POINT('',(0.247762525952,-4.308939167411E-02,
    0.345357068252));
#233 = CARTESIAN_POINT('',(0.25,-2.189707437231E-02,0.326630902667));
#234 = CARTESIAN_POINT('',(0.25,2.22044604925E-16,0.308712152522));
#235 = ORIENTED_EDGE('',*,*,#112,.F.);
#236 = ORIENTED_EDGE('',*,*,#95,.T.);
#237 = CYLINDRICAL_SURFACE('',#238,0.25);
#238 = AXIS2_PLACEMENT_3D('',#239,#240,#241);
#239 = CARTESIAN_POINT('',(8.326672684689E-17,0.,-2.));
#240 = DIRECTION('',(-0.,0.,-1.));
#241 = DIRECTION('',(1.110223024625E-16,-1.,-0.));
#242 = ADVANCED_FACE('',(#243),#338,.T.);
#243 = FACE_BOUND('',#244,.T.);
#244 = EDGE_LOOP('',(#245,#256,#263,#264,#265,#274,#330,#337));
#245 = ORIENTED_EDGE('',*,*,#246,.F.);
#246 = EDGE_CURVE('',#247,#249,#251,.T.);
#247 = VERTEX_POINT('',#248);
#248 = CARTESIAN_POINT('',(-1.25,2.22044604925E-16,2.6));
#249 = VERTEX_POINT('',#250);
#250 = CARTESIAN_POINT('',(1.25,-1.25,2.6));
#251 = CIRCLE('',#252,3.125);
#252 = AXIS2_PLACEMENT_3D('',#253,#254,#255);
#253 = CARTESIAN_POINT('',(1.25,1.875,2.6));
#254 = DIRECTION('',(0.,0.,1.));
#255 = DIRECTION('',(-0.8,-0.6,0.));
#256 = ORIENTED_EDGE('',*,*,#257,.T.);
#257 = EDGE_CURVE('',#247,#121,#258,.T.);
#258 = CIRCLE('',#259,2.5);
#259 = AXIS2_PLACEMENT_3D('',#260,#261,#262);
#260 = CARTESIAN_POINT('',(1.25,2.22044604925E-16,2.6));
#261 = DIRECTION('',(0.,-1.,0.));
#262 = DIRECTION('',(-1.,0.,0.));
#263 = ORIENTED_EDGE('',*,*,#120,.T.);
#264 = ORIENTED_EDGE('',*,*,#213,.T.);
#265 = ORIENTED_EDGE('',*,*,#266,.T.);
#266 = EDGE_CURVE('',#158,#267,#269,.T.);
#267 = VERTEX_POINT('',#268);
#268 = CARTESIAN_POINT('',(2.25,2.22044604925E-16,0.308712152522));
#269 = CIRCLE('',#270,2.5);
#270 = AXIS2_PLACEMENT_3D('',#271,#272,#273);
#271 = CARTESIAN_POINT('',(1.25,2.22044604925E-16,2.6));
#272 = DIRECTION('',(0.,-1.,0.));
#273 = DIRECTION('',(-1.,0.,0.));
#274 = ORIENTED_EDGE('',*,*,#275,.T.);
#275 = EDGE_CURVE('',#267,#276,#278,.T.);
#276 = VERTEX_POINT('',#277);
#277 = CARTESIAN_POINT('',(2.75,2.22044604925E-16,0.6));
#278 = B_SPLINE_CURVE_WITH_KNOTS('',8,(#279,#280,#281,#282,#283,#284,
    #285,#286,#287,#288,#289,#290,#291,#292,#293,#294,#295,#296,#297,
    #298,#299,#300,#301,#302,#303,#304,#305,#306,#307,#308,#309,#310,
    #311,#312,#313,#314,#315,#316,#317,#318,#319,#320,#321,#322,#323,
    #324,#325,#326,#327,#328,#329),.UNSPECIFIED.,.F.,.F.,(9,7,7,7,7,7,7,
    9),(0.,0.199458904289,0.388869805961,0.551335379777,0.68813869263,
    0.75230881859,0.873281746118,1.),.UNSPECIFIED.);
#279 = CARTESIAN_POINT('',(2.25,2.498001805407E-16,0.308712152522));
#280 = CARTESIAN_POINT('',(2.25,-1.498658225447E-02,0.320975928877));
#281 = CARTESIAN_POINT('',(2.251026664409,-2.97054748863E-02,
    0.33365576418));
#282 = CARTESIAN_POINT('',(2.253016149011,-4.41520371316E-02,
    0.346721914115));
#283 = CARTESIAN_POINT('',(2.255926980942,-5.831686688093E-02,
    0.360152410532));
#284 = CARTESIAN_POINT('',(2.25973256852,-7.218729022304E-02,
    0.373930341078));
#285 = CARTESIAN_POINT('',(2.264417503979,-8.574804864071E-02,
    0.388042581312));
#286 = CARTESIAN_POINT('',(2.269977659081,-9.898118385844E-02,
    0.402479979316));
#287 = CARTESIAN_POINT('',(2.282545741639,-0.124100011711,0.431254501681
    ));
#288 = CARTESIAN_POINT('',(2.289463013308,-0.136012964562,0.445551929584
    ));
#289 = CARTESIAN_POINT('',(2.297185799383,-0.147589731702,0.460131967284
    ));
#290 = CARTESIAN_POINT('',(2.305733029147,-0.158806353915,0.474992312837
    ));
#291 = CARTESIAN_POINT('',(2.315134464997,-0.169628344586,0.490127953848
    ));
#292 = CARTESIAN_POINT('',(2.325429322822,-0.180011499427,0.505530700782
    ));
#293 = CARTESIAN_POINT('',(2.336672600964,-0.189899786788,0.521190841154
    ));
#294 = CARTESIAN_POINT('',(2.359499449155,-0.207206481998,0.550752974867
    ));
#295 = CARTESIAN_POINT('',(2.370771170976,-0.214748695336,0.564541460992
    ));
#296 = CARTESIAN_POINT('',(2.382858668306,-0.22182391066,0.578506701656)
  );
#297 = CARTESIAN_POINT('',(2.395850861729,-0.228367849352,0.592649461127
    ));
#298 = CARTESIAN_POINT('',(2.409826561431,-0.234285137732,0.606935464107
    ));
#299 = CARTESIAN_POINT('',(2.424885372869,-0.239426189605,0.621290562355
    ));
#300 = CARTESIAN_POINT('',(2.44110783289,-0.243619055254,0.635602327218)
  );
#301 = CARTESIAN_POINT('',(2.473532149108,-0.249048799008,0.661604294387
    ));
#302 = CARTESIAN_POINT('',(2.48946174847,-0.250669585469,0.673455104834)
  );
#303 = CARTESIAN_POINT('',(2.506495211862,-0.251196244911,0.685043508444
    ));
#304 = CARTESIAN_POINT('',(2.524527959388,-0.25035344694,0.696027839293)
  );
#305 = CARTESIAN_POINT('',(2.543343478254,-0.247854159514,0.705968391385
    ));
#306 = CARTESIAN_POINT('',(2.562611312742,-0.243478827201,0.71439698369)
  );
#307 = CARTESIAN_POINT('',(2.581859972017,-0.237084220733,0.720824079793
    ));
#308 = CARTESIAN_POINT('',(2.60910140322,-0.225137936334,0.72703893034)
  );
#309 = CARTESIAN_POINT('',(2.617738358649,-0.220900749239,0.728562265654
    ));
#310 = CARTESIAN_POINT('',(2.626259813584,-0.216244490771,0.729589797475
    ));
#311 = CARTESIAN_POINT('',(2.634614573331,-0.211181583927,0.730098382962
    ));
#312 = CARTESIAN_POINT('',(2.64275460938,-0.205733166384,0.730076494893)
  );
#313 = CARTESIAN_POINT('',(2.650635059402,-0.199929090505,0.729524221666
    ));
#314 = CARTESIAN_POINT('',(2.658214227257,-0.193807923338,0.728453267298
    ));
#315 = CARTESIAN_POINT('',(2.6791011494,-0.175368736441,0.723934147238)
  );
#316 = CARTESIAN_POINT('',(2.690480624416,-0.163302373898,0.71945490095)
  );
#317 = CARTESIAN_POINT('',(2.700238105406,-0.151299134573,0.713971427554
    ));
#318 = CARTESIAN_POINT('',(2.708612064754,-0.139401939545,0.707696815746
    ));
#319 = CARTESIAN_POINT('',(2.715848390387,-0.12763794673,0.700829677281)
  );
#320 = CARTESIAN_POINT('',(2.722086469132,-0.116002948178,0.693465245756
    ));
#321 = CARTESIAN_POINT('',(2.727458179432,-0.104476464661,0.685676374679
    ));
#322 = CARTESIAN_POINT('',(2.736866967883,-8.100264916926E-02,
    0.668900233661));
#323 = CARTESIAN_POINT('',(2.740809574107,-6.91100893002E-02,
    0.659908845035));
#324 = CARTESIAN_POINT('',(2.74397912937,-5.732790968549E-02,
    0.650573551891));
#325 = CARTESIAN_POINT('',(2.746441454367,-4.565321186873E-02,
    0.640940284061));
#326 = CARTESIAN_POINT('',(2.748243288901,-3.4084511786E-02,
    0.631043013262));
#327 = CARTESIAN_POINT('',(2.749420279743,-2.262052324615E-02,
    0.620908081359));
#328 = CARTESIAN_POINT('',(2.75,-1.125962337166E-02,0.610555896911));
#329 = CARTESIAN_POINT('',(2.75,2.498001805407E-16,0.6));
#330 = ORIENTED_EDGE('',*,*,#331,.T.);
#331 = EDGE_CURVE('',#276,#247,#332,.T.);
#332 = CIRCLE('',#333,2.5);
#333 = AXIS2_PLACEMENT_3D('',#334,#335,#336);
#334 = CARTESIAN_POINT('',(1.25,2.22044604925E-16,2.6));
#335 = DIRECTION('',(0.,-1.,0.));
#336 = DIRECTION('',(-1.,0.,0.));
#337 = ORIENTED_EDGE('',*,*,#246,.T.);
#338 = SPHERICAL_SURFACE('',#339,3.125);
#339 = AXIS2_PLACEMENT_3D('',#340,#341,#342);
#340 = CARTESIAN_POINT('',(1.25,1.875,2.6));
#341 = DIRECTION('',(0.,-1.,0.));
#342 = DIRECTION('',(-1.,0.,0.));
#343 = ADVANCED_FACE('',(#344),#420,.T.);
#344 = FACE_BOUND('',#345,.T.);
#345 = EDGE_LOOP('',(#346,#355,#356,#357,#394,#417,#418,#419));
#346 = ORIENTED_EDGE('',*,*,#347,.F.);
#347 = EDGE_CURVE('',#348,#247,#350,.T.);
#348 = VERTEX_POINT('',#349);
#349 = CARTESIAN_POINT('',(1.25,1.25,2.6));
#350 = CIRCLE('',#351,3.125);
#351 = AXIS2_PLACEMENT_3D('',#352,#353,#354);
#352 = CARTESIAN_POINT('',(1.25,-1.875,2.6));
#353 = DIRECTION('',(0.,0.,1.));
#354 = DIRECTION('',(-7.105427357601E-16,1.,0.));
#355 = ORIENTED_EDGE('',*,*,#347,.T.);
#356 = ORIENTED_EDGE('',*,*,#331,.F.);
#357 = ORIENTED_EDGE('',*,*,#358,.T.);
#358 = EDGE_CURVE('',#276,#359,#361,.T.);
#359 = VERTEX_POINT('',#360);
#360 = CARTESIAN_POINT('',(2.5,0.25,0.679713563033));
#361 = B_SPLINE_CURVE_WITH_KNOTS('',7,(#362,#363,#364,#365,#366,#367,
    #368,#369,#370,#371,#372,#373,#374,#375,#376,#377,#378,#379,#380,
    #381,#382,#383,#384,#385,#386,#387,#388,#389,#390,#391,#392,#393),
  .UNSPECIFIED.,.F.,.F.,(8,6,6,6,6,8),(0.,0.241317762403,0.44564446692,
    0.571243661275,0.762892742603,1.),.UNSPECIFIED.);
#362 = CARTESIAN_POINT('',(2.75,2.22044604925E-16,0.6));
#363 = CARTESIAN_POINT('',(2.75,9.684935722549E-03,0.60907962724));
#364 = CARTESIAN_POINT('',(2.749562312585,1.958663774088E-02,
    0.618137008421));
#365 = CARTESIAN_POINT('',(2.748651405776,2.972573255005E-02,
    0.627168846355));
#366 = CARTESIAN_POINT('',(2.74722132271,4.012175883062E-02,
    0.63616421868));
#367 = CARTESIAN_POINT('',(2.745209073056,5.079675639222E-02,
    0.645103357495));
#368 = CARTESIAN_POINT('',(2.742537061215,6.177469968621E-02,
    0.65395826804));
#369 = CARTESIAN_POINT('',(2.736139904849,8.269557316476E-02,
    0.670078636965));
#370 = CARTESIAN_POINT('',(2.732704674351,9.232384083339E-02,
    0.677213594006));
#371 = CARTESIAN_POINT('',(2.728740570253,0.101972617478,0.684056031738)
  );
#372 = CARTESIAN_POINT('',(2.72421771453,0.111618402993,0.690558940343)
  );
#373 = CARTESIAN_POINT('',(2.71910612962,0.121228653412,0.696665536009)
  );
#374 = CARTESIAN_POINT('',(2.71337879605,0.130760638679,0.702310163106)
  );
#375 = CARTESIAN_POINT('',(2.703102719827,0.145938252692,0.710559708365)
  );
#376 = CARTESIAN_POINT('',(2.698861795951,0.15179743003,0.713569505904)
  );
#377 = CARTESIAN_POINT('',(2.694252637492,0.157741594389,0.716425500368)
  );
#378 = CARTESIAN_POINT('',(2.689235443481,0.163763565545,0.719093103762)
  );
#379 = CARTESIAN_POINT('',(2.683769912919,0.169845221109,0.721526228722)
  );
#380 = CARTESIAN_POINT('',(2.677815244776,0.175957496526,0.723667288523)
  );
#381 = CARTESIAN_POINT('',(2.661434654483,0.191372650099,0.728163120845)
  );
#382 = CARTESIAN_POINT('',(2.650771379058,0.200224266874,0.729910895033)
  );
#383 = CARTESIAN_POINT('',(2.639433383976,0.208451319354,0.730582732085)
  );
#384 = CARTESIAN_POINT('',(2.627539684801,0.215931925809,0.730132246231)
  );
#385 = CARTESIAN_POINT('',(2.615231033911,0.222580375228,0.728568826536)
  );
#386 = CARTESIAN_POINT('',(2.602669342049,0.22834679587,0.725956595391)
  );
#387 = CARTESIAN_POINT('',(2.574416671496,0.239254373799,0.718039961551)
  );
#388 = CARTESIAN_POINT('',(2.560129891044,0.243368610128,0.712649026434)
  );
#389 = CARTESIAN_POINT('',(2.54674363206,0.246305062973,0.706703296778)
  );
#390 = CARTESIAN_POINT('',(2.534183341358,0.248245212574,0.700340083924)
  );
#391 = CARTESIAN_POINT('',(2.522277426468,0.249444115193,0.693702912712)
  );
#392 = CARTESIAN_POINT('',(2.510927514729,0.249999998935,0.686826768264)
  );
#393 = CARTESIAN_POINT('',(2.5,0.25,0.679713563033));
#394 = ORIENTED_EDGE('',*,*,#395,.T.);
#395 = EDGE_CURVE('',#359,#267,#396,.T.);
#396 = B_SPLINE_CURVE_WITH_KNOTS('',7,(#397,#398,#399,#400,#401,#402,
    #403,#404,#405,#406,#407,#408,#409,#410,#411,#412,#413,#414,#415,
    #416),.UNSPECIFIED.,.F.,.F.,(8,6,6,8),(0.,0.247494418513,
    0.625913593946,1.),.UNSPECIFIED.);
#397 = CARTESIAN_POINT('',(2.5,0.25,0.679713563033));
#398 = CARTESIAN_POINT('',(2.48331769468,0.249999998375,0.668854305725)
  );
#399 = CARTESIAN_POINT('',(2.467310645556,0.248701328528,0.657238205433)
  );
#400 = CARTESIAN_POINT('',(2.451964778403,0.246292795207,0.645058427306)
  );
#401 = CARTESIAN_POINT('',(2.437279649557,0.242904781034,0.632454202665)
  );
#402 = CARTESIAN_POINT('',(2.423245170708,0.238646669924,0.619533115346)
  );
#403 = CARTESIAN_POINT('',(2.4098439946,0.233600046124,0.606367996902));
#404 = CARTESIAN_POINT('',(2.377490022523,0.218979596466,0.572558438836)
  );
#405 = CARTESIAN_POINT('',(2.359390171251,0.208441049644,0.551682950476)
  );
#406 = CARTESIAN_POINT('',(2.342683890601,0.196421562524,0.530553330357)
  );
#407 = CARTESIAN_POINT('',(2.327381770901,0.183060607605,0.509312840635)
  );
#408 = CARTESIAN_POINT('',(2.313503656583,0.168477015091,0.488081826717)
  );
#409 = CARTESIAN_POINT('',(2.301087743399,0.152757672751,0.466955654532)
  );
#410 = CARTESIAN_POINT('',(2.279433025968,0.119340154575,0.425299865378)
  );
#411 = CARTESIAN_POINT('',(2.270174862061,0.101690391405,0.404795744168)
  );
#412 = CARTESIAN_POINT('',(2.262480511199,8.305904459994E-02,
    0.384568703651));
#413 = CARTESIAN_POINT('',(2.256453998714,6.35032798938E-02,
    0.364715891403));
#414 = CARTESIAN_POINT('',(2.252237474048,4.308939167547E-02,
    0.345357068254));
#415 = CARTESIAN_POINT('',(2.25,2.189707437304E-02,0.326630902667));
#416 = CARTESIAN_POINT('',(2.25,2.22044604925E-16,0.308712152522));
#417 = ORIENTED_EDGE('',*,*,#266,.F.);
#418 = ORIENTED_EDGE('',*,*,#157,.T.);
#419 = ORIENTED_EDGE('',*,*,#257,.F.);
#420 = SPHERICAL_SURFACE('',#421,3.125);
#421 = AXIS2_PLACEMENT_3D('',#422,#423,#424);
#422 = CARTESIAN_POINT('',(1.25,-1.875,2.6));
#423 = DIRECTION('',(0.,-1.,0.));
#424 = DIRECTION('',(-1.,0.,0.));
#425 = ADVANCED_FACE('',(#426),#447,.T.);
#426 = FACE_BOUND('',#427,.T.);
#427 = EDGE_LOOP('',(#428,#436,#437,#438,#439,#440));
#428 = ORIENTED_EDGE('',*,*,#429,.T.);
#429 = EDGE_CURVE('',#430,#359,#432,.T.);
#430 = VERTEX_POINT('',#431);
#431 = CARTESIAN_POINT('',(2.5,0.25,-2.));
#432 = LINE('',#433,#434);
#433 = CARTESIAN_POINT('',(2.5,0.25,-2.));
#434 = VECTOR('',#435,1.);
#435 = DIRECTION('',(0.,0.,1.));
#436 = ORIENTED_EDGE('',*,*,#358,.F.);
#437 = ORIENTED_EDGE('',*,*,#275,.F.);
#438 = ORIENTED_EDGE('',*,*,#395,.F.);
#439 = ORIENTED_EDGE('',*,*,#429,.F.);
#440 = ORIENTED_EDGE('',*,*,#441,.T.);
#441 = EDGE_CURVE('',#430,#430,#442,.T.);
#442 = CIRCLE('',#443,0.25);
#443 = AXIS2_PLACEMENT_3D('',#444,#445,#446);
#444 = CARTESIAN_POINT('',(2.5,0.,-2.));
#445 = DIRECTION('',(0.,-0.,1.));
#446 = DIRECTION('',(1.144237745222E-17,1.,0.));
#447 = CYLINDRICAL_SURFACE('',#448,0.25);
#448 = AXIS2_PLACEMENT_3D('',#449,#450,#451);
#449 = CARTESIAN_POINT('',(2.5,0.,-2.));
#450 = DIRECTION('',(0.,-0.,-1.));
#451 = DIRECTION('',(1.144237745222E-17,1.,0.));
#452 = ADVANCED_FACE('',(#453),#456,.T.);
#453 = FACE_BOUND('',#454,.F.);
#454 = EDGE_LOOP('',(#455));
#455 = ORIENTED_EDGE('',*,*,#441,.T.);
#456 = PLANE('',#457);
#457 = AXIS2_PLACEMENT_3D('',#458,#459,#460);
#458 = CARTESIAN_POINT('',(2.5,0.25,-2.));
#459 = DIRECTION('',(-0.,0.,-1.));
#460 = DIRECTION('',(-1.144237745222E-17,-1.,0.));
#461 = ( GEOMETRIC_REPRESENTATION_CONTEXT(3) 
GLOBAL_UNCERTAINTY_ASSIGNED_CONTEXT((#465)) GLOBAL_UNIT_ASSIGNED_CONTEXT
((#462,#463,#464)) REPRESENTATION_CONTEXT('Context #1',
  '3D Context with UNIT and UNCERTAINTY') );
#462 = ( LENGTH_UNIT() NAMED_UNIT(*) SI_UNIT(.MILLI.,.METRE.) );
#463 = ( NAMED_UNIT(*) PLANE_ANGLE_UNIT() SI_UNIT($,.RADIAN.) );
#464 = ( NAMED_UNIT(*) SI_UNIT($,.STERADIAN.) SOLID_ANGLE_UNIT() );
#465 = UNCERTAINTY_MEASURE_WITH_UNIT(LENGTH_MEASURE(2.E-07),#462,
  'distance_accuracy_value','confusion accuracy');
#466 = CONTEXT_DEPENDENT_SHAPE_REPRESENTATION(#467,#469);
#467 = ( REPRESENTATION_RELATIONSHIP('','',#88,#10) 
REPRESENTATION_RELATIONSHIP_WITH_TRANSFORMATION(#468) 
SHAPE_REPRESENTATION_RELATIONSHIP() );
#468 = ITEM_DEFINED_TRANSFORMATION('','',#11,#15);
#469 = PRODUCT_DEFINITION_SHAPE('Placement','Placement of an item',#470
  );
#470 = NEXT_ASSEMBLY_USAGE_OCCURRENCE('1','C9','',#5,#83,$);
#471 = PRODUCT_RELATED_PRODUCT_CATEGORY('part',$,(#85));
#472 = CONTEXT_DEPENDENT_SHAPE_REPRESENTATION(#473,#475);
#473 = ( REPRESENTATION_RELATIONSHIP('','',#88,#10) 
REPRESENTATION_RELATIONSHIP_WITH_TRANSFORMATION(#474) 
SHAPE_REPRESENTATION_RELATIONSHIP() );
#474 = ITEM_DEFINED_TRANSFORMATION('','',#11,#19);
#475 = PRODUCT_DEFINITION_SHAPE('Placement','Placement of an item',#476
  );
#476 = NEXT_ASSEMBLY_USAGE_OCCURRENCE('2','C4','',#5,#83,$);
#477 = CONTEXT_DEPENDENT_SHAPE_REPRESENTATION(#478,#480);
#478 = ( REPRESENTATION_RELATIONSHIP('','',#88,#10) 
REPRESENTATION_RELATIONSHIP_WITH_TRANSFORMATION(#479) 
SHAPE_REPRESENTATION_RELATIONSHIP() );
#479 = ITEM_DEFINED_TRANSFORMATION('','',#11,#23);
#480 = PRODUCT_DEFINITION_SHAPE('Placement','Placement of an item',#481
  );
#481 = NEXT_ASSEMBLY_USAGE_OCCURRENCE('3','C8','',#5,#83,$);
#482 = SHAPE_DEFINITION_REPRESENTATION(#483,#489);
#483 = PRODUCT_DEFINITION_SHAPE('','',#484);
#484 = PRODUCT_DEFINITION('design','',#485,#488);
#485 = PRODUCT_DEFINITION_FORMATION('','',#486);
#486 = PRODUCT('R_Axial_DIN0207_L6.3mm_D2.5mm_P10.16mm_Horizontal',
  'R_Axial_DIN0207_L6.3mm_D2.5mm_P10.16mm_Horizontal','',(#487));
#487 = PRODUCT_CONTEXT('',#2,'mechanical');
#488 = PRODUCT_DEFINITION_CONTEXT('part definition',#2,'design');
#489 = ADVANCED_BREP_SHAPE_REPRESENTATION('',(#11,#490),#877);
#490 = MANIFOLD_SOLID_BREP('',#491);
#491 = CLOSED_SHELL('',(#492,#525,#551,#571,#591,#616,#641,#661,#687,
    #712,#737,#763,#772,#792,#817,#843,#868));
#492 = ADVANCED_FACE('',(#493),#520,.T.);
#493 = FACE_BOUND('',#494,.T.);
#494 = EDGE_LOOP('',(#495,#504,#512,#519));
#495 = ORIENTED_EDGE('',*,*,#496,.T.);
#496 = EDGE_CURVE('',#497,#497,#499,.T.);
#497 = VERTEX_POINT('',#498);
#498 = CARTESIAN_POINT('',(2.555,1.25,1.25));
#499 = CIRCLE('',#500,1.25);
#500 = AXIS2_PLACEMENT_3D('',#501,#502,#503);
#501 = CARTESIAN_POINT('',(2.555,0.,1.25));
#502 = DIRECTION('',(1.,0.,0.));
#503 = DIRECTION('',(-0.,1.,0.));
#504 = ORIENTED_EDGE('',*,*,#505,.T.);
#505 = EDGE_CURVE('',#497,#506,#508,.T.);
#506 = VERTEX_POINT('',#507);
#507 = CARTESIAN_POINT('',(3.505,1.25,1.25));
#508 = LINE('',#509,#510);
#509 = CARTESIAN_POINT('',(1.93,1.25,1.25));
#510 = VECTOR('',#511,1.);
#511 = DIRECTION('',(1.,0.,0.));
#512 = ORIENTED_EDGE('',*,*,#513,.F.);
#513 = EDGE_CURVE('',#506,#506,#514,.T.);
#514 = CIRCLE('',#515,1.25);
#515 = AXIS2_PLACEMENT_3D('',#516,#517,#518);
#516 = CARTESIAN_POINT('',(3.505,0.,1.25));
#517 = DIRECTION('',(1.,0.,0.));
#518 = DIRECTION('',(-0.,1.,0.));
#519 = ORIENTED_EDGE('',*,*,#505,.F.);
#520 = CYLINDRICAL_SURFACE('',#521,1.25);
#521 = AXIS2_PLACEMENT_3D('',#522,#523,#524);
#522 = CARTESIAN_POINT('',(1.93,0.,1.25));
#523 = DIRECTION('',(-1.,-0.,-0.));
#524 = DIRECTION('',(0.,1.,0.));
#525 = ADVANCED_FACE('',(#526),#546,.T.);
#526 = FACE_BOUND('',#527,.T.);
#527 = EDGE_LOOP('',(#528,#537,#544,#545));
#528 = ORIENTED_EDGE('',*,*,#529,.T.);
#529 = EDGE_CURVE('',#530,#530,#532,.T.);
#530 = VERTEX_POINT('',#531);
#531 = CARTESIAN_POINT('',(1.93,0.625,1.25));
#532 = CIRCLE('',#533,0.625);
#533 = AXIS2_PLACEMENT_3D('',#534,#535,#536);
#534 = CARTESIAN_POINT('',(1.93,0.,1.25));
#535 = DIRECTION('',(1.,0.,0.));
#536 = DIRECTION('',(-0.,1.,0.));
#537 = ORIENTED_EDGE('',*,*,#538,.F.);
#538 = EDGE_CURVE('',#497,#530,#539,.T.);
#539 = CIRCLE('',#540,0.625);
#540 = AXIS2_PLACEMENT_3D('',#541,#542,#543);
#541 = CARTESIAN_POINT('',(2.555,0.625,1.25));
#542 = DIRECTION('',(0.,-0.,1.));
#543 = DIRECTION('',(0.,1.,0.));
#544 = ORIENTED_EDGE('',*,*,#496,.F.);
#545 = ORIENTED_EDGE('',*,*,#538,.T.);
#546 = TOROIDAL_SURFACE('',#547,0.625,0.625);
#547 = AXIS2_PLACEMENT_3D('',#548,#549,#550);
#548 = CARTESIAN_POINT('',(2.555,0.,1.25));
#549 = DIRECTION('',(-1.,0.,0.));
#550 = DIRECTION('',(0.,1.,0.));
#551 = ADVANCED_FACE('',(#552,#555),#566,.F.);
#552 = FACE_BOUND('',#553,.F.);
#553 = EDGE_LOOP('',(#554));
#554 = ORIENTED_EDGE('',*,*,#513,.F.);
#555 = FACE_BOUND('',#556,.F.);
#556 = EDGE_LOOP('',(#557));
#557 = ORIENTED_EDGE('',*,*,#558,.F.);
#558 = EDGE_CURVE('',#559,#559,#561,.T.);
#559 = VERTEX_POINT('',#560);
#560 = CARTESIAN_POINT('',(3.505,1.125,1.25));
#561 = CIRCLE('',#562,1.125);
#562 = AXIS2_PLACEMENT_3D('',#563,#564,#565);
#563 = CARTESIAN_POINT('',(3.505,0.,1.25));
#564 = DIRECTION('',(-1.,0.,0.));
#565 = DIRECTION('',(0.,1.,0.));
#566 = PLANE('',#567);
#567 = AXIS2_PLACEMENT_3D('',#568,#569,#570);
#568 = CARTESIAN_POINT('',(3.505,1.25,1.25));
#569 = DIRECTION('',(-1.,0.,0.));
#570 = DIRECTION('',(0.,0.,-1.));
#571 = ADVANCED_FACE('',(#572,#575),#586,.T.);
#572 = FACE_BOUND('',#573,.T.);
#573 = EDGE_LOOP('',(#574));
#574 = ORIENTED_EDGE('',*,*,#529,.F.);
#575 = FACE_BOUND('',#576,.T.);
#576 = EDGE_LOOP('',(#577));
#577 = ORIENTED_EDGE('',*,*,#578,.T.);
#578 = EDGE_CURVE('',#579,#579,#581,.T.);
#579 = VERTEX_POINT('',#580);
#580 = CARTESIAN_POINT('',(1.93,0.,0.95));
#581 = CIRCLE('',#582,0.3);
#582 = AXIS2_PLACEMENT_3D('',#583,#584,#585);
#583 = CARTESIAN_POINT('',(1.93,0.,1.25));
#584 = DIRECTION('',(1.,-0.,0.));
#585 = DIRECTION('',(0.,0.,-1.));
#586 = PLANE('',#587);
#587 = AXIS2_PLACEMENT_3D('',#588,#589,#590);
#588 = CARTESIAN_POINT('',(1.93,1.25,1.25));
#589 = DIRECTION('',(-1.,0.,0.));
#590 = DIRECTION('',(0.,0.,-1.));
#591 = ADVANCED_FACE('',(#592),#611,.T.);
#592 = FACE_BOUND('',#593,.T.);
#593 = EDGE_LOOP('',(#594,#603,#609,#610));
#594 = ORIENTED_EDGE('',*,*,#595,.T.);
#595 = EDGE_CURVE('',#596,#596,#598,.T.);
#596 = VERTEX_POINT('',#597);
#597 = CARTESIAN_POINT('',(6.655,1.125,1.25));
#598 = CIRCLE('',#599,1.125);
#599 = AXIS2_PLACEMENT_3D('',#600,#601,#602);
#600 = CARTESIAN_POINT('',(6.655,0.,1.25));
#601 = DIRECTION('',(-1.,0.,0.));
#602 = DIRECTION('',(0.,1.,0.));
#603 = ORIENTED_EDGE('',*,*,#604,.F.);
#604 = EDGE_CURVE('',#559,#596,#605,.T.);
#605 = LINE('',#606,#607);
#606 = CARTESIAN_POINT('',(1.93,1.125,1.25));
#607 = VECTOR('',#608,1.);
#608 = DIRECTION('',(1.,0.,0.));
#609 = ORIENTED_EDGE('',*,*,#558,.F.);
#610 = ORIENTED_EDGE('',*,*,#604,.T.);
#611 = CYLINDRICAL_SURFACE('',#612,1.125);
#612 = AXIS2_PLACEMENT_3D('',#613,#614,#615);
#613 = CARTESIAN_POINT('',(1.93,0.,1.25));
#614 = DIRECTION('',(-1.,-0.,-0.));
#615 = DIRECTION('',(0.,1.,0.));
#616 = ADVANCED_FACE('',(#617),#636,.T.);
#617 = FACE_BOUND('',#618,.T.);
#618 = EDGE_LOOP('',(#619,#628,#634,#635));
#619 = ORIENTED_EDGE('',*,*,#620,.F.);
#620 = EDGE_CURVE('',#621,#621,#623,.T.);
#621 = VERTEX_POINT('',#622);
#622 = CARTESIAN_POINT('',(0.9,0.,0.95));
#623 = CIRCLE('',#624,0.3);
#624 = AXIS2_PLACEMENT_3D('',#625,#626,#627);
#625 = CARTESIAN_POINT('',(0.9,0.,1.25));
#626 = DIRECTION('',(-1.,0.,-1.188909441847E-17));
#627 = DIRECTION('',(-1.188909441847E-17,0.,1.));
#628 = ORIENTED_EDGE('',*,*,#629,.T.);
#629 = EDGE_CURVE('',#621,#579,#630,.T.);
#630 = LINE('',#631,#632);
#631 = CARTESIAN_POINT('',(0.9,0.,0.95));
#632 = VECTOR('',#633,1.);
#633 = DIRECTION('',(1.,0.,0.));
#634 = ORIENTED_EDGE('',*,*,#578,.F.);
#635 = ORIENTED_EDGE('',*,*,#629,.F.);
#636 = CYLINDRICAL_SURFACE('',#637,0.3);
#637 = AXIS2_PLACEMENT_3D('',#638,#639,#640);
#638 = CARTESIAN_POINT('',(0.9,0.,1.25));
#639 = DIRECTION('',(1.,0.,0.));
#640 = DIRECTION('',(0.,0.,-1.));
#641 = ADVANCED_FACE('',(#642,#653),#656,.T.);
#642 = FACE_BOUND('',#643,.T.);
#643 = EDGE_LOOP('',(#644));
#644 = ORIENTED_EDGE('',*,*,#645,.F.);
#645 = EDGE_CURVE('',#646,#646,#648,.T.);
#646 = VERTEX_POINT('',#647);
#647 = CARTESIAN_POINT('',(6.655,1.25,1.25));
#648 = CIRCLE('',#649,1.25);
#649 = AXIS2_PLACEMENT_3D('',#650,#651,#652);
#650 = CARTESIAN_POINT('',(6.655,0.,1.25));
#651 = DIRECTION('',(1.,0.,0.));
#652 = DIRECTION('',(-0.,1.,0.));
#653 = FACE_BOUND('',#654,.T.);
#654 = EDGE_LOOP('',(#655));
#655 = ORIENTED_EDGE('',*,*,#595,.F.);
#656 = PLANE('',#657);
#657 = AXIS2_PLACEMENT_3D('',#658,#659,#660);
#658 = CARTESIAN_POINT('',(6.655,1.25,1.25));
#659 = DIRECTION('',(-1.,0.,0.));
#660 = DIRECTION('',(0.,0.,-1.));
#661 = ADVANCED_FACE('',(#662),#682,.T.);
#662 = FACE_BOUND('',#663,.T.);
#663 = EDGE_LOOP('',(#664,#673,#674,#675));
#664 = ORIENTED_EDGE('',*,*,#665,.T.);
#665 = EDGE_CURVE('',#666,#621,#668,.T.);
#666 = VERTEX_POINT('',#667);
#667 = CARTESIAN_POINT('',(0.3,0.,0.35));
#668 = CIRCLE('',#669,0.6);
#669 = AXIS2_PLACEMENT_3D('',#670,#671,#672);
#670 = CARTESIAN_POINT('',(0.9,1.102182119233E-16,0.35));
#671 = DIRECTION('',(0.,1.,-0.));
#672 = DIRECTION('',(-1.,0.,4.93432455389E-16));
#673 = ORIENTED_EDGE('',*,*,#620,.T.);
#674 = ORIENTED_EDGE('',*,*,#665,.F.);
#675 = ORIENTED_EDGE('',*,*,#676,.T.);
#676 = EDGE_CURVE('',#666,#666,#677,.T.);
#677 = CIRCLE('',#678,0.3);
#678 = AXIS2_PLACEMENT_3D('',#679,#680,#681);
#679 = CARTESIAN_POINT('',(0.,0.,0.35));
#680 = DIRECTION('',(0.,0.,1.));
#681 = DIRECTION('',(1.,0.,-0.));
#682 = TOROIDAL_SURFACE('',#683,0.9,0.3);
#683 = AXIS2_PLACEMENT_3D('',#684,#685,#686);
#684 = CARTESIAN_POINT('',(0.9,0.,0.35));
#685 = DIRECTION('',(0.,1.,0.));
#686 = DIRECTION('',(-1.,0.,4.93432455389E-16));
#687 = ADVANCED_FACE('',(#688),#707,.T.);
#688 = FACE_BOUND('',#689,.T.);
#689 = EDGE_LOOP('',(#690,#691,#699,#706));
#690 = ORIENTED_EDGE('',*,*,#645,.T.);
#691 = ORIENTED_EDGE('',*,*,#692,.T.);
#692 = EDGE_CURVE('',#646,#693,#695,.T.);
#693 = VERTEX_POINT('',#694);
#694 = CARTESIAN_POINT('',(7.605,1.25,1.25));
#695 = LINE('',#696,#697);
#696 = CARTESIAN_POINT('',(6.655,1.25,1.25));
#697 = VECTOR('',#698,1.);
#698 = DIRECTION('',(1.,0.,0.));
#699 = ORIENTED_EDGE('',*,*,#700,.F.);
#700 = EDGE_CURVE('',#693,#693,#701,.T.);
#701 = CIRCLE('',#702,1.25);
#702 = AXIS2_PLACEMENT_3D('',#703,#704,#705);
#703 = CARTESIAN_POINT('',(7.605,0.,1.25));
#704 = DIRECTION('',(1.,0.,0.));
#705 = DIRECTION('',(-0.,1.,0.));
#706 = ORIENTED_EDGE('',*,*,#692,.F.);
#707 = CYLINDRICAL_SURFACE('',#708,1.25);
#708 = AXIS2_PLACEMENT_3D('',#709,#710,#711);
#709 = CARTESIAN_POINT('',(6.655,0.,1.25));
#710 = DIRECTION('',(-1.,-0.,-0.));
#711 = DIRECTION('',(0.,1.,0.));
#712 = ADVANCED_FACE('',(#713),#732,.T.);
#713 = FACE_BOUND('',#714,.T.);
#714 = EDGE_LOOP('',(#715,#723,#724,#725));
#715 = ORIENTED_EDGE('',*,*,#716,.T.);
#716 = EDGE_CURVE('',#717,#666,#719,.T.);
#717 = VERTEX_POINT('',#718);
#718 = CARTESIAN_POINT('',(0.3,-7.347880794884E-17,-3.));
#719 = LINE('',#720,#721);
#720 = CARTESIAN_POINT('',(0.3,0.,-3.));
#721 = VECTOR('',#722,1.);
#722 = DIRECTION('',(0.,0.,1.));
#723 = ORIENTED_EDGE('',*,*,#676,.F.);
#724 = ORIENTED_EDGE('',*,*,#716,.F.);
#725 = ORIENTED_EDGE('',*,*,#726,.T.);
#726 = EDGE_CURVE('',#717,#717,#727,.T.);
#727 = CIRCLE('',#728,0.3);
#728 = AXIS2_PLACEMENT_3D('',#729,#730,#731);
#729 = CARTESIAN_POINT('',(0.,0.,-3.));
#730 = DIRECTION('',(0.,0.,1.));
#731 = DIRECTION('',(1.,0.,-0.));
#732 = CYLINDRICAL_SURFACE('',#733,0.3);
#733 = AXIS2_PLACEMENT_3D('',#734,#735,#736);
#734 = CARTESIAN_POINT('',(0.,0.,-3.));
#735 = DIRECTION('',(0.,0.,1.));
#736 = DIRECTION('',(1.,0.,-0.));
#737 = ADVANCED_FACE('',(#738),#758,.T.);
#738 = FACE_BOUND('',#739,.T.);
#739 = EDGE_LOOP('',(#740,#749,#750,#751));
#740 = ORIENTED_EDGE('',*,*,#741,.F.);
#741 = EDGE_CURVE('',#693,#742,#744,.T.);
#742 = VERTEX_POINT('',#743);
#743 = CARTESIAN_POINT('',(8.23,0.625,1.25));
#744 = CIRCLE('',#745,0.625);
#745 = AXIS2_PLACEMENT_3D('',#746,#747,#748);
#746 = CARTESIAN_POINT('',(7.605,0.625,1.25));
#747 = DIRECTION('',(0.,0.,-1.));
#748 = DIRECTION('',(0.,1.,0.));
#749 = ORIENTED_EDGE('',*,*,#700,.T.);
#750 = ORIENTED_EDGE('',*,*,#741,.T.);
#751 = ORIENTED_EDGE('',*,*,#752,.F.);
#752 = EDGE_CURVE('',#742,#742,#753,.T.);
#753 = CIRCLE('',#754,0.625);
#754 = AXIS2_PLACEMENT_3D('',#755,#756,#757);
#755 = CARTESIAN_POINT('',(8.23,0.,1.25));
#756 = DIRECTION('',(1.,0.,0.));
#757 = DIRECTION('',(-0.,1.,0.));
#758 = TOROIDAL_SURFACE('',#759,0.625,0.625);
#759 = AXIS2_PLACEMENT_3D('',#760,#761,#762);
#760 = CARTESIAN_POINT('',(7.605,0.,1.25));
#761 = DIRECTION('',(1.,0.,0.));
#762 = DIRECTION('',(-0.,1.,0.));
#763 = ADVANCED_FACE('',(#764),#767,.T.);
#764 = FACE_BOUND('',#765,.F.);
#765 = EDGE_LOOP('',(#766));
#766 = ORIENTED_EDGE('',*,*,#726,.T.);
#767 = PLANE('',#768);
#768 = AXIS2_PLACEMENT_3D('',#769,#770,#771);
#769 = CARTESIAN_POINT('',(0.3,0.,-3.));
#770 = DIRECTION('',(0.,0.,-1.));
#771 = DIRECTION('',(-1.,0.,0.));
#772 = ADVANCED_FACE('',(#773,#776),#787,.F.);
#773 = FACE_BOUND('',#774,.F.);
#774 = EDGE_LOOP('',(#775));
#775 = ORIENTED_EDGE('',*,*,#752,.F.);
#776 = FACE_BOUND('',#777,.F.);
#777 = EDGE_LOOP('',(#778));
#778 = ORIENTED_EDGE('',*,*,#779,.T.);
#779 = EDGE_CURVE('',#780,#780,#782,.T.);
#780 = VERTEX_POINT('',#781);
#781 = CARTESIAN_POINT('',(8.23,0.,0.95));
#782 = CIRCLE('',#783,0.3);
#783 = AXIS2_PLACEMENT_3D('',#784,#785,#786);
#784 = CARTESIAN_POINT('',(8.23,0.,1.25));
#785 = DIRECTION('',(1.,-0.,0.));
#786 = DIRECTION('',(0.,0.,-1.));
#787 = PLANE('',#788);
#788 = AXIS2_PLACEMENT_3D('',#789,#790,#791);
#789 = CARTESIAN_POINT('',(8.23,1.25,1.25));
#790 = DIRECTION('',(-1.,0.,0.));
#791 = DIRECTION('',(0.,0.,-1.));
#792 = ADVANCED_FACE('',(#793),#812,.T.);
#793 = FACE_BOUND('',#794,.T.);
#794 = EDGE_LOOP('',(#795,#796,#804,#811));
#795 = ORIENTED_EDGE('',*,*,#779,.T.);
#796 = ORIENTED_EDGE('',*,*,#797,.T.);
#797 = EDGE_CURVE('',#780,#798,#800,.T.);
#798 = VERTEX_POINT('',#799);
#799 = CARTESIAN_POINT('',(9.26,0.,0.95));
#800 = LINE('',#801,#802);
#801 = CARTESIAN_POINT('',(0.9,0.,0.95));
#802 = VECTOR('',#803,1.);
#803 = DIRECTION('',(1.,0.,0.));
#804 = ORIENTED_EDGE('',*,*,#805,.F.);
#805 = EDGE_CURVE('',#798,#798,#806,.T.);
#806 = CIRCLE('',#807,0.3);
#807 = AXIS2_PLACEMENT_3D('',#808,#809,#810);
#808 = CARTESIAN_POINT('',(9.26,0.,1.25));
#809 = DIRECTION('',(1.,-0.,0.));
#810 = DIRECTION('',(0.,0.,-1.));
#811 = ORIENTED_EDGE('',*,*,#797,.F.);
#812 = CYLINDRICAL_SURFACE('',#813,0.3);
#813 = AXIS2_PLACEMENT_3D('',#814,#815,#816);
#814 = CARTESIAN_POINT('',(0.9,0.,1.25));
#815 = DIRECTION('',(1.,0.,0.));
#816 = DIRECTION('',(0.,0.,-1.));
#817 = ADVANCED_FACE('',(#818),#838,.T.);
#818 = FACE_BOUND('',#819,.T.);
#819 = EDGE_LOOP('',(#820,#829,#836,#837));
#820 = ORIENTED_EDGE('',*,*,#821,.T.);
#821 = EDGE_CURVE('',#798,#822,#824,.T.);
#822 = VERTEX_POINT('',#823);
#823 = CARTESIAN_POINT('',(9.86,0.,0.35));
#824 = CIRCLE('',#825,0.6);
#825 = AXIS2_PLACEMENT_3D('',#826,#827,#828);
#826 = CARTESIAN_POINT('',(9.26,1.102182119233E-16,0.35));
#827 = DIRECTION('',(0.,1.,0.));
#828 = DIRECTION('',(0.,-0.,1.));
#829 = ORIENTED_EDGE('',*,*,#830,.T.);
#830 = EDGE_CURVE('',#822,#822,#831,.T.);
#831 = CIRCLE('',#832,0.3);
#832 = AXIS2_PLACEMENT_3D('',#833,#834,#835);
#833 = CARTESIAN_POINT('',(10.16,0.,0.35));
#834 = DIRECTION('',(-5.053215498074E-16,0.,1.));
#835 = DIRECTION('',(1.,0.,5.053215498074E-16));
#836 = ORIENTED_EDGE('',*,*,#821,.F.);
#837 = ORIENTED_EDGE('',*,*,#805,.T.);
#838 = TOROIDAL_SURFACE('',#839,0.9,0.3);
#839 = AXIS2_PLACEMENT_3D('',#840,#841,#842);
#840 = CARTESIAN_POINT('',(9.26,0.,0.35));
#841 = DIRECTION('',(0.,1.,0.));
#842 = DIRECTION('',(0.,-0.,1.));
#843 = ADVANCED_FACE('',(#844),#863,.T.);
#844 = FACE_BOUND('',#845,.T.);
#845 = EDGE_LOOP('',(#846,#854,#861,#862));
#846 = ORIENTED_EDGE('',*,*,#847,.T.);
#847 = EDGE_CURVE('',#822,#848,#850,.T.);
#848 = VERTEX_POINT('',#849);
#849 = CARTESIAN_POINT('',(9.86,-7.347880794884E-17,-3.));
#850 = LINE('',#851,#852);
#851 = CARTESIAN_POINT('',(9.86,0.,0.35));
#852 = VECTOR('',#853,1.);
#853 = DIRECTION('',(0.,0.,-1.));
#854 = ORIENTED_EDGE('',*,*,#855,.F.);
#855 = EDGE_CURVE('',#848,#848,#856,.T.);
#856 = CIRCLE('',#857,0.3);
#857 = AXIS2_PLACEMENT_3D('',#858,#859,#860);
#858 = CARTESIAN_POINT('',(10.16,0.,-3.));
#859 = DIRECTION('',(0.,0.,-1.));
#860 = DIRECTION('',(-1.,0.,0.));
#861 = ORIENTED_EDGE('',*,*,#847,.F.);
#862 = ORIENTED_EDGE('',*,*,#830,.F.);
#863 = CYLINDRICAL_SURFACE('',#864,0.3);
#864 = AXIS2_PLACEMENT_3D('',#865,#866,#867);
#865 = CARTESIAN_POINT('',(10.16,0.,0.35));
#866 = DIRECTION('',(0.,0.,-1.));
#867 = DIRECTION('',(-1.,0.,0.));
#868 = ADVANCED_FACE('',(#869),#872,.F.);
#869 = FACE_BOUND('',#870,.T.);
#870 = EDGE_LOOP('',(#871));
#871 = ORIENTED_EDGE('',*,*,#855,.T.);
#872 = PLANE('',#873);
#873 = AXIS2_PLACEMENT_3D('',#874,#875,#876);
#874 = CARTESIAN_POINT('',(9.86,0.,-3.));
#875 = DIRECTION('',(0.,0.,1.));
#876 = DIRECTION('',(1.,0.,-0.));
#877 = ( GEOMETRIC_REPRESENTATION_CONTEXT(3) 
GLOBAL_UNCERTAINTY_ASSIGNED_CONTEXT((#881)) GLOBAL_UNIT_ASSIGNED_CONTEXT
((#878,#879,#880)) REPRESENTATION_CONTEXT('Context #1',
  '3D Context with UNIT and UNCERTAINTY') );
#878 = ( LENGTH_UNIT() NAMED_UNIT(*) SI_UNIT(.MILLI.,.METRE.) );
#879 = ( NAMED_UNIT(*) PLANE_ANGLE_UNIT() SI_UNIT($,.RADIAN.) );
#880 = ( NAMED_UNIT(*) SI_UNIT($,.STERADIAN.) SOLID_ANGLE_UNIT() );
#881 = UNCERTAINTY_MEASURE_WITH_UNIT(LENGTH_MEASURE(1.E-07),#878,
  'distance_accuracy_value','confusion accuracy');
#882 = CONTEXT_DEPENDENT_SHAPE_REPRESENTATION(#883,#885);
#883 = ( REPRESENTATION_RELATIONSHIP('','',#489,#10) 
REPRESENTATION_RELATIONSHIP_WITH_TRANSFORMATION(#884) 
SHAPE_REPRESENTATION_RELATIONSHIP() );
#884 = ITEM_DEFINED_TRANSFORMATION('','',#11,#27);
#885 = PRODUCT_DEFINITION_SHAPE('Placement','Placement of an item',#886
  );
#886 = NEXT_ASSEMBLY_USAGE_OCCURRENCE('4','R1','',#5,#484,$);
#887 = PRODUCT_RELATED_PRODUCT_CATEGORY('part',$,(#486));
#888 = CONTEXT_DEPENDENT_SHAPE_REPRESENTATION(#889,#891);
#889 = ( REPRESENTATION_RELATIONSHIP('','',#88,#10) 
REPRESENTATION_RELATIONSHIP_WITH_TRANSFORMATION(#890) 
SHAPE_REPRESENTATION_RELATIONSHIP() );
#890 = ITEM_DEFINED_TRANSFORMATION('','',#11,#31);
#891 = PRODUCT_DEFINITION_SHAPE('Placement','Placement of an item',#892
  );
#892 = NEXT_ASSEMBLY_USAGE_OCCURRENCE('5','C2','',#5,#83,$);
#893 = CONTEXT_DEPENDENT_SHAPE_REPRESENTATION(#894,#896);
#894 = ( REPRESENTATION_RELATIONSHIP('','',#88,#10) 
REPRESENTATION_RELATIONSHIP_WITH_TRANSFORMATION(#895) 
SHAPE_REPRESENTATION_RELATIONSHIP() );
#895 = ITEM_DEFINED_TRANSFORMATION('','',#11,#35);
#896 = PRODUCT_DEFINITION_SHAPE('Placement','Placement of an item',#897
  );
#897 = NEXT_ASSEMBLY_USAGE_OCCURRENCE('6','C5','',#5,#83,$);
#898 = CONTEXT_DEPENDENT_SHAPE_REPRESENTATION(#899,#901);
#899 = ( REPRESENTATION_RELATIONSHIP('','',#88,#10) 
REPRESENTATION_RELATIONSHIP_WITH_TRANSFORMATION(#900) 
SHAPE_REPRESENTATION_RELATIONSHIP() );
#900 = ITEM_DEFINED_TRANSFORMATION('','',#11,#39);
#901 = PRODUCT_DEFINITION_SHAPE('Placement','Placement of an item',#902
  );
#902 = NEXT_ASSEMBLY_USAGE_OCCURRENCE('7','C3','',#5,#83,$);
#903 = CONTEXT_DEPENDENT_SHAPE_REPRESENTATION(#904,#906);
#904 = ( REPRESENTATION_RELATIONSHIP('','',#88,#10) 
REPRESENTATION_RELATIONSHIP_WITH_TRANSFORMATION(#905) 
SHAPE_REPRESENTATION_RELATIONSHIP() );
#905 = ITEM_DEFINED_TRANSFORMATION('','',#11,#43);
#906 = PRODUCT_DEFINITION_SHAPE('Placement','Placement of an item',#907
  );
#907 = NEXT_ASSEMBLY_USAGE_OCCURRENCE('8','C7','',#5,#83,$);
#908 = SHAPE_DEFINITION_REPRESENTATION(#909,#915);
#909 = PRODUCT_DEFINITION_SHAPE('','',#910);
#910 = PRODUCT_DEFINITION('design','',#911,#914);
#911 = PRODUCT_DEFINITION_FORMATION('','',#912);
#912 = PRODUCT('CP_Radial_D6.3mm_P2.50mm','CP_Radial_D6.3mm_P2.50mm','',
  (#913));
#913 = PRODUCT_CONTEXT('',#2,'mechanical');
#914 = PRODUCT_DEFINITION_CONTEXT('part definition',#2,'design');
#915 = ADVANCED_BREP_SHAPE_REPRESENTATION('',(#11,#916),#2740);
#916 = BREP_WITH_VOIDS('',#917,(#2618));
#917 = CLOSED_SHELL('',(#918,#935,#960,#1009,#1042,#1060,#1085,#1117,
    #1135,#1144,#1182,#1204,#1267,#1295,#1473,#1539,#1608,#1640,#1818,
    #1884,#1916,#2026,#2060,#2078,#2094,#2126,#2144,#2287,#2339,#2363,
    #2387,#2411,#2473,#2490,#2514,#2530,#2554,#2566,#2582,#2594,#2606));
#918 = ADVANCED_FACE('',(#919),#930,.F.);
#919 = FACE_BOUND('',#920,.F.);
#920 = EDGE_LOOP('',(#921));
#921 = ORIENTED_EDGE('',*,*,#922,.T.);
#922 = EDGE_CURVE('',#923,#923,#925,.T.);
#923 = VERTEX_POINT('',#924);
#924 = CARTESIAN_POINT('',(2.25,-1.224646799147E-16,-1.9));
#925 = CIRCLE('',#926,0.25);
#926 = AXIS2_PLACEMENT_3D('',#927,#928,#929);
#927 = CARTESIAN_POINT('',(2.5,-1.530808498934E-16,-1.9));
#928 = DIRECTION('',(0.,0.,1.));
#929 = DIRECTION('',(-1.,1.224646799147E-16,0.));
#930 = PLANE('',#931);
#931 = AXIS2_PLACEMENT_3D('',#932,#933,#934);
#932 = CARTESIAN_POINT('',(2.5,-1.749248380069E-16,-1.9));
#933 = DIRECTION('',(4.108650548026E-33,4.08046586736E-33,1.));
#934 = DIRECTION('',(-1.,1.224646799147E-16,4.108650548026E-33));
#935 = ADVANCED_FACE('',(#936),#955,.T.);
#936 = FACE_BOUND('',#937,.T.);
#937 = EDGE_LOOP('',(#938,#947,#953,#954));
#938 = ORIENTED_EDGE('',*,*,#939,.F.);
#939 = EDGE_CURVE('',#940,#940,#942,.T.);
#940 = VERTEX_POINT('',#941);
#941 = CARTESIAN_POINT('',(2.25,-1.224646799147E-16,0.2));
#942 = CIRCLE('',#943,0.25);
#943 = AXIS2_PLACEMENT_3D('',#944,#945,#946);
#944 = CARTESIAN_POINT('',(2.5,-1.530808498934E-16,0.2));
#945 = DIRECTION('',(0.,0.,1.));
#946 = DIRECTION('',(-1.,1.224646799147E-16,0.));
#947 = ORIENTED_EDGE('',*,*,#948,.T.);
#948 = EDGE_CURVE('',#940,#923,#949,.T.);
#949 = LINE('',#950,#951);
#950 = CARTESIAN_POINT('',(2.25,-1.224646799147E-16,0.3));
#951 = VECTOR('',#952,1.);
#952 = DIRECTION('',(0.,0.,-1.));
#953 = ORIENTED_EDGE('',*,*,#922,.T.);
#954 = ORIENTED_EDGE('',*,*,#948,.F.);
#955 = CYLINDRICAL_SURFACE('',#956,0.25);
#956 = AXIS2_PLACEMENT_3D('',#957,#958,#959);
#957 = CARTESIAN_POINT('',(2.5,-1.530808498934E-16,0.3));
#958 = DIRECTION('',(0.,0.,1.));
#959 = DIRECTION('',(-1.,1.224646799147E-16,0.));
#960 = ADVANCED_FACE('',(#961,#990,#993),#1004,.F.);
#961 = FACE_BOUND('',#962,.F.);
#962 = EDGE_LOOP('',(#963,#974,#983));
#963 = ORIENTED_EDGE('',*,*,#964,.T.);
#964 = EDGE_CURVE('',#965,#967,#969,.T.);
#965 = VERTEX_POINT('',#966);
#966 = CARTESIAN_POINT('',(-0.955,2.70034619212E-16,0.2));
#967 = VERTEX_POINT('',#968);
#968 = CARTESIAN_POINT('',(3.287154369187,-0.843816968365,0.2));
#969 = CIRCLE('',#970,2.205);
#970 = AXIS2_PLACEMENT_3D('',#971,#972,#973);
#971 = CARTESIAN_POINT('',(1.25,0.,0.2));
#972 = DIRECTION('',(0.,0.,1.));
#973 = DIRECTION('',(-1.,1.224646799147E-16,0.));
#974 = ORIENTED_EDGE('',*,*,#975,.T.);
#975 = EDGE_CURVE('',#967,#976,#978,.T.);
#976 = VERTEX_POINT('',#977);
#977 = CARTESIAN_POINT('',(3.287154369187,0.843816968365,0.2));
#978 = CIRCLE('',#979,2.205);
#979 = AXIS2_PLACEMENT_3D('',#980,#981,#982);
#980 = CARTESIAN_POINT('',(1.25,0.,0.2));
#981 = DIRECTION('',(0.,0.,1.));
#982 = DIRECTION('',(-1.,1.224646799147E-16,0.));
#983 = ORIENTED_EDGE('',*,*,#984,.T.);
#984 = EDGE_CURVE('',#976,#965,#985,.T.);
#985 = CIRCLE('',#986,2.205);
#986 = AXIS2_PLACEMENT_3D('',#987,#988,#989);
#987 = CARTESIAN_POINT('',(1.25,0.,0.2));
#988 = DIRECTION('',(0.,0.,1.));
#989 = DIRECTION('',(-1.,1.224646799147E-16,0.));
#990 = FACE_BOUND('',#991,.F.);
#991 = EDGE_LOOP('',(#992));
#992 = ORIENTED_EDGE('',*,*,#939,.F.);
#993 = FACE_BOUND('',#994,.F.);
#994 = EDGE_LOOP('',(#995));
#995 = ORIENTED_EDGE('',*,*,#996,.F.);
#996 = EDGE_CURVE('',#997,#997,#999,.T.);
#997 = VERTEX_POINT('',#998);
#998 = CARTESIAN_POINT('',(-0.25,1.836970198721E-16,0.2));
#999 = CIRCLE('',#1000,0.25);
#1000 = AXIS2_PLACEMENT_3D('',#1001,#1002,#1003);
#1001 = CARTESIAN_POINT('',(0.,1.530808498934E-16,0.2));
#1002 = DIRECTION('',(0.,0.,1.));
#1003 = DIRECTION('',(-1.,1.224646799147E-16,0.));
#1004 = PLANE('',#1005);
#1005 = AXIS2_PLACEMENT_3D('',#1006,#1007,#1008);
#1006 = CARTESIAN_POINT('',(1.25,-1.425463059326E-16,0.2));
#1007 = DIRECTION('',(0.,0.,1.));
#1008 = DIRECTION('',(-1.,1.224646799147E-16,0.));
#1009 = ADVANCED_FACE('',(#1010),#1037,.F.);
#1010 = FACE_BOUND('',#1011,.F.);
#1011 = EDGE_LOOP('',(#1012,#1020,#1021,#1022,#1030));
#1012 = ORIENTED_EDGE('',*,*,#1013,.F.);
#1013 = EDGE_CURVE('',#967,#1014,#1016,.T.);
#1014 = VERTEX_POINT('',#1015);
#1015 = CARTESIAN_POINT('',(3.287154369187,-0.843816968365,0.));
#1016 = LINE('',#1017,#1018);
#1017 = CARTESIAN_POINT('',(3.287154369187,-0.843816968365,0.3));
#1018 = VECTOR('',#1019,1.);
#1019 = DIRECTION('',(0.,0.,-1.));
#1020 = ORIENTED_EDGE('',*,*,#964,.F.);
#1021 = ORIENTED_EDGE('',*,*,#984,.F.);
#1022 = ORIENTED_EDGE('',*,*,#1023,.T.);
#1023 = EDGE_CURVE('',#976,#1024,#1026,.T.);
#1024 = VERTEX_POINT('',#1025);
#1025 = CARTESIAN_POINT('',(3.287154369187,0.843816968365,0.));
#1026 = LINE('',#1027,#1028);
#1027 = CARTESIAN_POINT('',(3.287154369187,0.843816968365,0.3));
#1028 = VECTOR('',#1029,1.);
#1029 = DIRECTION('',(0.,0.,-1.));
#1030 = ORIENTED_EDGE('',*,*,#1031,.F.);
#1031 = EDGE_CURVE('',#1014,#1024,#1032,.T.);
#1032 = CIRCLE('',#1033,2.205);
#1033 = AXIS2_PLACEMENT_3D('',#1034,#1035,#1036);
#1034 = CARTESIAN_POINT('',(1.25,0.,0.));
#1035 = DIRECTION('',(0.,-0.,-1.));
#1036 = DIRECTION('',(0.923879532511,-0.382683432365,0.));
#1037 = CYLINDRICAL_SURFACE('',#1038,2.205);
#1038 = AXIS2_PLACEMENT_3D('',#1039,#1040,#1041);
#1039 = CARTESIAN_POINT('',(1.25,0.,0.3));
#1040 = DIRECTION('',(0.,0.,-1.));
#1041 = DIRECTION('',(0.923879532511,-0.382683432365,0.));
#1042 = ADVANCED_FACE('',(#1043),#1055,.F.);
#1043 = FACE_BOUND('',#1044,.F.);
#1044 = EDGE_LOOP('',(#1045,#1046,#1047,#1048));
#1045 = ORIENTED_EDGE('',*,*,#1023,.F.);
#1046 = ORIENTED_EDGE('',*,*,#975,.F.);
#1047 = ORIENTED_EDGE('',*,*,#1013,.T.);
#1048 = ORIENTED_EDGE('',*,*,#1049,.F.);
#1049 = EDGE_CURVE('',#1024,#1014,#1050,.T.);
#1050 = CIRCLE('',#1051,2.205);
#1051 = AXIS2_PLACEMENT_3D('',#1052,#1053,#1054);
#1052 = CARTESIAN_POINT('',(1.25,0.,0.));
#1053 = DIRECTION('',(0.,0.,-1.));
#1054 = DIRECTION('',(0.923879532511,0.382683432365,0.));
#1055 = CYLINDRICAL_SURFACE('',#1056,2.205);
#1056 = AXIS2_PLACEMENT_3D('',#1057,#1058,#1059);
#1057 = CARTESIAN_POINT('',(1.25,0.,0.3));
#1058 = DIRECTION('',(0.,0.,-1.));
#1059 = DIRECTION('',(0.923879532511,0.382683432365,0.));
#1060 = ADVANCED_FACE('',(#1061),#1080,.T.);
#1061 = FACE_BOUND('',#1062,.T.);
#1062 = EDGE_LOOP('',(#1063,#1064,#1072,#1079));
#1063 = ORIENTED_EDGE('',*,*,#996,.F.);
#1064 = ORIENTED_EDGE('',*,*,#1065,.T.);
#1065 = EDGE_CURVE('',#997,#1066,#1068,.T.);
#1066 = VERTEX_POINT('',#1067);
#1067 = CARTESIAN_POINT('',(-0.25,1.836970198721E-16,-2.));
#1068 = LINE('',#1069,#1070);
#1069 = CARTESIAN_POINT('',(-0.25,1.836970198721E-16,0.3));
#1070 = VECTOR('',#1071,1.);
#1071 = DIRECTION('',(0.,0.,-1.));
#1072 = ORIENTED_EDGE('',*,*,#1073,.T.);
#1073 = EDGE_CURVE('',#1066,#1066,#1074,.T.);
#1074 = CIRCLE('',#1075,0.25);
#1075 = AXIS2_PLACEMENT_3D('',#1076,#1077,#1078);
#1076 = CARTESIAN_POINT('',(0.,1.530808498934E-16,-2.));
#1077 = DIRECTION('',(0.,0.,1.));
#1078 = DIRECTION('',(-1.,1.224646799147E-16,0.));
#1079 = ORIENTED_EDGE('',*,*,#1065,.F.);
#1080 = CYLINDRICAL_SURFACE('',#1081,0.25);
#1081 = AXIS2_PLACEMENT_3D('',#1082,#1083,#1084);
#1082 = CARTESIAN_POINT('',(0.,1.530808498934E-16,0.3));
#1083 = DIRECTION('',(0.,0.,1.));
#1084 = DIRECTION('',(-1.,1.224646799147E-16,0.));
#1085 = ADVANCED_FACE('',(#1086),#1112,.T.);
#1086 = FACE_BOUND('',#1087,.F.);
#1087 = EDGE_LOOP('',(#1088,#1089,#1097,#1106));
#1088 = ORIENTED_EDGE('',*,*,#1031,.T.);
#1089 = ORIENTED_EDGE('',*,*,#1090,.T.);
#1090 = EDGE_CURVE('',#1024,#1091,#1093,.T.);
#1091 = VERTEX_POINT('',#1092);
#1092 = CARTESIAN_POINT('',(3.975444620908,1.128916125477,
    -5.551115123126E-17));
#1093 = LINE('',#1094,#1095);
#1094 = CARTESIAN_POINT('',(3.287154369187,0.843816968365,0.));
#1095 = VECTOR('',#1096,1.);
#1096 = DIRECTION('',(0.923879532511,0.382683432365,0.));
#1097 = ORIENTED_EDGE('',*,*,#1098,.F.);
#1098 = EDGE_CURVE('',#1099,#1091,#1101,.T.);
#1099 = VERTEX_POINT('',#1100);
#1100 = CARTESIAN_POINT('',(3.975444620908,-1.128916125477,
    -5.551115123126E-17));
#1101 = CIRCLE('',#1102,2.95);
#1102 = AXIS2_PLACEMENT_3D('',#1103,#1104,#1105);
#1103 = CARTESIAN_POINT('',(1.25,0.,-5.551115123126E-17));
#1104 = DIRECTION('',(0.,-0.,-1.));
#1105 = DIRECTION('',(0.923879532511,-0.382683432365,0.));
#1106 = ORIENTED_EDGE('',*,*,#1107,.F.);
#1107 = EDGE_CURVE('',#1014,#1099,#1108,.T.);
#1108 = LINE('',#1109,#1110);
#1109 = CARTESIAN_POINT('',(3.287154369187,-0.843816968365,0.));
#1110 = VECTOR('',#1111,1.);
#1111 = DIRECTION('',(0.923879532511,-0.382683432365,0.));
#1112 = PLANE('',#1113);
#1113 = AXIS2_PLACEMENT_3D('',#1114,#1115,#1116);
#1114 = CARTESIAN_POINT('',(1.25,0.,0.));
#1115 = DIRECTION('',(0.,0.,-1.));
#1116 = DIRECTION('',(0.923879532511,-0.382683432365,0.));
#1117 = ADVANCED_FACE('',(#1118),#1130,.T.);
#1118 = FACE_BOUND('',#1119,.F.);
#1119 = EDGE_LOOP('',(#1120,#1121,#1122,#1129));
#1120 = ORIENTED_EDGE('',*,*,#1049,.T.);
#1121 = ORIENTED_EDGE('',*,*,#1107,.T.);
#1122 = ORIENTED_EDGE('',*,*,#1123,.F.);
#1123 = EDGE_CURVE('',#1091,#1099,#1124,.T.);
#1124 = CIRCLE('',#1125,2.95);
#1125 = AXIS2_PLACEMENT_3D('',#1126,#1127,#1128);
#1126 = CARTESIAN_POINT('',(1.25,0.,-5.551115123126E-17));
#1127 = DIRECTION('',(0.,0.,-1.));
#1128 = DIRECTION('',(0.923879532511,0.382683432365,0.));
#1129 = ORIENTED_EDGE('',*,*,#1090,.F.);
#1130 = PLANE('',#1131);
#1131 = AXIS2_PLACEMENT_3D('',#1132,#1133,#1134);
#1132 = CARTESIAN_POINT('',(1.25,0.,0.));
#1133 = DIRECTION('',(0.,0.,-1.));
#1134 = DIRECTION('',(0.923879532511,0.382683432365,0.));
#1135 = ADVANCED_FACE('',(#1136),#1139,.F.);
#1136 = FACE_BOUND('',#1137,.F.);
#1137 = EDGE_LOOP('',(#1138));
#1138 = ORIENTED_EDGE('',*,*,#1073,.T.);
#1139 = PLANE('',#1140);
#1140 = AXIS2_PLACEMENT_3D('',#1141,#1142,#1143);
#1141 = CARTESIAN_POINT('',(-2.22044604925E-16,1.312368617799E-16,-2.));
#1142 = DIRECTION('',(2.013238768533E-31,4.08046586736E-33,1.));
#1143 = DIRECTION('',(-1.,1.224646799147E-16,2.013238768533E-31));
#1144 = ADVANCED_FACE('',(#1145),#1173,.F.);
#1145 = FACE_BOUND('',#1146,.F.);
#1146 = EDGE_LOOP('',(#1147,#1148,#1157,#1166));
#1147 = ORIENTED_EDGE('',*,*,#1098,.T.);
#1148 = ORIENTED_EDGE('',*,*,#1149,.T.);
#1149 = EDGE_CURVE('',#1091,#1150,#1152,.T.);
#1150 = VERTEX_POINT('',#1151);
#1151 = CARTESIAN_POINT('',(4.160220527411,1.20545281195,0.2));
#1152 = CIRCLE('',#1153,0.2);
#1153 = AXIS2_PLACEMENT_3D('',#1154,#1155,#1156);
#1154 = CARTESIAN_POINT('',(3.975444620908,1.128916125477,0.2));
#1155 = DIRECTION('',(0.382683432365,-0.923879532511,0.));
#1156 = DIRECTION('',(2.051424657948E-15,8.497279155087E-16,-1.));
#1157 = ORIENTED_EDGE('',*,*,#1158,.F.);
#1158 = EDGE_CURVE('',#1159,#1150,#1161,.T.);
#1159 = VERTEX_POINT('',#1160);
#1160 = CARTESIAN_POINT('',(4.160220527411,-1.20545281195,0.2));
#1161 = CIRCLE('',#1162,3.15);
#1162 = AXIS2_PLACEMENT_3D('',#1163,#1164,#1165);
#1163 = CARTESIAN_POINT('',(1.25,0.,0.2));
#1164 = DIRECTION('',(0.,-0.,-1.));
#1165 = DIRECTION('',(0.923879532511,-0.382683432365,0.));
#1166 = ORIENTED_EDGE('',*,*,#1167,.F.);
#1167 = EDGE_CURVE('',#1099,#1159,#1168,.T.);
#1168 = CIRCLE('',#1169,0.2);
#1169 = AXIS2_PLACEMENT_3D('',#1170,#1171,#1172);
#1170 = CARTESIAN_POINT('',(3.975444620908,-1.128916125477,0.2));
#1171 = DIRECTION('',(-0.382683432365,-0.923879532511,0.));
#1172 = DIRECTION('',(2.051424657948E-15,-8.497279155087E-16,-1.));
#1173 = SURFACE_OF_REVOLUTION('',#1174,#1179);
#1174 = CIRCLE('',#1175,0.2);
#1175 = AXIS2_PLACEMENT_3D('',#1176,#1177,#1178);
#1176 = CARTESIAN_POINT('',(3.975444620908,-1.128916125477,0.2));
#1177 = DIRECTION('',(-0.382683432365,-0.923879532511,0.));
#1178 = DIRECTION('',(2.051424657948E-15,-8.497279155087E-16,-1.));
#1179 = AXIS1_PLACEMENT('',#1180,#1181);
#1180 = CARTESIAN_POINT('',(1.25,0.,0.));
#1181 = DIRECTION('',(0.,0.,-1.));
#1182 = ADVANCED_FACE('',(#1183),#1195,.F.);
#1183 = FACE_BOUND('',#1184,.F.);
#1184 = EDGE_LOOP('',(#1185,#1186,#1187,#1194));
#1185 = ORIENTED_EDGE('',*,*,#1123,.T.);
#1186 = ORIENTED_EDGE('',*,*,#1167,.T.);
#1187 = ORIENTED_EDGE('',*,*,#1188,.F.);
#1188 = EDGE_CURVE('',#1150,#1159,#1189,.T.);
#1189 = CIRCLE('',#1190,3.15);
#1190 = AXIS2_PLACEMENT_3D('',#1191,#1192,#1193);
#1191 = CARTESIAN_POINT('',(1.25,0.,0.2));
#1192 = DIRECTION('',(0.,0.,-1.));
#1193 = DIRECTION('',(0.923879532511,0.382683432365,0.));
#1194 = ORIENTED_EDGE('',*,*,#1149,.F.);
#1195 = SURFACE_OF_REVOLUTION('',#1196,#1201);
#1196 = CIRCLE('',#1197,0.2);
#1197 = AXIS2_PLACEMENT_3D('',#1198,#1199,#1200);
#1198 = CARTESIAN_POINT('',(3.975444620908,1.128916125477,0.2));
#1199 = DIRECTION('',(0.382683432365,-0.923879532511,0.));
#1200 = DIRECTION('',(2.051424657948E-15,8.497279155087E-16,-1.));
#1201 = AXIS1_PLACEMENT('',#1202,#1203);
#1202 = CARTESIAN_POINT('',(1.25,0.,0.));
#1203 = DIRECTION('',(0.,0.,-1.));
#1204 = ADVANCED_FACE('',(#1205),#1262,.T.);
#1205 = FACE_BOUND('',#1206,.T.);
#1206 = EDGE_LOOP('',(#1207,#1249,#1255,#1256));
#1207 = ORIENTED_EDGE('',*,*,#1208,.T.);
#1208 = EDGE_CURVE('',#1209,#1211,#1213,.T.);
#1209 = VERTEX_POINT('',#1210);
#1210 = CARTESIAN_POINT('',(4.160220527411,-1.20545281195,1.064979142851
    ));
#1211 = VERTEX_POINT('',#1212);
#1212 = CARTESIAN_POINT('',(4.160220527411,1.20545281195,1.064979142851)
  );
#1213 = B_SPLINE_CURVE_WITH_KNOTS('',12,(#1214,#1215,#1216,#1217,#1218,
    #1219,#1220,#1221,#1222,#1223,#1224,#1225,#1226,#1227,#1228,#1229,
    #1230,#1231,#1232,#1233,#1234,#1235,#1236,#1237,#1238,#1239,#1240,
    #1241,#1242,#1243,#1244,#1245,#1246,#1247,#1248),.UNSPECIFIED.,.F.,
  .F.,(13,11,11,13),(-0.737875708395,-5.005450452798E-16,17.318029502913
    ,18.055905211308),.UNSPECIFIED.);
#1214 = CARTESIAN_POINT('',(4.442593336158,-0.523744547427,
    1.064979142851));
#1215 = CARTESIAN_POINT('',(4.418899197873,-0.580947257422,
    1.064979142851));
#1216 = CARTESIAN_POINT('',(4.395234708841,-0.63807838779,1.064979142851
    ));
#1217 = CARTESIAN_POINT('',(4.371599869062,-0.695137938531,
    1.064979142851));
#1218 = CARTESIAN_POINT('',(4.347994678535,-0.752125909643,
    1.064979142851));
#1219 = CARTESIAN_POINT('',(4.32441913726,-0.809042301129,1.064979142851
    ));
#1220 = CARTESIAN_POINT('',(4.300873245238,-0.865887112986,
    1.064979142851));
#1221 = CARTESIAN_POINT('',(4.277357002469,-0.922660345216,
    1.064979142851));
#1222 = CARTESIAN_POINT('',(4.253870408952,-0.979361997818,
    1.064979142851));
#1223 = CARTESIAN_POINT('',(4.230413464688,-1.035992070792,
    1.064979142851));
#1224 = CARTESIAN_POINT('',(4.206986169676,-1.092550564139,
    1.064979142851));
#1225 = CARTESIAN_POINT('',(4.183588523917,-1.149037477858,
    1.064979142851));
#1226 = CARTESIAN_POINT('',(3.611770905991,-2.52952732626,1.064979142851
    ));
#1227 = CARTESIAN_POINT('',(2.397473580719,-3.601570783487,
    1.064979180278));
#1228 = CARTESIAN_POINT('',(0.644651861499,-4.026279926308,
    1.064978648913));
#1229 = CARTESIAN_POINT('',(-1.234906135463,-3.473813323938,
    1.064980780301));
#1230 = CARTESIAN_POINT('',(-2.634312668055,-2.095046805731,
    1.064976073802));
#1231 = CARTESIAN_POINT('',(-3.335721730314,-5.195843755246E-12,
    1.064982880597));
#1232 = CARTESIAN_POINT('',(-2.634312668056,2.095046805741,
    1.064976073802));
#1233 = CARTESIAN_POINT('',(-1.234906135463,3.473813323931,
    1.064980780301));
#1234 = CARTESIAN_POINT('',(0.644651861498,4.026279926312,1.064978648913
    ));
#1235 = CARTESIAN_POINT('',(2.397473580719,3.601570783485,1.064979180278
    ));
#1236 = CARTESIAN_POINT('',(3.611770905991,2.529527326261,1.064979142851
    ));
#1237 = CARTESIAN_POINT('',(4.183588523917,1.149037477858,1.064979142851
    ));
#1238 = CARTESIAN_POINT('',(4.206986169676,1.092550564139,1.064979142851
    ));
#1239 = CARTESIAN_POINT('',(4.230413464688,1.035992070792,1.064979142851
    ));
#1240 = CARTESIAN_POINT('',(4.253870408952,0.979361997818,1.064979142851
    ));
#1241 = CARTESIAN_POINT('',(4.277357002469,0.922660345216,1.064979142851
    ));
#1242 = CARTESIAN_POINT('',(4.300873245238,0.865887112986,1.064979142851
    ));
#1243 = CARTESIAN_POINT('',(4.32441913726,0.809042301128,1.064979142851)
  );
#1244 = CARTESIAN_POINT('',(4.347994678535,0.752125909643,1.064979142851
    ));
#1245 = CARTESIAN_POINT('',(4.371599869062,0.695137938531,1.064979142851
    ));
#1246 = CARTESIAN_POINT('',(4.395234708841,0.63807838779,1.064979142851)
  );
#1247 = CARTESIAN_POINT('',(4.418899197873,0.580947257422,1.064979142851
    ));
#1248 = CARTESIAN_POINT('',(4.442593336158,0.523744547427,1.064979142851
    ));
#1249 = ORIENTED_EDGE('',*,*,#1250,.F.);
#1250 = EDGE_CURVE('',#1150,#1211,#1251,.T.);
#1251 = LINE('',#1252,#1253);
#1252 = CARTESIAN_POINT('',(4.160220527411,1.20545281195,0.2));
#1253 = VECTOR('',#1254,1.);
#1254 = DIRECTION('',(0.,0.,1.));
#1255 = ORIENTED_EDGE('',*,*,#1158,.F.);
#1256 = ORIENTED_EDGE('',*,*,#1257,.T.);
#1257 = EDGE_CURVE('',#1159,#1209,#1258,.T.);
#1258 = LINE('',#1259,#1260);
#1259 = CARTESIAN_POINT('',(4.160220527411,-1.20545281195,0.2));
#1260 = VECTOR('',#1261,1.);
#1261 = DIRECTION('',(0.,0.,1.));
#1262 = CYLINDRICAL_SURFACE('',#1263,3.15);
#1263 = AXIS2_PLACEMENT_3D('',#1264,#1265,#1266);
#1264 = CARTESIAN_POINT('',(1.25,0.,0.2));
#1265 = DIRECTION('',(0.,0.,1.));
#1266 = DIRECTION('',(0.923879532511,-0.382683432365,0.));
#1267 = ADVANCED_FACE('',(#1268),#1290,.T.);
#1268 = FACE_BOUND('',#1269,.T.);
#1269 = EDGE_LOOP('',(#1270,#1287,#1288,#1289));
#1270 = ORIENTED_EDGE('',*,*,#1271,.T.);
#1271 = EDGE_CURVE('',#1211,#1209,#1272,.T.);
#1272 = B_SPLINE_CURVE_WITH_KNOTS('',5,(#1273,#1274,#1275,#1276,#1277,
    #1278,#1279,#1280,#1281,#1282,#1283,#1284,#1285,#1286),
  .UNSPECIFIED.,.F.,.F.,(6,4,4,6),(-0.150460971643,-1.699349482237E-07,
    2.474004384637,2.624464954166),.UNSPECIFIED.);
#1273 = CARTESIAN_POINT('',(4.102641670439,1.344460469082,1.064979142851
    ));
#1274 = CARTESIAN_POINT('',(4.114157445154,1.316658929638,1.064979142851
    ));
#1275 = CARTESIAN_POINT('',(4.125673218125,1.288857394406,1.064979142851
    ));
#1276 = CARTESIAN_POINT('',(4.137188989351,1.261055863385,1.064979142851
    ));
#1277 = CARTESIAN_POINT('',(4.148704758833,1.233254336576,1.064979142851
    ));
#1278 = CARTESIAN_POINT('',(4.349572580446,0.748316518349,1.064979142851
    ));
#1279 = CARTESIAN_POINT('',(4.44918882011,0.254004984338,1.064979142851)
  );
#1280 = CARTESIAN_POINT('',(4.449189507099,-0.254003344051,
    1.064979142851));
#1281 = CARTESIAN_POINT('',(4.349572930008,-0.748315674432,
    1.064979142851));
#1282 = CARTESIAN_POINT('',(4.148704755344,-1.233254344999,
    1.064979142851));
#1283 = CARTESIAN_POINT('',(4.137188984118,-1.26105587602,1.064979142851
    ));
#1284 = CARTESIAN_POINT('',(4.125673212892,-1.288857407041,
    1.064979142851));
#1285 = CARTESIAN_POINT('',(4.114157441665,-1.316658938061,
    1.064979142851));
#1286 = CARTESIAN_POINT('',(4.102641670439,-1.344460469082,
    1.064979142851));
#1287 = ORIENTED_EDGE('',*,*,#1257,.F.);
#1288 = ORIENTED_EDGE('',*,*,#1188,.F.);
#1289 = ORIENTED_EDGE('',*,*,#1250,.T.);
#1290 = CYLINDRICAL_SURFACE('',#1291,3.15);
#1291 = AXIS2_PLACEMENT_3D('',#1292,#1293,#1294);
#1292 = CARTESIAN_POINT('',(1.25,0.,0.2));
#1293 = DIRECTION('',(0.,0.,1.));
#1294 = DIRECTION('',(0.923879532511,0.382683432365,-0.));
#1295 = ADVANCED_FACE('',(#1296),#1367,.T.);
#1296 = FACE_BOUND('',#1297,.T.);
#1297 = EDGE_LOOP('',(#1298,#1313,#1353,#1366));
#1298 = ORIENTED_EDGE('',*,*,#1299,.T.);
#1299 = EDGE_CURVE('',#1209,#1300,#1302,.T.);
#1300 = VERTEX_POINT('',#1301);
#1301 = CARTESIAN_POINT('',(4.085968234571,-1.174696505219,
    1.269338405373));
#1302 = B_SPLINE_CURVE_WITH_KNOTS('',5,(#1303,#1304,#1305,#1306,#1307,
    #1308,#1309,#1310,#1311,#1312),.UNSPECIFIED.,.F.,.F.,(6,4,6),(0.,0.5
    ,1.),.UNSPECIFIED.);
#1303 = CARTESIAN_POINT('',(4.160220527411,-1.20545281195,1.064979142851
    ));
#1304 = CARTESIAN_POINT('',(4.160220527325,-1.205452811915,
    1.086945211059));
#1305 = CARTESIAN_POINT('',(4.158363641376,-1.204683664571,
    1.109287401744));
#1306 = CARTESIAN_POINT('',(4.154519320142,-1.203091294577,
    1.131653463673));
#1307 = CARTESIAN_POINT('',(4.148681246824,-1.200673085431,
    1.153609621265));
#1308 = CARTESIAN_POINT('',(4.133299432345,-1.19430172926,1.195943886549
    ));
#1309 = CARTESIAN_POINT('',(4.123755497541,-1.190348502026,
    1.216322527195));
#1310 = CARTESIAN_POINT('',(4.112493966491,-1.185683823132,
    1.235531219587));
#1311 = CARTESIAN_POINT('',(4.099792457984,-1.180422686045,
    1.253257054289));
#1312 = CARTESIAN_POINT('',(4.085968234571,-1.174696505219,
    1.269338405373));
#1313 = ORIENTED_EDGE('',*,*,#1314,.T.);
#1314 = EDGE_CURVE('',#1300,#1315,#1317,.T.);
#1315 = VERTEX_POINT('',#1316);
#1316 = CARTESIAN_POINT('',(4.085968234571,1.174696505219,1.269338405373
    ));
#1317 = B_SPLINE_CURVE_WITH_KNOTS('',12,(#1318,#1319,#1320,#1321,#1322,
    #1323,#1324,#1325,#1326,#1327,#1328,#1329,#1330,#1331,#1332,#1333,
    #1334,#1335,#1336,#1337,#1338,#1339,#1340,#1341,#1342,#1343,#1344,
    #1345,#1346,#1347,#1348,#1349,#1350,#1351,#1352),.UNSPECIFIED.,.F.,
  .F.,(13,11,11,13),(-0.737875708395,-5.005450452798E-16,17.318029502913
    ,18.055905211308),.UNSPECIFIED.);
#1318 = CARTESIAN_POINT('',(4.368341043318,-0.492988240695,
    1.269338405373));
#1319 = CARTESIAN_POINT('',(4.344050686533,-0.551630349481,
    1.269338405373));
#1320 = CARTESIAN_POINT('',(4.319898382364,-0.609939169769,
    1.269338405373));
#1321 = CARTESIAN_POINT('',(4.295884130811,-0.667914701558,
    1.269338405373));
#1322 = CARTESIAN_POINT('',(4.272007931874,-0.725556944848,
    1.269338405373));
#1323 = CARTESIAN_POINT('',(4.248269785554,-0.78286589964,1.269338405373
    ));
#1324 = CARTESIAN_POINT('',(4.224669691851,-0.839841565933,
    1.269338405373));
#1325 = CARTESIAN_POINT('',(4.201207650763,-0.896483943727,
    1.269338405373));
#1326 = CARTESIAN_POINT('',(4.177883662292,-0.952793033023,
    1.269338405373));
#1327 = CARTESIAN_POINT('',(4.154697726437,-1.00876883382,1.269338405373
    ));
#1328 = CARTESIAN_POINT('',(4.131649843199,-1.064411346118,
    1.269338405373));
#1329 = CARTESIAN_POINT('',(4.108740012577,-1.119720569918,
    1.269338405373));
#1330 = CARTESIAN_POINT('',(3.55151193136,-2.464988160927,1.269338405373
    ));
#1331 = CARTESIAN_POINT('',(2.368142926712,-3.509870065854,
    1.269338398404));
#1332 = CARTESIAN_POINT('',(0.659702150751,-3.923262885354,
    1.269338497341));
#1333 = CARTESIAN_POINT('',(-1.17054232476,-3.385171524248,
    1.269338100488));
#1334 = CARTESIAN_POINT('',(-2.536114514568,-2.041943209283,
    1.269338976815));
#1335 = CARTESIAN_POINT('',(-3.218001563387,1.211253319866E-12,
    1.269337709422));
#1336 = CARTESIAN_POINT('',(-2.536114514568,2.041943209281,
    1.269338976816));
#1337 = CARTESIAN_POINT('',(-1.170542324761,3.385171524249,
    1.269338100487));
#1338 = CARTESIAN_POINT('',(0.659702150752,3.923262885354,1.269338497342
    ));
#1339 = CARTESIAN_POINT('',(2.368142926712,3.509870065854,1.269338398404
    ));
#1340 = CARTESIAN_POINT('',(3.55151193136,2.464988160927,1.269338405373)
  );
#1341 = CARTESIAN_POINT('',(4.108740012577,1.119720569918,1.269338405373
    ));
#1342 = CARTESIAN_POINT('',(4.131649843199,1.064411346118,1.269338405373
    ));
#1343 = CARTESIAN_POINT('',(4.154697726437,1.00876883382,1.269338405373)
  );
#1344 = CARTESIAN_POINT('',(4.177883662292,0.952793033023,1.269338405373
    ));
#1345 = CARTESIAN_POINT('',(4.201207650763,0.896483943727,1.269338405373
    ));
#1346 = CARTESIAN_POINT('',(4.224669691851,0.839841565933,1.269338405373
    ));
#1347 = CARTESIAN_POINT('',(4.248269785554,0.78286589964,1.269338405373)
  );
#1348 = CARTESIAN_POINT('',(4.272007931874,0.725556944848,1.269338405373
    ));
#1349 = CARTESIAN_POINT('',(4.295884130811,0.667914701558,1.269338405373
    ));
#1350 = CARTESIAN_POINT('',(4.319898382364,0.609939169769,1.269338405373
    ));
#1351 = CARTESIAN_POINT('',(4.344050686533,0.551630349481,1.269338405373
    ));
#1352 = CARTESIAN_POINT('',(4.368341043318,0.492988240695,1.269338405373
    ));
#1353 = ORIENTED_EDGE('',*,*,#1354,.F.);
#1354 = EDGE_CURVE('',#1211,#1315,#1355,.T.);
#1355 = B_SPLINE_CURVE_WITH_KNOTS('',5,(#1356,#1357,#1358,#1359,#1360,
    #1361,#1362,#1363,#1364,#1365),.UNSPECIFIED.,.F.,.F.,(6,4,6),(0.,0.5
    ,1.),.UNSPECIFIED.);
#1356 = CARTESIAN_POINT('',(4.160220527411,1.20545281195,1.064979142851)
  );
#1357 = CARTESIAN_POINT('',(4.160220527325,1.205452811915,1.086945211059
    ));
#1358 = CARTESIAN_POINT('',(4.158363641376,1.204683664571,1.109287401744
    ));
#1359 = CARTESIAN_POINT('',(4.154519320142,1.203091294577,1.131653463673
    ));
#1360 = CARTESIAN_POINT('',(4.148681246824,1.200673085431,1.153609621265
    ));
#1361 = CARTESIAN_POINT('',(4.133299432345,1.19430172926,1.195943886549)
  );
#1362 = CARTESIAN_POINT('',(4.123755497541,1.190348502026,1.216322527195
    ));
#1363 = CARTESIAN_POINT('',(4.112493966491,1.185683823132,1.235531219587
    ));
#1364 = CARTESIAN_POINT('',(4.099792457984,1.180422686045,1.253257054289
    ));
#1365 = CARTESIAN_POINT('',(4.085968234571,1.174696505219,1.269338405373
    ));
#1366 = ORIENTED_EDGE('',*,*,#1208,.F.);
#1367 = ( BOUNDED_SURFACE() B_SPLINE_SURFACE(2,12,(
    (#1368,#1369,#1370,#1371,#1372,#1373,#1374,#1375,#1376,#1377,#1378
      ,#1379,#1380,#1381,#1382,#1383,#1384,#1385,#1386,#1387,#1388,#1389
      ,#1390,#1391,#1392,#1393,#1394,#1395,#1396,#1397,#1398,#1399,#1400
      ,#1401,#1402)
    ,(#1403,#1404,#1405,#1406,#1407,#1408,#1409,#1410,#1411,#1412,#1413
      ,#1414,#1415,#1416,#1417,#1418,#1419,#1420,#1421,#1422,#1423,#1424
      ,#1425,#1426,#1427,#1428,#1429,#1430,#1431,#1432,#1433,#1434,#1435
      ,#1436,#1437)
    ,(#1438,#1439,#1440,#1441,#1442,#1443,#1444,#1445,#1446,#1447,#1448
      ,#1449,#1450,#1451,#1452,#1453,#1454,#1455,#1456,#1457,#1458,#1459
      ,#1460,#1461,#1462,#1463,#1464,#1465,#1466,#1467,#1468,#1469,#1470
      ,#1471,#1472
)),.UNSPECIFIED.,.F.,.F.,.F.) B_SPLINE_SURFACE_WITH_KNOTS((3,3),(13,11,
    11,13),(0.,17.318029502913),(-0.737875708395,-5.005450452798E-16,
    17.318029502913,18.055905211308),.UNSPECIFIED.) 
GEOMETRIC_REPRESENTATION_ITEM() RATIONAL_B_SPLINE_SURFACE((
    (1.,1.,1.,1.,1.,1.,1.,1.,1.,1.,1.,1.,1.,1.,1.,1.,1.,1.,1.,1.,1.,1.
      ,1.,1.,1.,1.,1.,1.,1.,1.,1.,1.,1.,1.,1.)
    ,(0.93061798229,0.93061798229,0.93061798229,0.93061798229
      ,0.93061798229,0.93061798229,0.93061798229,0.93061798229
      ,0.93061798229,0.93061798229,0.93061798229,0.93061798229
      ,0.93061798229,0.93061801928,0.930617494111,0.930619600648
      ,0.930614949024,0.930621676455,0.930614949024,0.930619600647
      ,0.930617494111,0.93061801928,0.93061798229,0.93061798229
      ,0.93061798229,0.93061798229,0.93061798229,0.93061798229
      ,0.93061798229,0.93061798229,0.93061798229,0.93061798229
      ,0.93061798229,0.93061798229,0.93061798229)
    ,(1.,1.,1.,1.,1.,1.,1.,1.,1.,1.,1.,1.,1.,1.,1.,1.,1.,1.,1.,1.,1.,1.
,1.,1.,1.,1.,1.,1.,1.,1.,1.,1.,1.,1.,1.
))) REPRESENTATION_ITEM('') SURFACE() );
#1368 = CARTESIAN_POINT('',(4.442593336158,-0.523744547427,
    1.064979142851));
#1369 = CARTESIAN_POINT('',(4.418899197873,-0.580947257422,
    1.064979142851));
#1370 = CARTESIAN_POINT('',(4.395234708841,-0.63807838779,1.064979142851
    ));
#1371 = CARTESIAN_POINT('',(4.371599869062,-0.695137938531,
    1.064979142851));
#1372 = CARTESIAN_POINT('',(4.347994678535,-0.752125909643,
    1.064979142851));
#1373 = CARTESIAN_POINT('',(4.32441913726,-0.809042301129,1.064979142851
    ));
#1374 = CARTESIAN_POINT('',(4.300873245238,-0.865887112986,
    1.064979142851));
#1375 = CARTESIAN_POINT('',(4.277357002469,-0.922660345216,
    1.064979142851));
#1376 = CARTESIAN_POINT('',(4.253870408952,-0.979361997818,
    1.064979142851));
#1377 = CARTESIAN_POINT('',(4.230413464688,-1.035992070792,
    1.064979142851));
#1378 = CARTESIAN_POINT('',(4.206986169676,-1.092550564139,
    1.064979142851));
#1379 = CARTESIAN_POINT('',(4.183588523917,-1.149037477858,
    1.064979142851));
#1380 = CARTESIAN_POINT('',(3.611770905991,-2.52952732626,1.064979142851
    ));
#1381 = CARTESIAN_POINT('',(2.397473580719,-3.601570783487,
    1.064979180278));
#1382 = CARTESIAN_POINT('',(0.644651861499,-4.026279926308,
    1.064978648913));
#1383 = CARTESIAN_POINT('',(-1.234906135463,-3.473813323938,
    1.064980780301));
#1384 = CARTESIAN_POINT('',(-2.634312668055,-2.095046805731,
    1.064976073802));
#1385 = CARTESIAN_POINT('',(-3.335721730314,-5.195843755246E-12,
    1.064982880597));
#1386 = CARTESIAN_POINT('',(-2.634312668056,2.095046805741,
    1.064976073802));
#1387 = CARTESIAN_POINT('',(-1.234906135463,3.473813323931,
    1.064980780301));
#1388 = CARTESIAN_POINT('',(0.644651861498,4.026279926312,1.064978648913
    ));
#1389 = CARTESIAN_POINT('',(2.397473580719,3.601570783485,1.064979180278
    ));
#1390 = CARTESIAN_POINT('',(3.611770905991,2.529527326261,1.064979142851
    ));
#1391 = CARTESIAN_POINT('',(4.183588523917,1.149037477858,1.064979142851
    ));
#1392 = CARTESIAN_POINT('',(4.206986169676,1.092550564139,1.064979142851
    ));
#1393 = CARTESIAN_POINT('',(4.230413464688,1.035992070792,1.064979142851
    ));
#1394 = CARTESIAN_POINT('',(4.253870408952,0.979361997818,1.064979142851
    ));
#1395 = CARTESIAN_POINT('',(4.277357002469,0.922660345216,1.064979142851
    ));
#1396 = CARTESIAN_POINT('',(4.300873245238,0.865887112986,1.064979142851
    ));
#1397 = CARTESIAN_POINT('',(4.32441913726,0.809042301128,1.064979142851)
  );
#1398 = CARTESIAN_POINT('',(4.347994678535,0.752125909643,1.064979142851
    ));
#1399 = CARTESIAN_POINT('',(4.371599869062,0.695137938531,1.064979142851
    ));
#1400 = CARTESIAN_POINT('',(4.395234708841,0.63807838779,1.064979142851)
  );
#1401 = CARTESIAN_POINT('',(4.418899197873,0.580947257422,1.064979142851
    ));
#1402 = CARTESIAN_POINT('',(4.442593336158,0.523744547427,1.064979142851
    ));
#1403 = CARTESIAN_POINT('',(4.442593336158,-0.523744547427,
    1.182962690499));
#1404 = CARTESIAN_POINT('',(4.418899197873,-0.580947257422,
    1.182962690499));
#1405 = CARTESIAN_POINT('',(4.395234708841,-0.63807838779,1.182962690499
    ));
#1406 = CARTESIAN_POINT('',(4.371599869061,-0.695137938531,
    1.182962690499));
#1407 = CARTESIAN_POINT('',(4.347994678534,-0.752125909643,
    1.182962690499));
#1408 = CARTESIAN_POINT('',(4.32441913726,-0.809042301129,1.182962690499
    ));
#1409 = CARTESIAN_POINT('',(4.300873245238,-0.865887112986,
    1.182962690499));
#1410 = CARTESIAN_POINT('',(4.277357002469,-0.922660345216,
    1.182962690499));
#1411 = CARTESIAN_POINT('',(4.253870408952,-0.979361997818,
    1.182962690499));
#1412 = CARTESIAN_POINT('',(4.230413464688,-1.035992070792,
    1.182962690499));
#1413 = CARTESIAN_POINT('',(4.206986169676,-1.092550564139,
    1.182962690499));
#1414 = CARTESIAN_POINT('',(4.183588523917,-1.149037477858,
    1.182962690499));
#1415 = CARTESIAN_POINT('',(3.611770905991,-2.529527326261,
    1.182962690499));
#1416 = CARTESIAN_POINT('',(2.397473409613,-3.601570594418,
    1.182962692916));
#1417 = CARTESIAN_POINT('',(0.644651798713,-4.026281720893,
    1.182962658608));
#1418 = CARTESIAN_POINT('',(-1.23490220089,-3.473808210321,
    1.182962796222));
#1419 = CARTESIAN_POINT('',(-2.634324724748,-2.095052673194,
    1.182962492343));
#1420 = CARTESIAN_POINT('',(-3.335704239193,3.357980560281E-12,
    1.182962931828));
#1421 = CARTESIAN_POINT('',(-2.634324724748,2.095052673188,
    1.182962492343));
#1422 = CARTESIAN_POINT('',(-1.23490220089,3.473808210325,1.182962796222
    ));
#1423 = CARTESIAN_POINT('',(0.644651798713,4.026281720891,1.182962658608
    ));
#1424 = CARTESIAN_POINT('',(2.397473409613,3.601570594419,1.182962692916
    ));
#1425 = CARTESIAN_POINT('',(3.611770905991,2.529527326261,1.182962690499
    ));
#1426 = CARTESIAN_POINT('',(4.183588523917,1.149037477858,1.182962690499
    ));
#1427 = CARTESIAN_POINT('',(4.206986169676,1.092550564139,1.182962690499
    ));
#1428 = CARTESIAN_POINT('',(4.230413464688,1.035992070792,1.182962690499
    ));
#1429 = CARTESIAN_POINT('',(4.253870408952,0.979361997818,1.182962690499
    ));
#1430 = CARTESIAN_POINT('',(4.277357002469,0.922660345216,1.182962690499
    ));
#1431 = CARTESIAN_POINT('',(4.300873245238,0.865887112986,1.182962690499
    ));
#1432 = CARTESIAN_POINT('',(4.32441913726,0.809042301129,1.182962690499)
  );
#1433 = CARTESIAN_POINT('',(4.347994678534,0.752125909643,1.182962690499
    ));
#1434 = CARTESIAN_POINT('',(4.371599869061,0.695137938531,1.182962690499
    ));
#1435 = CARTESIAN_POINT('',(4.395234708841,0.63807838779,1.182962690499)
  );
#1436 = CARTESIAN_POINT('',(4.418899197873,0.580947257422,1.182962690499
    ));
#1437 = CARTESIAN_POINT('',(4.442593336158,0.523744547427,1.182962690499
    ));
#1438 = CARTESIAN_POINT('',(4.368341043318,-0.492988240695,
    1.269338405373));
#1439 = CARTESIAN_POINT('',(4.344050686533,-0.551630349481,
    1.269338405373));
#1440 = CARTESIAN_POINT('',(4.319898382364,-0.609939169769,
    1.269338405373));
#1441 = CARTESIAN_POINT('',(4.295884130811,-0.667914701558,
    1.269338405373));
#1442 = CARTESIAN_POINT('',(4.272007931874,-0.725556944848,
    1.269338405373));
#1443 = CARTESIAN_POINT('',(4.248269785554,-0.78286589964,1.269338405373
    ));
#1444 = CARTESIAN_POINT('',(4.224669691851,-0.839841565933,
    1.269338405373));
#1445 = CARTESIAN_POINT('',(4.201207650763,-0.896483943727,
    1.269338405373));
#1446 = CARTESIAN_POINT('',(4.177883662292,-0.952793033023,
    1.269338405373));
#1447 = CARTESIAN_POINT('',(4.154697726437,-1.00876883382,1.269338405373
    ));
#1448 = CARTESIAN_POINT('',(4.131649843199,-1.064411346118,
    1.269338405373));
#1449 = CARTESIAN_POINT('',(4.108740012577,-1.119720569918,
    1.269338405373));
#1450 = CARTESIAN_POINT('',(3.55151193136,-2.464988160927,1.269338405373
    ));
#1451 = CARTESIAN_POINT('',(2.368142926712,-3.509870065854,
    1.269338398404));
#1452 = CARTESIAN_POINT('',(0.659702150751,-3.923262885354,
    1.269338497341));
#1453 = CARTESIAN_POINT('',(-1.17054232476,-3.385171524248,
    1.269338100488));
#1454 = CARTESIAN_POINT('',(-2.536114514568,-2.041943209283,
    1.269338976815));
#1455 = CARTESIAN_POINT('',(-3.218001563387,1.211253319866E-12,
    1.269337709422));
#1456 = CARTESIAN_POINT('',(-2.536114514568,2.041943209281,
    1.269338976816));
#1457 = CARTESIAN_POINT('',(-1.170542324761,3.385171524249,
    1.269338100487));
#1458 = CARTESIAN_POINT('',(0.659702150752,3.923262885354,1.269338497342
    ));
#1459 = CARTESIAN_POINT('',(2.368142926712,3.509870065854,1.269338398404
    ));
#1460 = CARTESIAN_POINT('',(3.55151193136,2.464988160927,1.269338405373)
  );
#1461 = CARTESIAN_POINT('',(4.108740012577,1.119720569918,1.269338405373
    ));
#1462 = CARTESIAN_POINT('',(4.131649843199,1.064411346118,1.269338405373
    ));
#1463 = CARTESIAN_POINT('',(4.154697726437,1.00876883382,1.269338405373)
  );
#1464 = CARTESIAN_POINT('',(4.177883662292,0.952793033023,1.269338405373
    ));
#1465 = CARTESIAN_POINT('',(4.201207650763,0.896483943727,1.269338405373
    ));
#1466 = CARTESIAN_POINT('',(4.224669691851,0.839841565933,1.269338405373
    ));
#1467 = CARTESIAN_POINT('',(4.248269785554,0.78286589964,1.269338405373)
  );
#1468 = CARTESIAN_POINT('',(4.272007931874,0.725556944848,1.269338405373
    ));
#1469 = CARTESIAN_POINT('',(4.295884130811,0.667914701558,1.269338405373
    ));
#1470 = CARTESIAN_POINT('',(4.319898382364,0.609939169769,1.269338405373
    ));
#1471 = CARTESIAN_POINT('',(4.344050686533,0.551630349481,1.269338405373
    ));
#1472 = CARTESIAN_POINT('',(4.368341043318,0.492988240695,1.269338405373
    ));
#1473 = ADVANCED_FACE('',(#1474),#1496,.T.);
#1474 = FACE_BOUND('',#1475,.T.);
#1475 = EDGE_LOOP('',(#1476,#1477,#1494,#1495));
#1476 = ORIENTED_EDGE('',*,*,#1354,.T.);
#1477 = ORIENTED_EDGE('',*,*,#1478,.T.);
#1478 = EDGE_CURVE('',#1315,#1300,#1479,.T.);
#1479 = B_SPLINE_CURVE_WITH_KNOTS('',5,(#1480,#1481,#1482,#1483,#1484,
    #1485,#1486,#1487,#1488,#1489,#1490,#1491,#1492,#1493),
  .UNSPECIFIED.,.F.,.F.,(6,4,4,6),(-0.150460971643,-1.699349482237E-07,
    2.474004384637,2.624464954166),.UNSPECIFIED.);
#1480 = CARTESIAN_POINT('',(4.028389379453,1.313704158425,1.269338405373
    ));
#1481 = CARTESIAN_POINT('',(4.040198971339,1.285193281472,1.269338405373
    ));
#1482 = CARTESIAN_POINT('',(4.051861652875,1.257037077477,1.269338405373
    ));
#1483 = CARTESIAN_POINT('',(4.063377424063,1.22923554644,1.269338405373)
  );
#1484 = CARTESIAN_POINT('',(4.074746284901,1.201788688362,1.269338405373
    ));
#1485 = CARTESIAN_POINT('',(4.270489096011,0.72922373811,1.269338405373)
  );
#1486 = CARTESIAN_POINT('',(4.367563702078,0.247524287167,1.269338405373
    ));
#1487 = CARTESIAN_POINT('',(4.36756434983,-0.247522755157,1.269338405373
    ));
#1488 = CARTESIAN_POINT('',(4.270489454492,-0.729222872661,
    1.269338405373));
#1489 = CARTESIAN_POINT('',(4.074746280416,-1.201788699189,
    1.269338405373));
#1490 = CARTESIAN_POINT('',(4.063377417335,-1.229235562681,
    1.269338405373));
#1491 = CARTESIAN_POINT('',(4.051861646148,-1.257037093718,
    1.269338405373));
#1492 = CARTESIAN_POINT('',(4.040198966854,-1.285193292299,
    1.269338405373));
#1493 = CARTESIAN_POINT('',(4.028389379453,-1.313704158425,
    1.269338405373));
#1494 = ORIENTED_EDGE('',*,*,#1299,.F.);
#1495 = ORIENTED_EDGE('',*,*,#1271,.F.);
#1496 = ( BOUNDED_SURFACE() B_SPLINE_SURFACE(2,5,(
    (#1497,#1498,#1499,#1500,#1501,#1502,#1503,#1504,#1505,#1506,#1507
      ,#1508,#1509,#1510)
    ,(#1511,#1512,#1513,#1514,#1515,#1516,#1517,#1518,#1519,#1520,#1521
      ,#1522,#1523,#1524)
    ,(#1525,#1526,#1527,#1528,#1529,#1530,#1531,#1532,#1533,#1534,#1535
      ,#1536,#1537,#1538
)),.UNSPECIFIED.,.F.,.F.,.F.) B_SPLINE_SURFACE_WITH_KNOTS((3,3),(6,4,4,6
    ),(0.,2.474004554572),(-0.150460971643,-1.699349482237E-07,
    2.474004384637,2.624464954166),.UNSPECIFIED.) 
GEOMETRIC_REPRESENTATION_ITEM() RATIONAL_B_SPLINE_SURFACE((
    (1.,1.,1.,1.,1.,1.,1.,1.,1.,1.,1.,1.,1.,1.)
    ,(0.93061798229,0.93061798229,0.93061798229,0.93061798229
      ,0.93061798229,0.93061798229,0.93061798229,0.93061798229
      ,0.93061798229,0.93061798229,0.93061798229,0.93061798229
      ,0.93061798229,0.93061798229)
,(1.,1.,1.,1.,1.,1.,1.,1.,1.,1.,1.,1.,1.,1.
))) REPRESENTATION_ITEM('') SURFACE() );
#1497 = CARTESIAN_POINT('',(4.102641670439,1.344460469082,1.064979142851
    ));
#1498 = CARTESIAN_POINT('',(4.114157445154,1.316658929638,1.064979142851
    ));
#1499 = CARTESIAN_POINT('',(4.125673218125,1.288857394406,1.064979142851
    ));
#1500 = CARTESIAN_POINT('',(4.137188989351,1.261055863385,1.064979142851
    ));
#1501 = CARTESIAN_POINT('',(4.148704758833,1.233254336576,1.064979142851
    ));
#1502 = CARTESIAN_POINT('',(4.349572580446,0.748316518349,1.064979142851
    ));
#1503 = CARTESIAN_POINT('',(4.44918882011,0.254004984338,1.064979142851)
  );
#1504 = CARTESIAN_POINT('',(4.449189507099,-0.254003344051,
    1.064979142851));
#1505 = CARTESIAN_POINT('',(4.349572930008,-0.748315674432,
    1.064979142851));
#1506 = CARTESIAN_POINT('',(4.148704755344,-1.233254344999,
    1.064979142851));
#1507 = CARTESIAN_POINT('',(4.137188984118,-1.26105587602,1.064979142851
    ));
#1508 = CARTESIAN_POINT('',(4.125673212892,-1.288857407041,
    1.064979142851));
#1509 = CARTESIAN_POINT('',(4.114157441665,-1.316658938061,
    1.064979142851));
#1510 = CARTESIAN_POINT('',(4.102641670439,-1.344460469082,
    1.064979142851));
#1511 = CARTESIAN_POINT('',(4.102641670439,1.344460469082,1.182962690499
    ));
#1512 = CARTESIAN_POINT('',(4.114157445154,1.316658929638,1.182962690499
    ));
#1513 = CARTESIAN_POINT('',(4.125673218125,1.288857394406,1.182962690499
    ));
#1514 = CARTESIAN_POINT('',(4.137188989351,1.261055863385,1.182962690499
    ));
#1515 = CARTESIAN_POINT('',(4.148704758833,1.233254336576,1.182962690499
    ));
#1516 = CARTESIAN_POINT('',(4.349572580446,0.748316518349,1.182962690499
    ));
#1517 = CARTESIAN_POINT('',(4.44918882011,0.254004984338,1.182962690499)
  );
#1518 = CARTESIAN_POINT('',(4.449189507099,-0.254003344051,
    1.182962690499));
#1519 = CARTESIAN_POINT('',(4.349572930008,-0.748315674432,
    1.182962690499));
#1520 = CARTESIAN_POINT('',(4.148704755344,-1.233254344999,
    1.182962690499));
#1521 = CARTESIAN_POINT('',(4.137188984118,-1.26105587602,1.182962690499
    ));
#1522 = CARTESIAN_POINT('',(4.125673212892,-1.288857407041,
    1.182962690499));
#1523 = CARTESIAN_POINT('',(4.114157441665,-1.316658938061,
    1.182962690499));
#1524 = CARTESIAN_POINT('',(4.102641670439,-1.344460469082,
    1.182962690499));
#1525 = CARTESIAN_POINT('',(4.028389379453,1.313704158425,1.269338405373
    ));
#1526 = CARTESIAN_POINT('',(4.040198971339,1.285193281472,1.269338405373
    ));
#1527 = CARTESIAN_POINT('',(4.051861652875,1.257037077477,1.269338405373
    ));
#1528 = CARTESIAN_POINT('',(4.063377424063,1.22923554644,1.269338405373)
  );
#1529 = CARTESIAN_POINT('',(4.074746284901,1.201788688362,1.269338405373
    ));
#1530 = CARTESIAN_POINT('',(4.270489096011,0.72922373811,1.269338405373)
  );
#1531 = CARTESIAN_POINT('',(4.367563702078,0.247524287167,1.269338405373
    ));
#1532 = CARTESIAN_POINT('',(4.36756434983,-0.247522755157,1.269338405373
    ));
#1533 = CARTESIAN_POINT('',(4.270489454492,-0.729222872661,
    1.269338405373));
#1534 = CARTESIAN_POINT('',(4.074746280416,-1.201788699189,
    1.269338405373));
#1535 = CARTESIAN_POINT('',(4.063377417335,-1.229235562681,
    1.269338405373));
#1536 = CARTESIAN_POINT('',(4.051861646148,-1.257037093718,
    1.269338405373));
#1537 = CARTESIAN_POINT('',(4.040198966854,-1.285193292299,
    1.269338405373));
#1538 = CARTESIAN_POINT('',(4.028389379453,-1.313704158425,
    1.269338405373));
#1539 = ADVANCED_FACE('',(#1540),#1599,.F.);
#1540 = FACE_BOUND('',#1541,.F.);
#1541 = EDGE_LOOP('',(#1542,#1551,#1552,#1561));
#1542 = ORIENTED_EDGE('',*,*,#1543,.F.);
#1543 = EDGE_CURVE('',#1300,#1544,#1546,.T.);
#1544 = VERTEX_POINT('',#1545);
#1545 = CARTESIAN_POINT('',(4.085968234571,-1.174696505219,
    1.930661594627));
#1546 = CIRCLE('',#1547,0.485412195974);
#1547 = AXIS2_PLACEMENT_3D('',#1548,#1549,#1550);
#1548 = CARTESIAN_POINT('',(4.414287398851,-1.31069075585,1.6));
#1549 = DIRECTION('',(0.382683432365,0.923879532511,2.775557561563E-17)
  );
#1550 = DIRECTION('',(-0.523404384043,0.216801194476,-0.824041924199));
#1551 = ORIENTED_EDGE('',*,*,#1314,.T.);
#1552 = ORIENTED_EDGE('',*,*,#1553,.T.);
#1553 = EDGE_CURVE('',#1315,#1554,#1556,.T.);
#1554 = VERTEX_POINT('',#1555);
#1555 = CARTESIAN_POINT('',(4.085968234571,1.174696505219,1.930661594627
    ));
#1556 = CIRCLE('',#1557,0.485412195974);
#1557 = AXIS2_PLACEMENT_3D('',#1558,#1559,#1560);
#1558 = CARTESIAN_POINT('',(4.414287398851,1.31069075585,1.6));
#1559 = DIRECTION('',(-0.382683432365,0.923879532511,-2.775557561563E-17
    ));
#1560 = DIRECTION('',(-0.523404384043,-0.216801194476,-0.824041924199));
#1561 = ORIENTED_EDGE('',*,*,#1562,.F.);
#1562 = EDGE_CURVE('',#1544,#1554,#1563,.T.);
#1563 = B_SPLINE_CURVE_WITH_KNOTS('',12,(#1564,#1565,#1566,#1567,#1568,
    #1569,#1570,#1571,#1572,#1573,#1574,#1575,#1576,#1577,#1578,#1579,
    #1580,#1581,#1582,#1583,#1584,#1585,#1586,#1587,#1588,#1589,#1590,
    #1591,#1592,#1593,#1594,#1595,#1596,#1597,#1598),.UNSPECIFIED.,.F.,
  .F.,(13,11,11,13),(-0.737875708395,-4.947925115305E-16,17.318029502913
    ,18.055905211308),.UNSPECIFIED.);
#1564 = CARTESIAN_POINT('',(4.368341043318,-0.492988240695,
    1.930661594627));
#1565 = CARTESIAN_POINT('',(4.344050686533,-0.551630349481,
    1.930661594627));
#1566 = CARTESIAN_POINT('',(4.319898382364,-0.609939169769,
    1.930661594627));
#1567 = CARTESIAN_POINT('',(4.295884130811,-0.667914701558,
    1.930661594627));
#1568 = CARTESIAN_POINT('',(4.272007931874,-0.725556944848,
    1.930661594627));
#1569 = CARTESIAN_POINT('',(4.248269785554,-0.78286589964,1.930661594627
    ));
#1570 = CARTESIAN_POINT('',(4.224669691851,-0.839841565933,
    1.930661594627));
#1571 = CARTESIAN_POINT('',(4.201207650763,-0.896483943727,
    1.930661594627));
#1572 = CARTESIAN_POINT('',(4.177883662292,-0.952793033023,
    1.930661594627));
#1573 = CARTESIAN_POINT('',(4.154697726437,-1.00876883382,1.930661594627
    ));
#1574 = CARTESIAN_POINT('',(4.131649843199,-1.064411346118,
    1.930661594627));
#1575 = CARTESIAN_POINT('',(4.108740012577,-1.119720569918,
    1.930661594627));
#1576 = CARTESIAN_POINT('',(3.55151193136,-2.464988160927,1.930661594627
    ));
#1577 = CARTESIAN_POINT('',(2.368142926712,-3.509870065855,
    1.930661601596));
#1578 = CARTESIAN_POINT('',(0.659702150751,-3.923262885354,
    1.930661502657));
#1579 = CARTESIAN_POINT('',(-1.17054232476,-3.385171524248,
    1.930661899515));
#1580 = CARTESIAN_POINT('',(-2.536114514567,-2.041943209282,
    1.930661023182));
#1581 = CARTESIAN_POINT('',(-3.218001563388,6.15951734062E-13,
    1.930662290581));
#1582 = CARTESIAN_POINT('',(-2.536114514567,2.041943209281,
    1.930661023182));
#1583 = CARTESIAN_POINT('',(-1.170542324761,3.385171524249,
    1.930661899514));
#1584 = CARTESIAN_POINT('',(0.659702150752,3.923262885354,1.930661502658
    ));
#1585 = CARTESIAN_POINT('',(2.368142926712,3.509870065854,1.930661601596
    ));
#1586 = CARTESIAN_POINT('',(3.55151193136,2.464988160927,1.930661594627)
  );
#1587 = CARTESIAN_POINT('',(4.108740012577,1.119720569918,1.930661594627
    ));
#1588 = CARTESIAN_POINT('',(4.131649843199,1.064411346118,1.930661594627
    ));
#1589 = CARTESIAN_POINT('',(4.154697726437,1.00876883382,1.930661594627)
  );
#1590 = CARTESIAN_POINT('',(4.177883662292,0.952793033023,1.930661594627
    ));
#1591 = CARTESIAN_POINT('',(4.201207650763,0.896483943727,1.930661594627
    ));
#1592 = CARTESIAN_POINT('',(4.224669691851,0.839841565933,1.930661594627
    ));
#1593 = CARTESIAN_POINT('',(4.248269785554,0.78286589964,1.930661594627)
  );
#1594 = CARTESIAN_POINT('',(4.272007931874,0.725556944848,1.930661594627
    ));
#1595 = CARTESIAN_POINT('',(4.295884130811,0.667914701558,1.930661594627
    ));
#1596 = CARTESIAN_POINT('',(4.319898382364,0.609939169769,1.930661594627
    ));
#1597 = CARTESIAN_POINT('',(4.344050686533,0.551630349481,1.930661594627
    ));
#1598 = CARTESIAN_POINT('',(4.368341043318,0.492988240695,1.930661594627
    ));
#1599 = SURFACE_OF_REVOLUTION('',#1600,#1605);
#1600 = CIRCLE('',#1601,0.485412195974);
#1601 = AXIS2_PLACEMENT_3D('',#1602,#1603,#1604);
#1602 = CARTESIAN_POINT('',(4.414287398851,-1.31069075585,1.6));
#1603 = DIRECTION('',(0.382683432365,0.923879532511,0.));
#1604 = DIRECTION('',(-0.523404384043,0.216801194476,-0.824041924199));
#1605 = AXIS1_PLACEMENT('',#1606,#1607);
#1606 = CARTESIAN_POINT('',(1.25,0.,0.));
#1607 = DIRECTION('',(0.,0.,-1.));
#1608 = ADVANCED_FACE('',(#1609),#1631,.F.);
#1609 = FACE_BOUND('',#1610,.F.);
#1610 = EDGE_LOOP('',(#1611,#1612,#1613,#1614));
#1611 = ORIENTED_EDGE('',*,*,#1553,.F.);
#1612 = ORIENTED_EDGE('',*,*,#1478,.T.);
#1613 = ORIENTED_EDGE('',*,*,#1543,.T.);
#1614 = ORIENTED_EDGE('',*,*,#1615,.F.);
#1615 = EDGE_CURVE('',#1554,#1544,#1616,.T.);
#1616 = B_SPLINE_CURVE_WITH_KNOTS('',5,(#1617,#1618,#1619,#1620,#1621,
    #1622,#1623,#1624,#1625,#1626,#1627,#1628,#1629,#1630),
  .UNSPECIFIED.,.F.,.F.,(6,4,4,6),(-0.150460971643,-1.699349482392E-07,
    2.474004384637,2.624464954166),.UNSPECIFIED.);
#1617 = CARTESIAN_POINT('',(4.028389379453,1.313704158425,1.930661594627
    ));
#1618 = CARTESIAN_POINT('',(4.040198971339,1.285193281472,1.930661594627
    ));
#1619 = CARTESIAN_POINT('',(4.051861652875,1.257037077477,1.930661594627
    ));
#1620 = CARTESIAN_POINT('',(4.063377424063,1.22923554644,1.930661594627)
  );
#1621 = CARTESIAN_POINT('',(4.074746284901,1.201788688362,1.930661594627
    ));
#1622 = CARTESIAN_POINT('',(4.270489096011,0.72922373811,1.930661594627)
  );
#1623 = CARTESIAN_POINT('',(4.367563702078,0.247524287167,1.930661594627
    ));
#1624 = CARTESIAN_POINT('',(4.36756434983,-0.247522755157,1.930661594627
    ));
#1625 = CARTESIAN_POINT('',(4.270489454492,-0.729222872661,
    1.930661594627));
#1626 = CARTESIAN_POINT('',(4.074746280416,-1.201788699189,
    1.930661594627));
#1627 = CARTESIAN_POINT('',(4.063377417335,-1.229235562681,
    1.930661594627));
#1628 = CARTESIAN_POINT('',(4.051861646148,-1.257037093718,
    1.930661594627));
#1629 = CARTESIAN_POINT('',(4.040198966854,-1.285193292299,
    1.930661594627));
#1630 = CARTESIAN_POINT('',(4.028389379453,-1.313704158425,
    1.930661594627));
#1631 = SURFACE_OF_REVOLUTION('',#1632,#1637);
#1632 = CIRCLE('',#1633,0.485412195974);
#1633 = AXIS2_PLACEMENT_3D('',#1634,#1635,#1636);
#1634 = CARTESIAN_POINT('',(4.414287398851,1.31069075585,1.6));
#1635 = DIRECTION('',(-0.382683432365,0.923879532511,0.));
#1636 = DIRECTION('',(-0.523404384043,-0.216801194476,-0.824041924199));
#1637 = AXIS1_PLACEMENT('',#1638,#1639);
#1638 = CARTESIAN_POINT('',(1.25,0.,0.));
#1639 = DIRECTION('',(0.,0.,-1.));
#1640 = ADVANCED_FACE('',(#1641),#1712,.T.);
#1641 = FACE_BOUND('',#1642,.T.);
#1642 = EDGE_LOOP('',(#1643,#1658,#1698,#1711));
#1643 = ORIENTED_EDGE('',*,*,#1644,.T.);
#1644 = EDGE_CURVE('',#1544,#1645,#1647,.T.);
#1645 = VERTEX_POINT('',#1646);
#1646 = CARTESIAN_POINT('',(4.160220527411,-1.20545281195,2.135020857149
    ));
#1647 = B_SPLINE_CURVE_WITH_KNOTS('',5,(#1648,#1649,#1650,#1651,#1652,
    #1653,#1654,#1655,#1656,#1657),.UNSPECIFIED.,.F.,.F.,(6,4,6),(0.,0.5
    ,1.),.UNSPECIFIED.);
#1648 = CARTESIAN_POINT('',(4.085968234571,-1.174696505219,
    1.930661594627));
#1649 = CARTESIAN_POINT('',(4.099792457984,-1.180422686045,
    1.946742945711));
#1650 = CARTESIAN_POINT('',(4.112493966491,-1.185683823132,
    1.964468780413));
#1651 = CARTESIAN_POINT('',(4.123755497541,-1.190348502026,
    1.983677472805));
#1652 = CARTESIAN_POINT('',(4.133299432345,-1.19430172926,2.004056113451
    ));
#1653 = CARTESIAN_POINT('',(4.148681246824,-1.200673085431,
    2.046390378735));
#1654 = CARTESIAN_POINT('',(4.154519320142,-1.203091294577,
    2.068346536327));
#1655 = CARTESIAN_POINT('',(4.158363641376,-1.204683664571,
    2.090712598256));
#1656 = CARTESIAN_POINT('',(4.160220527325,-1.205452811915,
    2.113054788941));
#1657 = CARTESIAN_POINT('',(4.160220527411,-1.20545281195,2.135020857149
    ));
#1658 = ORIENTED_EDGE('',*,*,#1659,.T.);
#1659 = EDGE_CURVE('',#1645,#1660,#1662,.T.);
#1660 = VERTEX_POINT('',#1661);
#1661 = CARTESIAN_POINT('',(4.160220527411,1.20545281195,2.135020857149)
  );
#1662 = B_SPLINE_CURVE_WITH_KNOTS('',12,(#1663,#1664,#1665,#1666,#1667,
    #1668,#1669,#1670,#1671,#1672,#1673,#1674,#1675,#1676,#1677,#1678,
    #1679,#1680,#1681,#1682,#1683,#1684,#1685,#1686,#1687,#1688,#1689,
    #1690,#1691,#1692,#1693,#1694,#1695,#1696,#1697),.UNSPECIFIED.,.F.,
  .F.,(13,11,11,13),(-0.737875708395,-4.947925115305E-16,17.318029502913
    ,18.055905211308),.UNSPECIFIED.);
#1663 = CARTESIAN_POINT('',(4.442593336158,-0.523744547427,
    2.135020857149));
#1664 = CARTESIAN_POINT('',(4.418899197873,-0.580947257422,
    2.135020857149));
#1665 = CARTESIAN_POINT('',(4.395234708841,-0.63807838779,2.135020857149
    ));
#1666 = CARTESIAN_POINT('',(4.371599869062,-0.695137938531,
    2.135020857149));
#1667 = CARTESIAN_POINT('',(4.347994678535,-0.752125909643,
    2.135020857149));
#1668 = CARTESIAN_POINT('',(4.32441913726,-0.809042301129,2.135020857149
    ));
#1669 = CARTESIAN_POINT('',(4.300873245238,-0.865887112986,
    2.135020857149));
#1670 = CARTESIAN_POINT('',(4.277357002469,-0.922660345216,
    2.135020857149));
#1671 = CARTESIAN_POINT('',(4.253870408952,-0.979361997818,
    2.135020857149));
#1672 = CARTESIAN_POINT('',(4.230413464688,-1.035992070792,
    2.135020857149));
#1673 = CARTESIAN_POINT('',(4.206986169676,-1.092550564139,
    2.135020857149));
#1674 = CARTESIAN_POINT('',(4.183588523917,-1.149037477858,
    2.135020857149));
#1675 = CARTESIAN_POINT('',(3.61177090599,-2.52952732626,2.135020857149)
  );
#1676 = CARTESIAN_POINT('',(2.397473580719,-3.601570783487,
    2.135020819723));
#1677 = CARTESIAN_POINT('',(0.644651861498,-4.026279926309,
    2.135021351086));
#1678 = CARTESIAN_POINT('',(-1.234906135462,-3.473813323936,
    2.135019219701));
#1679 = CARTESIAN_POINT('',(-2.634312668057,-2.095046805733,
    2.135023926195));
#1680 = CARTESIAN_POINT('',(-3.335721730313,-3.16902060149E-12,
    2.135017119406));
#1681 = CARTESIAN_POINT('',(-2.634312668057,2.095046805739,
    2.135023926196));
#1682 = CARTESIAN_POINT('',(-1.234906135462,3.473813323932,2.1350192197)
  );
#1683 = CARTESIAN_POINT('',(0.644651861498,4.026279926311,2.135021351086
    ));
#1684 = CARTESIAN_POINT('',(2.397473580719,3.601570783485,2.135020819722
    ));
#1685 = CARTESIAN_POINT('',(3.61177090599,2.529527326261,2.135020857149)
  );
#1686 = CARTESIAN_POINT('',(4.183588523917,1.149037477858,2.135020857149
    ));
#1687 = CARTESIAN_POINT('',(4.206986169676,1.092550564139,2.135020857149
    ));
#1688 = CARTESIAN_POINT('',(4.230413464688,1.035992070792,2.135020857149
    ));
#1689 = CARTESIAN_POINT('',(4.253870408952,0.979361997818,2.135020857149
    ));
#1690 = CARTESIAN_POINT('',(4.277357002469,0.922660345216,2.135020857149
    ));
#1691 = CARTESIAN_POINT('',(4.300873245238,0.865887112986,2.135020857149
    ));
#1692 = CARTESIAN_POINT('',(4.32441913726,0.809042301128,2.135020857149)
  );
#1693 = CARTESIAN_POINT('',(4.347994678535,0.752125909643,2.135020857149
    ));
#1694 = CARTESIAN_POINT('',(4.371599869062,0.695137938531,2.135020857149
    ));
#1695 = CARTESIAN_POINT('',(4.395234708841,0.63807838779,2.135020857149)
  );
#1696 = CARTESIAN_POINT('',(4.418899197873,0.580947257422,2.135020857149
    ));
#1697 = CARTESIAN_POINT('',(4.442593336158,0.523744547427,2.135020857149
    ));
#1698 = ORIENTED_EDGE('',*,*,#1699,.F.);
#1699 = EDGE_CURVE('',#1554,#1660,#1700,.T.);
#1700 = B_SPLINE_CURVE_WITH_KNOTS('',5,(#1701,#1702,#1703,#1704,#1705,
    #1706,#1707,#1708,#1709,#1710),.UNSPECIFIED.,.F.,.F.,(6,4,6),(0.,0.5
    ,1.),.UNSPECIFIED.);
#1701 = CARTESIAN_POINT('',(4.085968234571,1.174696505219,1.930661594627
    ));
#1702 = CARTESIAN_POINT('',(4.099792457984,1.180422686045,1.946742945711
    ));
#1703 = CARTESIAN_POINT('',(4.112493966491,1.185683823132,1.964468780413
    ));
#1704 = CARTESIAN_POINT('',(4.123755497541,1.190348502026,1.983677472805
    ));
#1705 = CARTESIAN_POINT('',(4.133299432345,1.19430172926,2.004056113451)
  );
#1706 = CARTESIAN_POINT('',(4.148681246824,1.200673085431,2.046390378735
    ));
#1707 = CARTESIAN_POINT('',(4.154519320142,1.203091294577,2.068346536327
    ));
#1708 = CARTESIAN_POINT('',(4.158363641376,1.204683664571,2.090712598256
    ));
#1709 = CARTESIAN_POINT('',(4.160220527325,1.205452811915,2.113054788941
    ));
#1710 = CARTESIAN_POINT('',(4.160220527411,1.20545281195,2.135020857149)
  );
#1711 = ORIENTED_EDGE('',*,*,#1562,.F.);
#1712 = ( BOUNDED_SURFACE() B_SPLINE_SURFACE(2,12,(
    (#1713,#1714,#1715,#1716,#1717,#1718,#1719,#1720,#1721,#1722,#1723
      ,#1724,#1725,#1726,#1727,#1728,#1729,#1730,#1731,#1732,#1733,#1734
      ,#1735,#1736,#1737,#1738,#1739,#1740,#1741,#1742,#1743,#1744,#1745
      ,#1746,#1747)
    ,(#1748,#1749,#1750,#1751,#1752,#1753,#1754,#1755,#1756,#1757,#1758
      ,#1759,#1760,#1761,#1762,#1763,#1764,#1765,#1766,#1767,#1768,#1769
      ,#1770,#1771,#1772,#1773,#1774,#1775,#1776,#1777,#1778,#1779,#1780
      ,#1781,#1782)
    ,(#1783,#1784,#1785,#1786,#1787,#1788,#1789,#1790,#1791,#1792,#1793
      ,#1794,#1795,#1796,#1797,#1798,#1799,#1800,#1801,#1802,#1803,#1804
      ,#1805,#1806,#1807,#1808,#1809,#1810,#1811,#1812,#1813,#1814,#1815
      ,#1816,#1817
)),.UNSPECIFIED.,.F.,.F.,.F.) B_SPLINE_SURFACE_WITH_KNOTS((3,3),(13,11,
    11,13),(0.,17.318029502913),(-0.737875708395,-4.947925115305E-16,
    17.318029502913,18.055905211308),.UNSPECIFIED.) 
GEOMETRIC_REPRESENTATION_ITEM() RATIONAL_B_SPLINE_SURFACE((
    (1.,1.,1.,1.,1.,1.,1.,1.,1.,1.,1.,1.,1.,1.,1.,1.,1.,1.,1.,1.,1.,1.
      ,1.,1.,1.,1.,1.,1.,1.,1.,1.,1.,1.,1.,1.)
    ,(0.93061798229,0.93061798229,0.93061798229,0.93061798229
      ,0.93061798229,0.93061798229,0.93061798229,0.93061798229
      ,0.93061798229,0.93061798229,0.93061798229,0.93061798229
      ,0.93061798229,0.93061801928,0.930617494111,0.930619600647
      ,0.930614949024,0.930621676454,0.930614949024,0.930619600647
      ,0.930617494111,0.93061801928,0.93061798229,0.93061798229
      ,0.93061798229,0.93061798229,0.93061798229,0.93061798229
      ,0.93061798229,0.93061798229,0.93061798229,0.93061798229
      ,0.93061798229,0.93061798229,0.93061798229)
    ,(1.,1.,1.,1.,1.,1.,1.,1.,1.,1.,1.,1.,1.,1.,1.,1.,1.,1.,1.,1.,1.,1.
,1.,1.,1.,1.,1.,1.,1.,1.,1.,1.,1.,1.,1.
))) REPRESENTATION_ITEM('') SURFACE() );
#1713 = CARTESIAN_POINT('',(4.368341043318,-0.492988240695,
    1.930661594627));
#1714 = CARTESIAN_POINT('',(4.344050686533,-0.551630349481,
    1.930661594627));
#1715 = CARTESIAN_POINT('',(4.319898382364,-0.609939169769,
    1.930661594627));
#1716 = CARTESIAN_POINT('',(4.295884130811,-0.667914701558,
    1.930661594627));
#1717 = CARTESIAN_POINT('',(4.272007931874,-0.725556944848,
    1.930661594627));
#1718 = CARTESIAN_POINT('',(4.248269785554,-0.78286589964,1.930661594627
    ));
#1719 = CARTESIAN_POINT('',(4.224669691851,-0.839841565933,
    1.930661594627));
#1720 = CARTESIAN_POINT('',(4.201207650763,-0.896483943727,
    1.930661594627));
#1721 = CARTESIAN_POINT('',(4.177883662292,-0.952793033023,
    1.930661594627));
#1722 = CARTESIAN_POINT('',(4.154697726437,-1.00876883382,1.930661594627
    ));
#1723 = CARTESIAN_POINT('',(4.131649843199,-1.064411346118,
    1.930661594627));
#1724 = CARTESIAN_POINT('',(4.108740012577,-1.119720569918,
    1.930661594627));
#1725 = CARTESIAN_POINT('',(3.55151193136,-2.464988160927,1.930661594627
    ));
#1726 = CARTESIAN_POINT('',(2.368142926712,-3.509870065855,
    1.930661601596));
#1727 = CARTESIAN_POINT('',(0.659702150751,-3.923262885354,
    1.930661502657));
#1728 = CARTESIAN_POINT('',(-1.17054232476,-3.385171524248,
    1.930661899515));
#1729 = CARTESIAN_POINT('',(-2.536114514567,-2.041943209282,
    1.930661023182));
#1730 = CARTESIAN_POINT('',(-3.218001563388,6.15951734062E-13,
    1.930662290581));
#1731 = CARTESIAN_POINT('',(-2.536114514567,2.041943209281,
    1.930661023182));
#1732 = CARTESIAN_POINT('',(-1.170542324761,3.385171524249,
    1.930661899514));
#1733 = CARTESIAN_POINT('',(0.659702150752,3.923262885354,1.930661502658
    ));
#1734 = CARTESIAN_POINT('',(2.368142926712,3.509870065854,1.930661601596
    ));
#1735 = CARTESIAN_POINT('',(3.55151193136,2.464988160927,1.930661594627)
  );
#1736 = CARTESIAN_POINT('',(4.108740012577,1.119720569918,1.930661594627
    ));
#1737 = CARTESIAN_POINT('',(4.131649843199,1.064411346118,1.930661594627
    ));
#1738 = CARTESIAN_POINT('',(4.154697726437,1.00876883382,1.930661594627)
  );
#1739 = CARTESIAN_POINT('',(4.177883662292,0.952793033023,1.930661594627
    ));
#1740 = CARTESIAN_POINT('',(4.201207650763,0.896483943727,1.930661594627
    ));
#1741 = CARTESIAN_POINT('',(4.224669691851,0.839841565933,1.930661594627
    ));
#1742 = CARTESIAN_POINT('',(4.248269785554,0.78286589964,1.930661594627)
  );
#1743 = CARTESIAN_POINT('',(4.272007931874,0.725556944848,1.930661594627
    ));
#1744 = CARTESIAN_POINT('',(4.295884130811,0.667914701558,1.930661594627
    ));
#1745 = CARTESIAN_POINT('',(4.319898382364,0.609939169769,1.930661594627
    ));
#1746 = CARTESIAN_POINT('',(4.344050686533,0.551630349481,1.930661594627
    ));
#1747 = CARTESIAN_POINT('',(4.368341043318,0.492988240695,1.930661594627
    ));
#1748 = CARTESIAN_POINT('',(4.442593336158,-0.523744547427,
    2.017037309501));
#1749 = CARTESIAN_POINT('',(4.418899197873,-0.580947257422,
    2.017037309501));
#1750 = CARTESIAN_POINT('',(4.395234708841,-0.63807838779,2.017037309501
    ));
#1751 = CARTESIAN_POINT('',(4.371599869061,-0.695137938531,
    2.017037309501));
#1752 = CARTESIAN_POINT('',(4.347994678534,-0.752125909643,
    2.017037309501));
#1753 = CARTESIAN_POINT('',(4.32441913726,-0.809042301129,2.017037309501
    ));
#1754 = CARTESIAN_POINT('',(4.300873245238,-0.865887112986,
    2.017037309501));
#1755 = CARTESIAN_POINT('',(4.277357002469,-0.922660345216,
    2.017037309501));
#1756 = CARTESIAN_POINT('',(4.253870408952,-0.979361997818,
    2.017037309501));
#1757 = CARTESIAN_POINT('',(4.230413464688,-1.035992070792,
    2.017037309501));
#1758 = CARTESIAN_POINT('',(4.206986169676,-1.092550564139,
    2.017037309501));
#1759 = CARTESIAN_POINT('',(4.183588523917,-1.149037477858,
    2.017037309501));
#1760 = CARTESIAN_POINT('',(3.611770905991,-2.529527326261,
    2.017037309501));
#1761 = CARTESIAN_POINT('',(2.397473409613,-3.601570594418,
    2.017037307084));
#1762 = CARTESIAN_POINT('',(0.644651798713,-4.026281720893,
    2.017037341392));
#1763 = CARTESIAN_POINT('',(-1.234902200889,-3.473808210322,
    2.017037203778));
#1764 = CARTESIAN_POINT('',(-2.634324724748,-2.095052673194,
    2.017037507657));
#1765 = CARTESIAN_POINT('',(-3.335704239193,2.968070234033E-12,
    2.017037068171));
#1766 = CARTESIAN_POINT('',(-2.634324724748,2.095052673188,
    2.017037507657));
#1767 = CARTESIAN_POINT('',(-1.23490220089,3.473808210326,2.017037203778
    ));
#1768 = CARTESIAN_POINT('',(0.644651798713,4.026281720891,2.017037341392
    ));
#1769 = CARTESIAN_POINT('',(2.397473409613,3.601570594419,2.017037307084
    ));
#1770 = CARTESIAN_POINT('',(3.611770905991,2.529527326261,2.017037309501
    ));
#1771 = CARTESIAN_POINT('',(4.183588523917,1.149037477858,2.017037309501
    ));
#1772 = CARTESIAN_POINT('',(4.206986169676,1.092550564139,2.017037309501
    ));
#1773 = CARTESIAN_POINT('',(4.230413464688,1.035992070792,2.017037309501
    ));
#1774 = CARTESIAN_POINT('',(4.253870408952,0.979361997818,2.017037309501
    ));
#1775 = CARTESIAN_POINT('',(4.277357002469,0.922660345216,2.017037309501
    ));
#1776 = CARTESIAN_POINT('',(4.300873245238,0.865887112986,2.017037309501
    ));
#1777 = CARTESIAN_POINT('',(4.32441913726,0.809042301129,2.017037309501)
  );
#1778 = CARTESIAN_POINT('',(4.347994678534,0.752125909643,2.017037309501
    ));
#1779 = CARTESIAN_POINT('',(4.371599869061,0.695137938531,2.017037309501
    ));
#1780 = CARTESIAN_POINT('',(4.395234708841,0.63807838779,2.017037309501)
  );
#1781 = CARTESIAN_POINT('',(4.418899197873,0.580947257422,2.017037309501
    ));
#1782 = CARTESIAN_POINT('',(4.442593336158,0.523744547427,2.017037309501
    ));
#1783 = CARTESIAN_POINT('',(4.442593336158,-0.523744547427,
    2.135020857149));
#1784 = CARTESIAN_POINT('',(4.418899197873,-0.580947257422,
    2.135020857149));
#1785 = CARTESIAN_POINT('',(4.395234708841,-0.63807838779,2.135020857149
    ));
#1786 = CARTESIAN_POINT('',(4.371599869062,-0.695137938531,
    2.135020857149));
#1787 = CARTESIAN_POINT('',(4.347994678535,-0.752125909643,
    2.135020857149));
#1788 = CARTESIAN_POINT('',(4.32441913726,-0.809042301129,2.135020857149
    ));
#1789 = CARTESIAN_POINT('',(4.300873245238,-0.865887112986,
    2.135020857149));
#1790 = CARTESIAN_POINT('',(4.277357002469,-0.922660345216,
    2.135020857149));
#1791 = CARTESIAN_POINT('',(4.253870408952,-0.979361997818,
    2.135020857149));
#1792 = CARTESIAN_POINT('',(4.230413464688,-1.035992070792,
    2.135020857149));
#1793 = CARTESIAN_POINT('',(4.206986169676,-1.092550564139,
    2.135020857149));
#1794 = CARTESIAN_POINT('',(4.183588523917,-1.149037477858,
    2.135020857149));
#1795 = CARTESIAN_POINT('',(3.61177090599,-2.52952732626,2.135020857149)
  );
#1796 = CARTESIAN_POINT('',(2.397473580719,-3.601570783487,
    2.135020819723));
#1797 = CARTESIAN_POINT('',(0.644651861498,-4.026279926309,
    2.135021351086));
#1798 = CARTESIAN_POINT('',(-1.234906135462,-3.473813323936,
    2.135019219701));
#1799 = CARTESIAN_POINT('',(-2.634312668057,-2.095046805733,
    2.135023926195));
#1800 = CARTESIAN_POINT('',(-3.335721730313,-3.16902060149E-12,
    2.135017119406));
#1801 = CARTESIAN_POINT('',(-2.634312668057,2.095046805739,
    2.135023926196));
#1802 = CARTESIAN_POINT('',(-1.234906135462,3.473813323932,2.1350192197)
  );
#1803 = CARTESIAN_POINT('',(0.644651861498,4.026279926311,2.135021351086
    ));
#1804 = CARTESIAN_POINT('',(2.397473580719,3.601570783485,2.135020819722
    ));
#1805 = CARTESIAN_POINT('',(3.61177090599,2.529527326261,2.135020857149)
  );
#1806 = CARTESIAN_POINT('',(4.183588523917,1.149037477858,2.135020857149
    ));
#1807 = CARTESIAN_POINT('',(4.206986169676,1.092550564139,2.135020857149
    ));
#1808 = CARTESIAN_POINT('',(4.230413464688,1.035992070792,2.135020857149
    ));
#1809 = CARTESIAN_POINT('',(4.253870408952,0.979361997818,2.135020857149
    ));
#1810 = CARTESIAN_POINT('',(4.277357002469,0.922660345216,2.135020857149
    ));
#1811 = CARTESIAN_POINT('',(4.300873245238,0.865887112986,2.135020857149
    ));
#1812 = CARTESIAN_POINT('',(4.32441913726,0.809042301128,2.135020857149)
  );
#1813 = CARTESIAN_POINT('',(4.347994678535,0.752125909643,2.135020857149
    ));
#1814 = CARTESIAN_POINT('',(4.371599869062,0.695137938531,2.135020857149
    ));
#1815 = CARTESIAN_POINT('',(4.395234708841,0.63807838779,2.135020857149)
  );
#1816 = CARTESIAN_POINT('',(4.418899197873,0.580947257422,2.135020857149
    ));
#1817 = CARTESIAN_POINT('',(4.442593336158,0.523744547427,2.135020857149
    ));
#1818 = ADVANCED_FACE('',(#1819),#1841,.T.);
#1819 = FACE_BOUND('',#1820,.T.);
#1820 = EDGE_LOOP('',(#1821,#1822,#1839,#1840));
#1821 = ORIENTED_EDGE('',*,*,#1699,.T.);
#1822 = ORIENTED_EDGE('',*,*,#1823,.T.);
#1823 = EDGE_CURVE('',#1660,#1645,#1824,.T.);
#1824 = B_SPLINE_CURVE_WITH_KNOTS('',5,(#1825,#1826,#1827,#1828,#1829,
    #1830,#1831,#1832,#1833,#1834,#1835,#1836,#1837,#1838),
  .UNSPECIFIED.,.F.,.F.,(6,4,4,6),(-0.150460971643,-1.699349482392E-07,
    2.474004384637,2.624464954166),.UNSPECIFIED.);
#1825 = CARTESIAN_POINT('',(4.102641670439,1.344460469082,2.135020857149
    ));
#1826 = CARTESIAN_POINT('',(4.114157445154,1.316658929638,2.135020857149
    ));
#1827 = CARTESIAN_POINT('',(4.125673218125,1.288857394406,2.135020857149
    ));
#1828 = CARTESIAN_POINT('',(4.137188989351,1.261055863385,2.135020857149
    ));
#1829 = CARTESIAN_POINT('',(4.148704758833,1.233254336576,2.135020857149
    ));
#1830 = CARTESIAN_POINT('',(4.349572580446,0.748316518349,2.135020857149
    ));
#1831 = CARTESIAN_POINT('',(4.44918882011,0.254004984338,2.135020857149)
  );
#1832 = CARTESIAN_POINT('',(4.449189507099,-0.254003344051,
    2.135020857149));
#1833 = CARTESIAN_POINT('',(4.349572930008,-0.748315674432,
    2.135020857149));
#1834 = CARTESIAN_POINT('',(4.148704755344,-1.233254344999,
    2.135020857149));
#1835 = CARTESIAN_POINT('',(4.137188984118,-1.26105587602,2.135020857149
    ));
#1836 = CARTESIAN_POINT('',(4.125673212892,-1.288857407041,
    2.135020857149));
#1837 = CARTESIAN_POINT('',(4.114157441665,-1.316658938061,
    2.135020857149));
#1838 = CARTESIAN_POINT('',(4.102641670439,-1.344460469082,
    2.135020857149));
#1839 = ORIENTED_EDGE('',*,*,#1644,.F.);
#1840 = ORIENTED_EDGE('',*,*,#1615,.F.);
#1841 = ( BOUNDED_SURFACE() B_SPLINE_SURFACE(2,5,(
    (#1842,#1843,#1844,#1845,#1846,#1847,#1848,#1849,#1850,#1851,#1852
      ,#1853,#1854,#1855)
    ,(#1856,#1857,#1858,#1859,#1860,#1861,#1862,#1863,#1864,#1865,#1866
      ,#1867,#1868,#1869)
    ,(#1870,#1871,#1872,#1873,#1874,#1875,#1876,#1877,#1878,#1879,#1880
      ,#1881,#1882,#1883
)),.UNSPECIFIED.,.F.,.F.,.F.) B_SPLINE_SURFACE_WITH_KNOTS((3,3),(6,4,4,6
    ),(0.,2.474004554572),(-0.150460971643,-1.699349482392E-07,
    2.474004384637,2.624464954166),.UNSPECIFIED.) 
GEOMETRIC_REPRESENTATION_ITEM() RATIONAL_B_SPLINE_SURFACE((
    (1.,1.,1.,1.,1.,1.,1.,1.,1.,1.,1.,1.,1.,1.)
    ,(0.93061798229,0.93061798229,0.93061798229,0.93061798229
      ,0.93061798229,0.93061798229,0.93061798229,0.93061798229
      ,0.93061798229,0.93061798229,0.93061798229,0.93061798229
      ,0.93061798229,0.93061798229)
,(1.,1.,1.,1.,1.,1.,1.,1.,1.,1.,1.,1.,1.,1.
))) REPRESENTATION_ITEM('') SURFACE() );
#1842 = CARTESIAN_POINT('',(4.028389379453,1.313704158425,1.930661594627
    ));
#1843 = CARTESIAN_POINT('',(4.040198971339,1.285193281472,1.930661594627
    ));
#1844 = CARTESIAN_POINT('',(4.051861652875,1.257037077477,1.930661594627
    ));
#1845 = CARTESIAN_POINT('',(4.063377424063,1.22923554644,1.930661594627)
  );
#1846 = CARTESIAN_POINT('',(4.074746284901,1.201788688362,1.930661594627
    ));
#1847 = CARTESIAN_POINT('',(4.270489096011,0.72922373811,1.930661594627)
  );
#1848 = CARTESIAN_POINT('',(4.367563702078,0.247524287167,1.930661594627
    ));
#1849 = CARTESIAN_POINT('',(4.36756434983,-0.247522755157,1.930661594627
    ));
#1850 = CARTESIAN_POINT('',(4.270489454492,-0.729222872661,
    1.930661594627));
#1851 = CARTESIAN_POINT('',(4.074746280416,-1.201788699189,
    1.930661594627));
#1852 = CARTESIAN_POINT('',(4.063377417335,-1.229235562681,
    1.930661594627));
#1853 = CARTESIAN_POINT('',(4.051861646148,-1.257037093718,
    1.930661594627));
#1854 = CARTESIAN_POINT('',(4.040198966854,-1.285193292299,
    1.930661594627));
#1855 = CARTESIAN_POINT('',(4.028389379453,-1.313704158425,
    1.930661594627));
#1856 = CARTESIAN_POINT('',(4.102641670439,1.344460469082,2.017037309501
    ));
#1857 = CARTESIAN_POINT('',(4.114157445154,1.316658929638,2.017037309501
    ));
#1858 = CARTESIAN_POINT('',(4.125673218125,1.288857394406,2.017037309501
    ));
#1859 = CARTESIAN_POINT('',(4.137188989351,1.261055863385,2.017037309501
    ));
#1860 = CARTESIAN_POINT('',(4.148704758833,1.233254336576,2.017037309501
    ));
#1861 = CARTESIAN_POINT('',(4.349572580446,0.748316518349,2.017037309501
    ));
#1862 = CARTESIAN_POINT('',(4.44918882011,0.254004984338,2.017037309501)
  );
#1863 = CARTESIAN_POINT('',(4.449189507099,-0.254003344051,
    2.017037309501));
#1864 = CARTESIAN_POINT('',(4.349572930008,-0.748315674432,
    2.017037309501));
#1865 = CARTESIAN_POINT('',(4.148704755344,-1.233254344999,
    2.017037309501));
#1866 = CARTESIAN_POINT('',(4.137188984118,-1.26105587602,2.017037309501
    ));
#1867 = CARTESIAN_POINT('',(4.125673212892,-1.288857407041,
    2.017037309501));
#1868 = CARTESIAN_POINT('',(4.114157441665,-1.316658938061,
    2.017037309501));
#1869 = CARTESIAN_POINT('',(4.102641670439,-1.344460469082,
    2.017037309501));
#1870 = CARTESIAN_POINT('',(4.102641670439,1.344460469082,2.135020857149
    ));
#1871 = CARTESIAN_POINT('',(4.114157445154,1.316658929638,2.135020857149
    ));
#1872 = CARTESIAN_POINT('',(4.125673218125,1.288857394406,2.135020857149
    ));
#1873 = CARTESIAN_POINT('',(4.137188989351,1.261055863385,2.135020857149
    ));
#1874 = CARTESIAN_POINT('',(4.148704758833,1.233254336576,2.135020857149
    ));
#1875 = CARTESIAN_POINT('',(4.349572580446,0.748316518349,2.135020857149
    ));
#1876 = CARTESIAN_POINT('',(4.44918882011,0.254004984338,2.135020857149)
  );
#1877 = CARTESIAN_POINT('',(4.449189507099,-0.254003344051,
    2.135020857149));
#1878 = CARTESIAN_POINT('',(4.349572930008,-0.748315674432,
    2.135020857149));
#1879 = CARTESIAN_POINT('',(4.148704755344,-1.233254344999,
    2.135020857149));
#1880 = CARTESIAN_POINT('',(4.137188984118,-1.26105587602,2.135020857149
    ));
#1881 = CARTESIAN_POINT('',(4.125673212892,-1.288857407041,
    2.135020857149));
#1882 = CARTESIAN_POINT('',(4.114157441665,-1.316658938061,
    2.135020857149));
#1883 = CARTESIAN_POINT('',(4.102641670439,-1.344460469082,
    2.135020857149));
#1884 = ADVANCED_FACE('',(#1885),#1911,.T.);
#1885 = FACE_BOUND('',#1886,.T.);
#1886 = EDGE_LOOP('',(#1887,#1898,#1904,#1905));
#1887 = ORIENTED_EDGE('',*,*,#1888,.T.);
#1888 = EDGE_CURVE('',#1889,#1891,#1893,.T.);
#1889 = VERTEX_POINT('',#1890);
#1890 = CARTESIAN_POINT('',(4.160220527411,-1.20545281195,6.1));
#1891 = VERTEX_POINT('',#1892);
#1892 = CARTESIAN_POINT('',(4.160220527411,1.20545281195,6.1));
#1893 = CIRCLE('',#1894,3.15);
#1894 = AXIS2_PLACEMENT_3D('',#1895,#1896,#1897);
#1895 = CARTESIAN_POINT('',(1.25,0.,6.1));
#1896 = DIRECTION('',(0.,-0.,-1.));
#1897 = DIRECTION('',(0.923879532511,-0.382683432365,0.));
#1898 = ORIENTED_EDGE('',*,*,#1899,.F.);
#1899 = EDGE_CURVE('',#1660,#1891,#1900,.T.);
#1900 = LINE('',#1901,#1902);
#1901 = CARTESIAN_POINT('',(4.160220527411,1.20545281195,2.));
#1902 = VECTOR('',#1903,1.);
#1903 = DIRECTION('',(0.,0.,1.));
#1904 = ORIENTED_EDGE('',*,*,#1659,.F.);
#1905 = ORIENTED_EDGE('',*,*,#1906,.T.);
#1906 = EDGE_CURVE('',#1645,#1889,#1907,.T.);
#1907 = LINE('',#1908,#1909);
#1908 = CARTESIAN_POINT('',(4.160220527411,-1.20545281195,2.));
#1909 = VECTOR('',#1910,1.);
#1910 = DIRECTION('',(0.,0.,1.));
#1911 = CYLINDRICAL_SURFACE('',#1912,3.15);
#1912 = AXIS2_PLACEMENT_3D('',#1913,#1914,#1915);
#1913 = CARTESIAN_POINT('',(1.25,0.,2.));
#1914 = DIRECTION('',(0.,0.,1.));
#1915 = DIRECTION('',(0.923879532511,-0.382683432365,0.));
#1916 = ADVANCED_FACE('',(#1917,#1929),#2021,.T.);
#1917 = FACE_BOUND('',#1918,.T.);
#1918 = EDGE_LOOP('',(#1919,#1926,#1927,#1928));
#1919 = ORIENTED_EDGE('',*,*,#1920,.T.);
#1920 = EDGE_CURVE('',#1891,#1889,#1921,.T.);
#1921 = CIRCLE('',#1922,3.15);
#1922 = AXIS2_PLACEMENT_3D('',#1923,#1924,#1925);
#1923 = CARTESIAN_POINT('',(1.25,0.,6.1));
#1924 = DIRECTION('',(0.,0.,-1.));
#1925 = DIRECTION('',(0.923879532511,0.382683432365,0.));
#1926 = ORIENTED_EDGE('',*,*,#1906,.F.);
#1927 = ORIENTED_EDGE('',*,*,#1823,.F.);
#1928 = ORIENTED_EDGE('',*,*,#1899,.T.);
#1929 = FACE_BOUND('',#1930,.T.);
#1930 = EDGE_LOOP('',(#1931,#1941,#1955,#1964,#1978,#1986,#2000,#2009));
#1931 = ORIENTED_EDGE('',*,*,#1932,.T.);
#1932 = EDGE_CURVE('',#1933,#1935,#1937,.T.);
#1933 = VERTEX_POINT('',#1934);
#1934 = CARTESIAN_POINT('',(4.390063693622,-0.25,2.399));
#1935 = VERTEX_POINT('',#1936);
#1936 = CARTESIAN_POINT('',(4.390063693622,-0.25,3.901));
#1937 = LINE('',#1938,#1939);
#1938 = CARTESIAN_POINT('',(4.390063693622,-0.25,2.));
#1939 = VECTOR('',#1940,1.);
#1940 = DIRECTION('',(0.,0.,1.));
#1941 = ORIENTED_EDGE('',*,*,#1942,.F.);
#1942 = EDGE_CURVE('',#1943,#1935,#1945,.T.);
#1943 = VERTEX_POINT('',#1944);
#1944 = CARTESIAN_POINT('',(4.39999984127,-1.E-03,4.15));
#1945 = B_SPLINE_CURVE_WITH_KNOTS('',8,(#1946,#1947,#1948,#1949,#1950,
    #1951,#1952,#1953,#1954),.UNSPECIFIED.,.F.,.F.,(9,9),(0.,1.),
  .PIECEWISE_BEZIER_KNOTS.);
#1946 = CARTESIAN_POINT('',(4.39999984127,-1.000000000001E-03,4.15));
#1947 = CARTESIAN_POINT('',(4.399982832147,-5.457873493797E-02,4.15));
#1948 = CARTESIAN_POINT('',(4.398924962418,-0.105860655764,
    4.136823478699));
#1949 = CARTESIAN_POINT('',(4.396983999654,-0.151858354996,
    4.112452495157));
#1950 = CARTESIAN_POINT('',(4.394628545982,-0.190544274441,
    4.078937530663));
#1951 = CARTESIAN_POINT('',(4.392425632883,-0.220329159971,
    4.038561656652));
#1952 = CARTESIAN_POINT('',(4.390837535903,-0.240281331805,
    3.993723730179));
#1953 = CARTESIAN_POINT('',(4.390063693622,-0.25,3.947017732857));
#1954 = CARTESIAN_POINT('',(4.390063693622,-0.25,3.901));
#1955 = ORIENTED_EDGE('',*,*,#1956,.T.);
#1956 = EDGE_CURVE('',#1943,#1957,#1959,.T.);
#1957 = VERTEX_POINT('',#1958);
#1958 = CARTESIAN_POINT('',(4.39999984127,9.999999999997E-04,4.15));
#1959 = CIRCLE('',#1960,3.15);
#1960 = AXIS2_PLACEMENT_3D('',#1961,#1962,#1963);
#1961 = CARTESIAN_POINT('',(1.25,0.,4.15));
#1962 = DIRECTION('',(0.,-0.,1.));
#1963 = DIRECTION('',(0.923879532511,0.382683432365,0.));
#1964 = ORIENTED_EDGE('',*,*,#1965,.F.);
#1965 = EDGE_CURVE('',#1966,#1957,#1968,.T.);
#1966 = VERTEX_POINT('',#1967);
#1967 = CARTESIAN_POINT('',(4.390063693622,0.25,3.901));
#1968 = B_SPLINE_CURVE_WITH_KNOTS('',8,(#1969,#1970,#1971,#1972,#1973,
    #1974,#1975,#1976,#1977),.UNSPECIFIED.,.F.,.F.,(9,9),(0.,1.),
  .PIECEWISE_BEZIER_KNOTS.);
#1969 = CARTESIAN_POINT('',(4.390063693622,0.25,3.901));
#1970 = CARTESIAN_POINT('',(4.390063693622,0.25,3.94700658647));
#1971 = CARTESIAN_POINT('',(4.390837156831,0.240286057061,3.993714055517
    ));
#1972 = CARTESIAN_POINT('',(4.392425259348,0.220333951949,4.038563137215
    ));
#1973 = CARTESIAN_POINT('',(4.394629002117,0.190540617786,4.078947056242
    ));
#1974 = CARTESIAN_POINT('',(4.39698493313,0.151845982412,4.112464490725)
  );
#1975 = CARTESIAN_POINT('',(4.398925562906,0.105841643592,4.136830953417
    ));
#1976 = CARTESIAN_POINT('',(4.399982836978,5.456351661409E-02,4.15));
#1977 = CARTESIAN_POINT('',(4.39999984127,1.000000000001E-03,4.15));
#1978 = ORIENTED_EDGE('',*,*,#1979,.F.);
#1979 = EDGE_CURVE('',#1980,#1966,#1982,.T.);
#1980 = VERTEX_POINT('',#1981);
#1981 = CARTESIAN_POINT('',(4.390063693622,0.25,2.399));
#1982 = LINE('',#1983,#1984);
#1983 = CARTESIAN_POINT('',(4.390063693622,0.25,2.));
#1984 = VECTOR('',#1985,1.);
#1985 = DIRECTION('',(0.,0.,1.));
#1986 = ORIENTED_EDGE('',*,*,#1987,.T.);
#1987 = EDGE_CURVE('',#1980,#1988,#1990,.T.);
#1988 = VERTEX_POINT('',#1989);
#1989 = CARTESIAN_POINT('',(4.39999984127,9.999999999997E-04,2.15));
#1990 = B_SPLINE_CURVE_WITH_KNOTS('',8,(#1991,#1992,#1993,#1994,#1995,
    #1996,#1997,#1998,#1999),.UNSPECIFIED.,.F.,.F.,(9,9),(0.,1.),
  .PIECEWISE_BEZIER_KNOTS.);
#1991 = CARTESIAN_POINT('',(4.390063693622,0.25,2.399));
#1992 = CARTESIAN_POINT('',(4.390063693622,0.25,2.35299341353));
#1993 = CARTESIAN_POINT('',(4.390837156831,0.240286057061,2.306285944483
    ));
#1994 = CARTESIAN_POINT('',(4.392425259347,0.22033395195,2.261436862787)
  );
#1995 = CARTESIAN_POINT('',(4.394629002117,0.190540617785,2.221052943756
    ));
#1996 = CARTESIAN_POINT('',(4.39698493313,0.151845982412,2.187535509277)
  );
#1997 = CARTESIAN_POINT('',(4.398925562906,0.105841643593,2.163169046583
    ));
#1998 = CARTESIAN_POINT('',(4.399982836978,5.456351661366E-02,2.15));
#1999 = CARTESIAN_POINT('',(4.39999984127,1.000000000001E-03,2.15));
#2000 = ORIENTED_EDGE('',*,*,#2001,.F.);
#2001 = EDGE_CURVE('',#2002,#1988,#2004,.T.);
#2002 = VERTEX_POINT('',#2003);
#2003 = CARTESIAN_POINT('',(4.39999984127,-1.E-03,2.15));
#2004 = CIRCLE('',#2005,3.15);
#2005 = AXIS2_PLACEMENT_3D('',#2006,#2007,#2008);
#2006 = CARTESIAN_POINT('',(1.25,0.,2.15));
#2007 = DIRECTION('',(0.,-0.,1.));
#2008 = DIRECTION('',(0.923879532511,0.382683432365,0.));
#2009 = ORIENTED_EDGE('',*,*,#2010,.T.);
#2010 = EDGE_CURVE('',#2002,#1933,#2011,.T.);
#2011 = B_SPLINE_CURVE_WITH_KNOTS('',8,(#2012,#2013,#2014,#2015,#2016,
    #2017,#2018,#2019,#2020),.UNSPECIFIED.,.F.,.F.,(9,9),(0.,1.),
  .PIECEWISE_BEZIER_KNOTS.);
#2012 = CARTESIAN_POINT('',(4.39999984127,-1.000000000001E-03,2.15));
#2013 = CARTESIAN_POINT('',(4.399982832147,-5.457873493738E-02,2.15));
#2014 = CARTESIAN_POINT('',(4.398924962418,-0.105860655765,
    2.163176521301));
#2015 = CARTESIAN_POINT('',(4.396983999654,-0.151858354994,
    2.187547504842));
#2016 = CARTESIAN_POINT('',(4.394628545982,-0.190544274443,
    2.221062469337));
#2017 = CARTESIAN_POINT('',(4.392425632883,-0.22032915997,2.261438343347
    ));
#2018 = CARTESIAN_POINT('',(4.390837535903,-0.240281331806,
    2.306276269822));
#2019 = CARTESIAN_POINT('',(4.390063693622,-0.25,2.352982267143));
#2020 = CARTESIAN_POINT('',(4.390063693622,-0.25,2.399));
#2021 = CYLINDRICAL_SURFACE('',#2022,3.15);
#2022 = AXIS2_PLACEMENT_3D('',#2023,#2024,#2025);
#2023 = CARTESIAN_POINT('',(1.25,0.,2.));
#2024 = DIRECTION('',(0.,0.,1.));
#2025 = DIRECTION('',(0.923879532511,0.382683432365,-0.));
#2026 = ADVANCED_FACE('',(#2027),#2055,.T.);
#2027 = FACE_BOUND('',#2028,.T.);
#2028 = EDGE_LOOP('',(#2029,#2038,#2047,#2054));
#2029 = ORIENTED_EDGE('',*,*,#2030,.T.);
#2030 = EDGE_CURVE('',#1889,#2031,#2033,.T.);
#2031 = VERTEX_POINT('',#2032);
#2032 = CARTESIAN_POINT('',(3.975444620908,-1.128916125477,6.3));
#2033 = CIRCLE('',#2034,0.2);
#2034 = AXIS2_PLACEMENT_3D('',#2035,#2036,#2037);
#2035 = CARTESIAN_POINT('',(3.975444620908,-1.128916125477,6.1));
#2036 = DIRECTION('',(-0.382683432365,-0.923879532511,0.));
#2037 = DIRECTION('',(0.923879532511,-0.382683432365,0.));
#2038 = ORIENTED_EDGE('',*,*,#2039,.T.);
#2039 = EDGE_CURVE('',#2031,#2040,#2042,.T.);
#2040 = VERTEX_POINT('',#2041);
#2041 = CARTESIAN_POINT('',(3.975444620908,1.128916125477,6.3));
#2042 = CIRCLE('',#2043,2.95);
#2043 = AXIS2_PLACEMENT_3D('',#2044,#2045,#2046);
#2044 = CARTESIAN_POINT('',(1.25,0.,6.3));
#2045 = DIRECTION('',(0.,-0.,-1.));
#2046 = DIRECTION('',(0.923879532511,-0.382683432365,0.));
#2047 = ORIENTED_EDGE('',*,*,#2048,.F.);
#2048 = EDGE_CURVE('',#1891,#2040,#2049,.T.);
#2049 = CIRCLE('',#2050,0.2);
#2050 = AXIS2_PLACEMENT_3D('',#2051,#2052,#2053);
#2051 = CARTESIAN_POINT('',(3.975444620908,1.128916125477,6.1));
#2052 = DIRECTION('',(0.382683432365,-0.923879532511,0.));
#2053 = DIRECTION('',(0.923879532511,0.382683432365,0.));
#2054 = ORIENTED_EDGE('',*,*,#1888,.F.);
#2055 = TOROIDAL_SURFACE('',#2056,2.95,0.2);
#2056 = AXIS2_PLACEMENT_3D('',#2057,#2058,#2059);
#2057 = CARTESIAN_POINT('',(1.25,0.,6.1));
#2058 = DIRECTION('',(0.,0.,1.));
#2059 = DIRECTION('',(0.923879532511,-0.382683432365,0.));
#2060 = ADVANCED_FACE('',(#2061),#2073,.T.);
#2061 = FACE_BOUND('',#2062,.T.);
#2062 = EDGE_LOOP('',(#2063,#2064,#2071,#2072));
#2063 = ORIENTED_EDGE('',*,*,#2048,.T.);
#2064 = ORIENTED_EDGE('',*,*,#2065,.T.);
#2065 = EDGE_CURVE('',#2040,#2031,#2066,.T.);
#2066 = CIRCLE('',#2067,2.95);
#2067 = AXIS2_PLACEMENT_3D('',#2068,#2069,#2070);
#2068 = CARTESIAN_POINT('',(1.25,0.,6.3));
#2069 = DIRECTION('',(0.,0.,-1.));
#2070 = DIRECTION('',(0.923879532511,0.382683432365,0.));
#2071 = ORIENTED_EDGE('',*,*,#2030,.F.);
#2072 = ORIENTED_EDGE('',*,*,#1920,.F.);
#2073 = TOROIDAL_SURFACE('',#2074,2.95,0.2);
#2074 = AXIS2_PLACEMENT_3D('',#2075,#2076,#2077);
#2075 = CARTESIAN_POINT('',(1.25,0.,6.1));
#2076 = DIRECTION('',(0.,0.,1.));
#2077 = DIRECTION('',(0.923879532511,0.382683432365,-0.));
#2078 = ADVANCED_FACE('',(#2079),#2089,.T.);
#2079 = FACE_BOUND('',#2080,.T.);
#2080 = EDGE_LOOP('',(#2081,#2082,#2083,#2084,#2085,#2086,#2087,#2088));
#2081 = ORIENTED_EDGE('',*,*,#1965,.T.);
#2082 = ORIENTED_EDGE('',*,*,#1956,.F.);
#2083 = ORIENTED_EDGE('',*,*,#1942,.T.);
#2084 = ORIENTED_EDGE('',*,*,#1932,.F.);
#2085 = ORIENTED_EDGE('',*,*,#2010,.F.);
#2086 = ORIENTED_EDGE('',*,*,#2001,.T.);
#2087 = ORIENTED_EDGE('',*,*,#1987,.F.);
#2088 = ORIENTED_EDGE('',*,*,#1979,.T.);
#2089 = CYLINDRICAL_SURFACE('',#2090,3.15);
#2090 = AXIS2_PLACEMENT_3D('',#2091,#2092,#2093);
#2091 = CARTESIAN_POINT('',(1.25,0.,2.));
#2092 = DIRECTION('',(0.,0.,1.));
#2093 = DIRECTION('',(0.923879532511,0.382683432365,-0.));
#2094 = ADVANCED_FACE('',(#2095),#2121,.F.);
#2095 = FACE_BOUND('',#2096,.F.);
#2096 = EDGE_LOOP('',(#2097,#2098,#2106,#2115));
#2097 = ORIENTED_EDGE('',*,*,#2039,.T.);
#2098 = ORIENTED_EDGE('',*,*,#2099,.T.);
#2099 = EDGE_CURVE('',#2040,#2100,#2102,.T.);
#2100 = VERTEX_POINT('',#2101);
#2101 = CARTESIAN_POINT('',(3.287154369187,0.843816968365,6.3));
#2102 = LINE('',#2103,#2104);
#2103 = CARTESIAN_POINT('',(3.975444620908,1.128916125477,6.3));
#2104 = VECTOR('',#2105,1.);
#2105 = DIRECTION('',(-0.923879532511,-0.382683432365,0.));
#2106 = ORIENTED_EDGE('',*,*,#2107,.F.);
#2107 = EDGE_CURVE('',#2108,#2100,#2110,.T.);
#2108 = VERTEX_POINT('',#2109);
#2109 = CARTESIAN_POINT('',(3.287154369187,-0.843816968365,6.3));
#2110 = CIRCLE('',#2111,2.205);
#2111 = AXIS2_PLACEMENT_3D('',#2112,#2113,#2114);
#2112 = CARTESIAN_POINT('',(1.25,0.,6.3));
#2113 = DIRECTION('',(0.,-0.,-1.));
#2114 = DIRECTION('',(0.923879532511,-0.382683432365,0.));
#2115 = ORIENTED_EDGE('',*,*,#2116,.F.);
#2116 = EDGE_CURVE('',#2031,#2108,#2117,.T.);
#2117 = LINE('',#2118,#2119);
#2118 = CARTESIAN_POINT('',(3.975444620908,-1.128916125477,6.3));
#2119 = VECTOR('',#2120,1.);
#2120 = DIRECTION('',(-0.923879532511,0.382683432365,0.));
#2121 = PLANE('',#2122);
#2122 = AXIS2_PLACEMENT_3D('',#2123,#2124,#2125);
#2123 = CARTESIAN_POINT('',(1.25,0.,6.3));
#2124 = DIRECTION('',(0.,0.,-1.));
#2125 = DIRECTION('',(0.923879532511,-0.382683432365,0.));
#2126 = ADVANCED_FACE('',(#2127),#2139,.F.);
#2127 = FACE_BOUND('',#2128,.F.);
#2128 = EDGE_LOOP('',(#2129,#2130,#2131,#2138));
#2129 = ORIENTED_EDGE('',*,*,#2065,.T.);
#2130 = ORIENTED_EDGE('',*,*,#2116,.T.);
#2131 = ORIENTED_EDGE('',*,*,#2132,.F.);
#2132 = EDGE_CURVE('',#2100,#2108,#2133,.T.);
#2133 = CIRCLE('',#2134,2.205);
#2134 = AXIS2_PLACEMENT_3D('',#2135,#2136,#2137);
#2135 = CARTESIAN_POINT('',(1.25,0.,6.3));
#2136 = DIRECTION('',(0.,0.,-1.));
#2137 = DIRECTION('',(0.923879532511,0.382683432365,0.));
#2138 = ORIENTED_EDGE('',*,*,#2099,.F.);
#2139 = PLANE('',#2140);
#2140 = AXIS2_PLACEMENT_3D('',#2141,#2142,#2143);
#2141 = CARTESIAN_POINT('',(1.25,0.,6.3));
#2142 = DIRECTION('',(0.,0.,-1.));
#2143 = DIRECTION('',(0.923879532511,0.382683432365,0.));
#2144 = ADVANCED_FACE('',(#2145),#2282,.F.);
#2145 = FACE_BOUND('',#2146,.F.);
#2146 = EDGE_LOOP('',(#2147,#2155,#2156,#2164,#2173,#2181,#2190,#2198,
    #2207,#2215,#2224,#2233,#2241,#2250,#2258,#2267,#2275));
#2147 = ORIENTED_EDGE('',*,*,#2148,.F.);
#2148 = EDGE_CURVE('',#2108,#2149,#2151,.T.);
#2149 = VERTEX_POINT('',#2150);
#2150 = CARTESIAN_POINT('',(3.287154369187,-0.843816968365,6.2));
#2151 = LINE('',#2152,#2153);
#2152 = CARTESIAN_POINT('',(3.287154369187,-0.843816968365,6.3));
#2153 = VECTOR('',#2154,1.);
#2154 = DIRECTION('',(0.,0.,-1.));
#2155 = ORIENTED_EDGE('',*,*,#2107,.T.);
#2156 = ORIENTED_EDGE('',*,*,#2157,.T.);
#2157 = EDGE_CURVE('',#2100,#2158,#2160,.T.);
#2158 = VERTEX_POINT('',#2159);
#2159 = CARTESIAN_POINT('',(3.287154369187,0.843816968365,6.2));
#2160 = LINE('',#2161,#2162);
#2161 = CARTESIAN_POINT('',(3.287154369187,0.843816968365,6.3));
#2162 = VECTOR('',#2163,1.);
#2163 = DIRECTION('',(0.,0.,-1.));
#2164 = ORIENTED_EDGE('',*,*,#2165,.T.);
#2165 = EDGE_CURVE('',#2158,#2166,#2168,.T.);
#2166 = VERTEX_POINT('',#2167);
#2167 = CARTESIAN_POINT('',(1.3,2.204433033685,6.2));
#2168 = CIRCLE('',#2169,2.205);
#2169 = AXIS2_PLACEMENT_3D('',#2170,#2171,#2172);
#2170 = CARTESIAN_POINT('',(1.25,0.,6.2));
#2171 = DIRECTION('',(0.,0.,1.));
#2172 = DIRECTION('',(-1.,1.224646799147E-16,0.));
#2173 = ORIENTED_EDGE('',*,*,#2174,.T.);
#2174 = EDGE_CURVE('',#2166,#2175,#2177,.T.);
#2175 = VERTEX_POINT('',#2176);
#2176 = CARTESIAN_POINT('',(1.3,2.204433033685,6.1));
#2177 = LINE('',#2178,#2179);
#2178 = CARTESIAN_POINT('',(1.3,2.204433033685,6.));
#2179 = VECTOR('',#2180,1.);
#2180 = DIRECTION('',(0.,0.,-1.));
#2181 = ORIENTED_EDGE('',*,*,#2182,.F.);
#2182 = EDGE_CURVE('',#2183,#2175,#2185,.T.);
#2183 = VERTEX_POINT('',#2184);
#2184 = CARTESIAN_POINT('',(1.2,2.204433033685,6.1));
#2185 = CIRCLE('',#2186,2.205);
#2186 = AXIS2_PLACEMENT_3D('',#2187,#2188,#2189);
#2187 = CARTESIAN_POINT('',(1.25,0.,6.1));
#2188 = DIRECTION('',(0.,0.,-1.));
#2189 = DIRECTION('',(-1.,1.224646799147E-16,0.));
#2190 = ORIENTED_EDGE('',*,*,#2191,.F.);
#2191 = EDGE_CURVE('',#2192,#2183,#2194,.T.);
#2192 = VERTEX_POINT('',#2193);
#2193 = CARTESIAN_POINT('',(1.2,2.204433033685,6.2));
#2194 = LINE('',#2195,#2196);
#2195 = CARTESIAN_POINT('',(1.2,2.204433033685,6.));
#2196 = VECTOR('',#2197,1.);
#2197 = DIRECTION('',(0.,0.,-1.));
#2198 = ORIENTED_EDGE('',*,*,#2199,.T.);
#2199 = EDGE_CURVE('',#2192,#2200,#2202,.T.);
#2200 = VERTEX_POINT('',#2201);
#2201 = CARTESIAN_POINT('',(-0.954433033685,5.000000000003E-02,6.2));
#2202 = CIRCLE('',#2203,2.205);
#2203 = AXIS2_PLACEMENT_3D('',#2204,#2205,#2206);
#2204 = CARTESIAN_POINT('',(1.25,0.,6.2));
#2205 = DIRECTION('',(0.,0.,1.));
#2206 = DIRECTION('',(-1.,1.224646799147E-16,0.));
#2207 = ORIENTED_EDGE('',*,*,#2208,.T.);
#2208 = EDGE_CURVE('',#2200,#2209,#2211,.T.);
#2209 = VERTEX_POINT('',#2210);
#2210 = CARTESIAN_POINT('',(-0.954433033685,5.E-02,6.1));
#2211 = LINE('',#2212,#2213);
#2212 = CARTESIAN_POINT('',(-0.954433033685,5.E-02,6.));
#2213 = VECTOR('',#2214,1.);
#2214 = DIRECTION('',(0.,0.,-1.));
#2215 = ORIENTED_EDGE('',*,*,#2216,.F.);
#2216 = EDGE_CURVE('',#2217,#2209,#2219,.T.);
#2217 = VERTEX_POINT('',#2218);
#2218 = CARTESIAN_POINT('',(-0.955,2.70034619212E-16,6.1));
#2219 = CIRCLE('',#2220,2.205);
#2220 = AXIS2_PLACEMENT_3D('',#2221,#2222,#2223);
#2221 = CARTESIAN_POINT('',(1.25,0.,6.1));
#2222 = DIRECTION('',(0.,0.,-1.));
#2223 = DIRECTION('',(-1.,1.224646799147E-16,0.));
#2224 = ORIENTED_EDGE('',*,*,#2225,.F.);
#2225 = EDGE_CURVE('',#2226,#2217,#2228,.T.);
#2226 = VERTEX_POINT('',#2227);
#2227 = CARTESIAN_POINT('',(-0.954433033685,-5.E-02,6.1));
#2228 = CIRCLE('',#2229,2.205);
#2229 = AXIS2_PLACEMENT_3D('',#2230,#2231,#2232);
#2230 = CARTESIAN_POINT('',(1.25,0.,6.1));
#2231 = DIRECTION('',(0.,0.,-1.));
#2232 = DIRECTION('',(-1.,1.224646799147E-16,0.));
#2233 = ORIENTED_EDGE('',*,*,#2234,.F.);
#2234 = EDGE_CURVE('',#2235,#2226,#2237,.T.);
#2235 = VERTEX_POINT('',#2236);
#2236 = CARTESIAN_POINT('',(-0.954433033685,-5.000000000003E-02,6.2));
#2237 = LINE('',#2238,#2239);
#2238 = CARTESIAN_POINT('',(-0.954433033685,-5.E-02,6.));
#2239 = VECTOR('',#2240,1.);
#2240 = DIRECTION('',(0.,0.,-1.));
#2241 = ORIENTED_EDGE('',*,*,#2242,.T.);
#2242 = EDGE_CURVE('',#2235,#2243,#2245,.T.);
#2243 = VERTEX_POINT('',#2244);
#2244 = CARTESIAN_POINT('',(1.2,-2.204433033685,6.2));
#2245 = CIRCLE('',#2246,2.205);
#2246 = AXIS2_PLACEMENT_3D('',#2247,#2248,#2249);
#2247 = CARTESIAN_POINT('',(1.25,0.,6.2));
#2248 = DIRECTION('',(0.,0.,1.));
#2249 = DIRECTION('',(-1.,1.224646799147E-16,0.));
#2250 = ORIENTED_EDGE('',*,*,#2251,.T.);
#2251 = EDGE_CURVE('',#2243,#2252,#2254,.T.);
#2252 = VERTEX_POINT('',#2253);
#2253 = CARTESIAN_POINT('',(1.2,-2.204433033685,6.1));
#2254 = LINE('',#2255,#2256);
#2255 = CARTESIAN_POINT('',(1.2,-2.204433033685,6.));
#2256 = VECTOR('',#2257,1.);
#2257 = DIRECTION('',(0.,0.,-1.));
#2258 = ORIENTED_EDGE('',*,*,#2259,.F.);
#2259 = EDGE_CURVE('',#2260,#2252,#2262,.T.);
#2260 = VERTEX_POINT('',#2261);
#2261 = CARTESIAN_POINT('',(1.3,-2.204433033685,6.1));
#2262 = CIRCLE('',#2263,2.205);
#2263 = AXIS2_PLACEMENT_3D('',#2264,#2265,#2266);
#2264 = CARTESIAN_POINT('',(1.25,0.,6.1));
#2265 = DIRECTION('',(0.,0.,-1.));
#2266 = DIRECTION('',(-1.,1.224646799147E-16,0.));
#2267 = ORIENTED_EDGE('',*,*,#2268,.F.);
#2268 = EDGE_CURVE('',#2269,#2260,#2271,.T.);
#2269 = VERTEX_POINT('',#2270);
#2270 = CARTESIAN_POINT('',(1.3,-2.204433033685,6.2));
#2271 = LINE('',#2272,#2273);
#2272 = CARTESIAN_POINT('',(1.3,-2.204433033685,6.));
#2273 = VECTOR('',#2274,1.);
#2274 = DIRECTION('',(0.,0.,-1.));
#2275 = ORIENTED_EDGE('',*,*,#2276,.T.);
#2276 = EDGE_CURVE('',#2269,#2149,#2277,.T.);
#2277 = CIRCLE('',#2278,2.205);
#2278 = AXIS2_PLACEMENT_3D('',#2279,#2280,#2281);
#2279 = CARTESIAN_POINT('',(1.25,0.,6.2));
#2280 = DIRECTION('',(0.,0.,1.));
#2281 = DIRECTION('',(-1.,1.224646799147E-16,0.));
#2282 = CYLINDRICAL_SURFACE('',#2283,2.205);
#2283 = AXIS2_PLACEMENT_3D('',#2284,#2285,#2286);
#2284 = CARTESIAN_POINT('',(1.25,0.,6.3));
#2285 = DIRECTION('',(0.,0.,-1.));
#2286 = DIRECTION('',(0.923879532511,-0.382683432365,0.));
#2287 = ADVANCED_FACE('',(#2288),#2334,.F.);
#2288 = FACE_BOUND('',#2289,.F.);
#2289 = EDGE_LOOP('',(#2290,#2291,#2292,#2293,#2302,#2310,#2319,#2327));
#2290 = ORIENTED_EDGE('',*,*,#2157,.F.);
#2291 = ORIENTED_EDGE('',*,*,#2132,.T.);
#2292 = ORIENTED_EDGE('',*,*,#2148,.T.);
#2293 = ORIENTED_EDGE('',*,*,#2294,.T.);
#2294 = EDGE_CURVE('',#2149,#2295,#2297,.T.);
#2295 = VERTEX_POINT('',#2296);
#2296 = CARTESIAN_POINT('',(3.454433033685,-5.000000000005E-02,6.2));
#2297 = CIRCLE('',#2298,2.205);
#2298 = AXIS2_PLACEMENT_3D('',#2299,#2300,#2301);
#2299 = CARTESIAN_POINT('',(1.25,0.,6.2));
#2300 = DIRECTION('',(0.,0.,1.));
#2301 = DIRECTION('',(-1.,1.224646799147E-16,0.));
#2302 = ORIENTED_EDGE('',*,*,#2303,.T.);
#2303 = EDGE_CURVE('',#2295,#2304,#2306,.T.);
#2304 = VERTEX_POINT('',#2305);
#2305 = CARTESIAN_POINT('',(3.454433033685,-5.E-02,6.1));
#2306 = LINE('',#2307,#2308);
#2307 = CARTESIAN_POINT('',(3.454433033685,-5.E-02,6.));
#2308 = VECTOR('',#2309,1.);
#2309 = DIRECTION('',(0.,0.,-1.));
#2310 = ORIENTED_EDGE('',*,*,#2311,.F.);
#2311 = EDGE_CURVE('',#2312,#2304,#2314,.T.);
#2312 = VERTEX_POINT('',#2313);
#2313 = CARTESIAN_POINT('',(3.454433033685,5.E-02,6.1));
#2314 = CIRCLE('',#2315,2.205);
#2315 = AXIS2_PLACEMENT_3D('',#2316,#2317,#2318);
#2316 = CARTESIAN_POINT('',(1.25,0.,6.1));
#2317 = DIRECTION('',(0.,0.,-1.));
#2318 = DIRECTION('',(-1.,1.224646799147E-16,0.));
#2319 = ORIENTED_EDGE('',*,*,#2320,.F.);
#2320 = EDGE_CURVE('',#2321,#2312,#2323,.T.);
#2321 = VERTEX_POINT('',#2322);
#2322 = CARTESIAN_POINT('',(3.454433033685,5.000000000005E-02,6.2));
#2323 = LINE('',#2324,#2325);
#2324 = CARTESIAN_POINT('',(3.454433033685,5.E-02,6.));
#2325 = VECTOR('',#2326,1.);
#2326 = DIRECTION('',(0.,0.,-1.));
#2327 = ORIENTED_EDGE('',*,*,#2328,.T.);
#2328 = EDGE_CURVE('',#2321,#2158,#2329,.T.);
#2329 = CIRCLE('',#2330,2.205);
#2330 = AXIS2_PLACEMENT_3D('',#2331,#2332,#2333);
#2331 = CARTESIAN_POINT('',(1.25,0.,6.2));
#2332 = DIRECTION('',(0.,0.,1.));
#2333 = DIRECTION('',(-1.,1.224646799147E-16,0.));
#2334 = CYLINDRICAL_SURFACE('',#2335,2.205);
#2335 = AXIS2_PLACEMENT_3D('',#2336,#2337,#2338);
#2336 = CARTESIAN_POINT('',(1.25,0.,6.3));
#2337 = DIRECTION('',(0.,0.,-1.));
#2338 = DIRECTION('',(0.923879532511,0.382683432365,0.));
#2339 = ADVANCED_FACE('',(#2340),#2358,.T.);
#2340 = FACE_BOUND('',#2341,.T.);
#2341 = EDGE_LOOP('',(#2342,#2350,#2351,#2352));
#2342 = ORIENTED_EDGE('',*,*,#2343,.F.);
#2343 = EDGE_CURVE('',#2269,#2344,#2346,.T.);
#2344 = VERTEX_POINT('',#2345);
#2345 = CARTESIAN_POINT('',(1.3,-5.E-02,6.2));
#2346 = LINE('',#2347,#2348);
#2347 = CARTESIAN_POINT('',(1.3,-6.35,6.2));
#2348 = VECTOR('',#2349,1.);
#2349 = DIRECTION('',(1.224646799147E-16,1.,0.));
#2350 = ORIENTED_EDGE('',*,*,#2276,.T.);
#2351 = ORIENTED_EDGE('',*,*,#2294,.T.);
#2352 = ORIENTED_EDGE('',*,*,#2353,.F.);
#2353 = EDGE_CURVE('',#2344,#2295,#2354,.T.);
#2354 = LINE('',#2355,#2356);
#2355 = CARTESIAN_POINT('',(1.3,-5.E-02,6.2));
#2356 = VECTOR('',#2357,1.);
#2357 = DIRECTION('',(1.,-1.224646799147E-16,0.));
#2358 = PLANE('',#2359);
#2359 = AXIS2_PLACEMENT_3D('',#2360,#2361,#2362);
#2360 = CARTESIAN_POINT('',(1.25,-1.425463059326E-16,6.2));
#2361 = DIRECTION('',(1.203998759507E-48,-1.2517178869E-32,1.));
#2362 = DIRECTION('',(-1.224646799147E-16,-1.,-1.2517178869E-32));
#2363 = ADVANCED_FACE('',(#2364),#2382,.F.);
#2364 = FACE_BOUND('',#2365,.F.);
#2365 = EDGE_LOOP('',(#2366,#2367,#2368,#2376));
#2366 = ORIENTED_EDGE('',*,*,#2343,.F.);
#2367 = ORIENTED_EDGE('',*,*,#2268,.T.);
#2368 = ORIENTED_EDGE('',*,*,#2369,.T.);
#2369 = EDGE_CURVE('',#2260,#2370,#2372,.T.);
#2370 = VERTEX_POINT('',#2371);
#2371 = CARTESIAN_POINT('',(1.3,-5.E-02,6.1));
#2372 = LINE('',#2373,#2374);
#2373 = CARTESIAN_POINT('',(1.3,-6.35,6.1));
#2374 = VECTOR('',#2375,1.);
#2375 = DIRECTION('',(1.224646799147E-16,1.,0.));
#2376 = ORIENTED_EDGE('',*,*,#2377,.F.);
#2377 = EDGE_CURVE('',#2344,#2370,#2378,.T.);
#2378 = LINE('',#2379,#2380);
#2379 = CARTESIAN_POINT('',(1.3,-5.E-02,6.2));
#2380 = VECTOR('',#2381,1.);
#2381 = DIRECTION('',(-1.203998759507E-48,1.2517178869E-32,-1.));
#2382 = PLANE('',#2383);
#2383 = AXIS2_PLACEMENT_3D('',#2384,#2385,#2386);
#2384 = CARTESIAN_POINT('',(1.3,-6.35,6.2));
#2385 = DIRECTION('',(1.,-1.224646799147E-16,-2.736911063134E-48));
#2386 = DIRECTION('',(1.224646799147E-16,1.,0.));
#2387 = ADVANCED_FACE('',(#2388),#2406,.T.);
#2388 = FACE_BOUND('',#2389,.T.);
#2389 = EDGE_LOOP('',(#2390,#2391,#2392,#2400));
#2390 = ORIENTED_EDGE('',*,*,#2328,.T.);
#2391 = ORIENTED_EDGE('',*,*,#2165,.T.);
#2392 = ORIENTED_EDGE('',*,*,#2393,.F.);
#2393 = EDGE_CURVE('',#2394,#2166,#2396,.T.);
#2394 = VERTEX_POINT('',#2395);
#2395 = CARTESIAN_POINT('',(1.3,5.E-02,6.2));
#2396 = LINE('',#2397,#2398);
#2397 = CARTESIAN_POINT('',(1.3,5.E-02,6.2));
#2398 = VECTOR('',#2399,1.);
#2399 = DIRECTION('',(1.224646799147E-16,1.,0.));
#2400 = ORIENTED_EDGE('',*,*,#2401,.F.);
#2401 = EDGE_CURVE('',#2321,#2394,#2402,.T.);
#2402 = LINE('',#2403,#2404);
#2403 = CARTESIAN_POINT('',(7.6,5.E-02,6.2));
#2404 = VECTOR('',#2405,1.);
#2405 = DIRECTION('',(-1.,1.224646799147E-16,0.));
#2406 = PLANE('',#2407);
#2407 = AXIS2_PLACEMENT_3D('',#2408,#2409,#2410);
#2408 = CARTESIAN_POINT('',(1.25,-1.425463059326E-16,6.2));
#2409 = DIRECTION('',(1.203998759507E-48,-1.2517178869E-32,1.));
#2410 = DIRECTION('',(-1.224646799147E-16,-1.,-1.2517178869E-32));
#2411 = ADVANCED_FACE('',(#2412),#2468,.T.);
#2412 = FACE_BOUND('',#2413,.T.);
#2413 = EDGE_LOOP('',(#2414,#2422,#2428,#2429,#2430,#2436,#2437,#2445,
    #2451,#2452,#2460,#2466,#2467));
#2414 = ORIENTED_EDGE('',*,*,#2415,.T.);
#2415 = EDGE_CURVE('',#2226,#2416,#2418,.T.);
#2416 = VERTEX_POINT('',#2417);
#2417 = CARTESIAN_POINT('',(1.2,-5.E-02,6.1));
#2418 = LINE('',#2419,#2420);
#2419 = CARTESIAN_POINT('',(-5.1,-5.E-02,6.1));
#2420 = VECTOR('',#2421,1.);
#2421 = DIRECTION('',(1.,-1.059435039531E-16,0.));
#2422 = ORIENTED_EDGE('',*,*,#2423,.T.);
#2423 = EDGE_CURVE('',#2416,#2252,#2424,.T.);
#2424 = LINE('',#2425,#2426);
#2425 = CARTESIAN_POINT('',(1.2,-5.E-02,6.1));
#2426 = VECTOR('',#2427,1.);
#2427 = DIRECTION('',(-1.224646799147E-16,-1.,0.));
#2428 = ORIENTED_EDGE('',*,*,#2259,.F.);
#2429 = ORIENTED_EDGE('',*,*,#2369,.T.);
#2430 = ORIENTED_EDGE('',*,*,#2431,.T.);
#2431 = EDGE_CURVE('',#2370,#2304,#2432,.T.);
#2432 = LINE('',#2433,#2434);
#2433 = CARTESIAN_POINT('',(1.3,-5.E-02,6.1));
#2434 = VECTOR('',#2435,1.);
#2435 = DIRECTION('',(1.,-1.224646799147E-16,0.));
#2436 = ORIENTED_EDGE('',*,*,#2311,.F.);
#2437 = ORIENTED_EDGE('',*,*,#2438,.T.);
#2438 = EDGE_CURVE('',#2312,#2439,#2441,.T.);
#2439 = VERTEX_POINT('',#2440);
#2440 = CARTESIAN_POINT('',(1.3,5.E-02,6.1));
#2441 = LINE('',#2442,#2443);
#2442 = CARTESIAN_POINT('',(7.6,5.E-02,6.1));
#2443 = VECTOR('',#2444,1.);
#2444 = DIRECTION('',(-1.,1.224646799147E-16,0.));
#2445 = ORIENTED_EDGE('',*,*,#2446,.T.);
#2446 = EDGE_CURVE('',#2439,#2175,#2447,.T.);
#2447 = LINE('',#2448,#2449);
#2448 = CARTESIAN_POINT('',(1.3,5.E-02,6.1));
#2449 = VECTOR('',#2450,1.);
#2450 = DIRECTION('',(1.224646799147E-16,1.,0.));
#2451 = ORIENTED_EDGE('',*,*,#2182,.F.);
#2452 = ORIENTED_EDGE('',*,*,#2453,.T.);
#2453 = EDGE_CURVE('',#2183,#2454,#2456,.T.);
#2454 = VERTEX_POINT('',#2455);
#2455 = CARTESIAN_POINT('',(1.2,5.E-02,6.1));
#2456 = LINE('',#2457,#2458);
#2457 = CARTESIAN_POINT('',(1.2,6.35,6.1));
#2458 = VECTOR('',#2459,1.);
#2459 = DIRECTION('',(-1.224646799147E-16,-1.,0.));
#2460 = ORIENTED_EDGE('',*,*,#2461,.T.);
#2461 = EDGE_CURVE('',#2454,#2209,#2462,.T.);
#2462 = LINE('',#2463,#2464);
#2463 = CARTESIAN_POINT('',(1.2,5.E-02,6.1));
#2464 = VECTOR('',#2465,1.);
#2465 = DIRECTION('',(-1.,1.224646799147E-16,0.));
#2466 = ORIENTED_EDGE('',*,*,#2216,.F.);
#2467 = ORIENTED_EDGE('',*,*,#2225,.F.);
#2468 = PLANE('',#2469);
#2469 = AXIS2_PLACEMENT_3D('',#2470,#2471,#2472);
#2470 = CARTESIAN_POINT('',(1.25,-2.622574073918E-17,6.1));
#2471 = DIRECTION('',(3.196558030834E-32,8.145581993865E-32,1.));
#2472 = DIRECTION('',(-1.224646799147E-16,-1.,8.145581993865E-32));
#2473 = ADVANCED_FACE('',(#2474),#2485,.F.);
#2474 = FACE_BOUND('',#2475,.F.);
#2475 = EDGE_LOOP('',(#2476,#2477,#2483,#2484));
#2476 = ORIENTED_EDGE('',*,*,#2393,.F.);
#2477 = ORIENTED_EDGE('',*,*,#2478,.T.);
#2478 = EDGE_CURVE('',#2394,#2439,#2479,.T.);
#2479 = LINE('',#2480,#2481);
#2480 = CARTESIAN_POINT('',(1.3,5.E-02,6.2));
#2481 = VECTOR('',#2482,1.);
#2482 = DIRECTION('',(-1.203998759507E-48,1.2517178869E-32,-1.));
#2483 = ORIENTED_EDGE('',*,*,#2446,.T.);
#2484 = ORIENTED_EDGE('',*,*,#2174,.F.);
#2485 = PLANE('',#2486);
#2486 = AXIS2_PLACEMENT_3D('',#2487,#2488,#2489);
#2487 = CARTESIAN_POINT('',(1.3,5.E-02,6.2));
#2488 = DIRECTION('',(1.,-1.224646799147E-16,-2.736911063134E-48));
#2489 = DIRECTION('',(1.224646799147E-16,1.,0.));
#2490 = ADVANCED_FACE('',(#2491),#2509,.F.);
#2491 = FACE_BOUND('',#2492,.F.);
#2492 = EDGE_LOOP('',(#2493,#2501,#2507,#2508));
#2493 = ORIENTED_EDGE('',*,*,#2494,.F.);
#2494 = EDGE_CURVE('',#2495,#2243,#2497,.T.);
#2495 = VERTEX_POINT('',#2496);
#2496 = CARTESIAN_POINT('',(1.2,-5.E-02,6.2));
#2497 = LINE('',#2498,#2499);
#2498 = CARTESIAN_POINT('',(1.2,-5.E-02,6.2));
#2499 = VECTOR('',#2500,1.);
#2500 = DIRECTION('',(-1.224646799147E-16,-1.,0.));
#2501 = ORIENTED_EDGE('',*,*,#2502,.T.);
#2502 = EDGE_CURVE('',#2495,#2416,#2503,.T.);
#2503 = LINE('',#2504,#2505);
#2504 = CARTESIAN_POINT('',(1.2,-5.E-02,6.2));
#2505 = VECTOR('',#2506,1.);
#2506 = DIRECTION('',(-1.203998759507E-48,1.2517178869E-32,-1.));
#2507 = ORIENTED_EDGE('',*,*,#2423,.T.);
#2508 = ORIENTED_EDGE('',*,*,#2251,.F.);
#2509 = PLANE('',#2510);
#2510 = AXIS2_PLACEMENT_3D('',#2511,#2512,#2513);
#2511 = CARTESIAN_POINT('',(1.2,-5.E-02,6.2));
#2512 = DIRECTION('',(-1.,1.224646799147E-16,2.736911063134E-48));
#2513 = DIRECTION('',(-1.224646799147E-16,-1.,0.));
#2514 = ADVANCED_FACE('',(#2515),#2525,.T.);
#2515 = FACE_BOUND('',#2516,.T.);
#2516 = EDGE_LOOP('',(#2517,#2523,#2524));
#2517 = ORIENTED_EDGE('',*,*,#2518,.F.);
#2518 = EDGE_CURVE('',#2235,#2495,#2519,.T.);
#2519 = LINE('',#2520,#2521);
#2520 = CARTESIAN_POINT('',(-5.1,-5.E-02,6.2));
#2521 = VECTOR('',#2522,1.);
#2522 = DIRECTION('',(1.,-1.059435039531E-16,0.));
#2523 = ORIENTED_EDGE('',*,*,#2242,.T.);
#2524 = ORIENTED_EDGE('',*,*,#2494,.F.);
#2525 = PLANE('',#2526);
#2526 = AXIS2_PLACEMENT_3D('',#2527,#2528,#2529);
#2527 = CARTESIAN_POINT('',(1.25,-1.425463059326E-16,6.2));
#2528 = DIRECTION('',(1.203998759507E-48,-1.2517178869E-32,1.));
#2529 = DIRECTION('',(-1.224646799147E-16,-1.,-1.2517178869E-32));
#2530 = ADVANCED_FACE('',(#2531),#2549,.F.);
#2531 = FACE_BOUND('',#2532,.F.);
#2532 = EDGE_LOOP('',(#2533,#2541,#2542,#2543));
#2533 = ORIENTED_EDGE('',*,*,#2534,.F.);
#2534 = EDGE_CURVE('',#2192,#2535,#2537,.T.);
#2535 = VERTEX_POINT('',#2536);
#2536 = CARTESIAN_POINT('',(1.2,5.E-02,6.2));
#2537 = LINE('',#2538,#2539);
#2538 = CARTESIAN_POINT('',(1.2,6.35,6.2));
#2539 = VECTOR('',#2540,1.);
#2540 = DIRECTION('',(-1.224646799147E-16,-1.,0.));
#2541 = ORIENTED_EDGE('',*,*,#2191,.T.);
#2542 = ORIENTED_EDGE('',*,*,#2453,.T.);
#2543 = ORIENTED_EDGE('',*,*,#2544,.F.);
#2544 = EDGE_CURVE('',#2535,#2454,#2545,.T.);
#2545 = LINE('',#2546,#2547);
#2546 = CARTESIAN_POINT('',(1.2,5.E-02,6.2));
#2547 = VECTOR('',#2548,1.);
#2548 = DIRECTION('',(-1.203998759507E-48,1.2517178869E-32,-1.));
#2549 = PLANE('',#2550);
#2550 = AXIS2_PLACEMENT_3D('',#2551,#2552,#2553);
#2551 = CARTESIAN_POINT('',(1.2,6.35,6.2));
#2552 = DIRECTION('',(-1.,1.224646799147E-16,2.736911063134E-48));
#2553 = DIRECTION('',(-1.224646799147E-16,-1.,0.));
#2554 = ADVANCED_FACE('',(#2555),#2561,.F.);
#2555 = FACE_BOUND('',#2556,.F.);
#2556 = EDGE_LOOP('',(#2557,#2558,#2559,#2560));
#2557 = ORIENTED_EDGE('',*,*,#2518,.F.);
#2558 = ORIENTED_EDGE('',*,*,#2234,.T.);
#2559 = ORIENTED_EDGE('',*,*,#2415,.T.);
#2560 = ORIENTED_EDGE('',*,*,#2502,.F.);
#2561 = PLANE('',#2562);
#2562 = AXIS2_PLACEMENT_3D('',#2563,#2564,#2565);
#2563 = CARTESIAN_POINT('',(-5.1,-5.E-02,6.2));
#2564 = DIRECTION('',(-1.059435039531E-16,-1.,-1.2517178869E-32));
#2565 = DIRECTION('',(1.,-1.059435039531E-16,0.));
#2566 = ADVANCED_FACE('',(#2567),#2577,.T.);
#2567 = FACE_BOUND('',#2568,.T.);
#2568 = EDGE_LOOP('',(#2569,#2570,#2576));
#2569 = ORIENTED_EDGE('',*,*,#2199,.T.);
#2570 = ORIENTED_EDGE('',*,*,#2571,.F.);
#2571 = EDGE_CURVE('',#2535,#2200,#2572,.T.);
#2572 = LINE('',#2573,#2574);
#2573 = CARTESIAN_POINT('',(1.2,5.E-02,6.2));
#2574 = VECTOR('',#2575,1.);
#2575 = DIRECTION('',(-1.,1.224646799147E-16,0.));
#2576 = ORIENTED_EDGE('',*,*,#2534,.F.);
#2577 = PLANE('',#2578);
#2578 = AXIS2_PLACEMENT_3D('',#2579,#2580,#2581);
#2579 = CARTESIAN_POINT('',(1.25,-1.425463059326E-16,6.2));
#2580 = DIRECTION('',(1.203998759507E-48,-1.2517178869E-32,1.));
#2581 = DIRECTION('',(-1.224646799147E-16,-1.,-1.2517178869E-32));
#2582 = ADVANCED_FACE('',(#2583),#2589,.F.);
#2583 = FACE_BOUND('',#2584,.F.);
#2584 = EDGE_LOOP('',(#2585,#2586,#2587,#2588));
#2585 = ORIENTED_EDGE('',*,*,#2571,.F.);
#2586 = ORIENTED_EDGE('',*,*,#2544,.T.);
#2587 = ORIENTED_EDGE('',*,*,#2461,.T.);
#2588 = ORIENTED_EDGE('',*,*,#2208,.F.);
#2589 = PLANE('',#2590);
#2590 = AXIS2_PLACEMENT_3D('',#2591,#2592,#2593);
#2591 = CARTESIAN_POINT('',(1.2,5.E-02,6.2));
#2592 = DIRECTION('',(1.224646799147E-16,1.,1.2517178869E-32));
#2593 = DIRECTION('',(-1.,1.224646799147E-16,0.));
#2594 = ADVANCED_FACE('',(#2595),#2601,.F.);
#2595 = FACE_BOUND('',#2596,.F.);
#2596 = EDGE_LOOP('',(#2597,#2598,#2599,#2600));
#2597 = ORIENTED_EDGE('',*,*,#2401,.F.);
#2598 = ORIENTED_EDGE('',*,*,#2320,.T.);
#2599 = ORIENTED_EDGE('',*,*,#2438,.T.);
#2600 = ORIENTED_EDGE('',*,*,#2478,.F.);
#2601 = PLANE('',#2602);
#2602 = AXIS2_PLACEMENT_3D('',#2603,#2604,#2605);
#2603 = CARTESIAN_POINT('',(7.6,5.E-02,6.2));
#2604 = DIRECTION('',(1.224646799147E-16,1.,1.2517178869E-32));
#2605 = DIRECTION('',(-1.,1.224646799147E-16,0.));
#2606 = ADVANCED_FACE('',(#2607),#2613,.F.);
#2607 = FACE_BOUND('',#2608,.F.);
#2608 = EDGE_LOOP('',(#2609,#2610,#2611,#2612));
#2609 = ORIENTED_EDGE('',*,*,#2353,.F.);
#2610 = ORIENTED_EDGE('',*,*,#2377,.T.);
#2611 = ORIENTED_EDGE('',*,*,#2431,.T.);
#2612 = ORIENTED_EDGE('',*,*,#2303,.F.);
#2613 = PLANE('',#2614);
#2614 = AXIS2_PLACEMENT_3D('',#2615,#2616,#2617);
#2615 = CARTESIAN_POINT('',(1.3,-5.E-02,6.2));
#2616 = DIRECTION('',(-1.224646799147E-16,-1.,-1.2517178869E-32));
#2617 = DIRECTION('',(1.,-1.224646799147E-16,0.));
#2618 = ORIENTED_CLOSED_SHELL('',*,#2619,.F.);
#2619 = CLOSED_SHELL('',(#2620,#2653,#2685,#2702,#2729));
#2620 = ADVANCED_FACE('',(#2621),#2648,.T.);
#2621 = FACE_BOUND('',#2622,.T.);
#2622 = EDGE_LOOP('',(#2623,#2634,#2642));
#2623 = ORIENTED_EDGE('',*,*,#2624,.T.);
#2624 = EDGE_CURVE('',#2625,#2627,#2629,.T.);
#2625 = VERTEX_POINT('',#2626);
#2626 = CARTESIAN_POINT('',(3.287154369187,0.843816968365,5.9));
#2627 = VERTEX_POINT('',#2628);
#2628 = CARTESIAN_POINT('',(3.287154369187,-0.843816968365,5.9));
#2629 = CIRCLE('',#2630,2.205);
#2630 = AXIS2_PLACEMENT_3D('',#2631,#2632,#2633);
#2631 = CARTESIAN_POINT('',(1.25,0.,5.9));
#2632 = DIRECTION('',(0.,0.,-1.));
#2633 = DIRECTION('',(0.923879532511,0.382683432365,0.));
#2634 = ORIENTED_EDGE('',*,*,#2635,.T.);
#2635 = EDGE_CURVE('',#2627,#2636,#2638,.T.);
#2636 = VERTEX_POINT('',#2637);
#2637 = CARTESIAN_POINT('',(1.25,0.,5.9));
#2638 = LINE('',#2639,#2640);
#2639 = CARTESIAN_POINT('',(3.287154369187,-0.843816968365,5.9));
#2640 = VECTOR('',#2641,1.);
#2641 = DIRECTION('',(-0.923879532511,0.382683432365,0.));
#2642 = ORIENTED_EDGE('',*,*,#2643,.F.);
#2643 = EDGE_CURVE('',#2625,#2636,#2644,.T.);
#2644 = LINE('',#2645,#2646);
#2645 = CARTESIAN_POINT('',(3.287154369187,0.843816968365,5.9));
#2646 = VECTOR('',#2647,1.);
#2647 = DIRECTION('',(-0.923879532511,-0.382683432365,0.));
#2648 = PLANE('',#2649);
#2649 = AXIS2_PLACEMENT_3D('',#2650,#2651,#2652);
#2650 = CARTESIAN_POINT('',(1.25,0.,5.9));
#2651 = DIRECTION('',(0.,0.,-1.));
#2652 = DIRECTION('',(0.923879532511,0.382683432365,0.));
#2653 = ADVANCED_FACE('',(#2654),#2680,.T.);
#2654 = FACE_BOUND('',#2655,.T.);
#2655 = EDGE_LOOP('',(#2656,#2664,#2673,#2679));
#2656 = ORIENTED_EDGE('',*,*,#2657,.F.);
#2657 = EDGE_CURVE('',#2658,#2625,#2660,.T.);
#2658 = VERTEX_POINT('',#2659);
#2659 = CARTESIAN_POINT('',(3.287154369187,0.843816968365,6.));
#2660 = LINE('',#2661,#2662);
#2661 = CARTESIAN_POINT('',(3.287154369187,0.843816968365,6.3));
#2662 = VECTOR('',#2663,1.);
#2663 = DIRECTION('',(0.,0.,-1.));
#2664 = ORIENTED_EDGE('',*,*,#2665,.F.);
#2665 = EDGE_CURVE('',#2666,#2658,#2668,.T.);
#2666 = VERTEX_POINT('',#2667);
#2667 = CARTESIAN_POINT('',(3.287154369187,-0.843816968365,6.));
#2668 = CIRCLE('',#2669,2.205);
#2669 = AXIS2_PLACEMENT_3D('',#2670,#2671,#2672);
#2670 = CARTESIAN_POINT('',(1.25,0.,6.));
#2671 = DIRECTION('',(0.,0.,1.));
#2672 = DIRECTION('',(-1.,1.224646799147E-16,0.));
#2673 = ORIENTED_EDGE('',*,*,#2674,.T.);
#2674 = EDGE_CURVE('',#2666,#2627,#2675,.T.);
#2675 = LINE('',#2676,#2677);
#2676 = CARTESIAN_POINT('',(3.287154369187,-0.843816968365,6.3));
#2677 = VECTOR('',#2678,1.);
#2678 = DIRECTION('',(0.,0.,-1.));
#2679 = ORIENTED_EDGE('',*,*,#2624,.F.);
#2680 = CYLINDRICAL_SURFACE('',#2681,2.205);
#2681 = AXIS2_PLACEMENT_3D('',#2682,#2683,#2684);
#2682 = CARTESIAN_POINT('',(1.25,0.,6.3));
#2683 = DIRECTION('',(0.,0.,-1.));
#2684 = DIRECTION('',(0.923879532511,0.382683432365,0.));
#2685 = ADVANCED_FACE('',(#2686),#2697,.T.);
#2686 = FACE_BOUND('',#2687,.T.);
#2687 = EDGE_LOOP('',(#2688,#2695,#2696));
#2688 = ORIENTED_EDGE('',*,*,#2689,.T.);
#2689 = EDGE_CURVE('',#2627,#2625,#2690,.T.);
#2690 = CIRCLE('',#2691,2.205);
#2691 = AXIS2_PLACEMENT_3D('',#2692,#2693,#2694);
#2692 = CARTESIAN_POINT('',(1.25,0.,5.9));
#2693 = DIRECTION('',(0.,-0.,-1.));
#2694 = DIRECTION('',(0.923879532511,-0.382683432365,0.));
#2695 = ORIENTED_EDGE('',*,*,#2643,.T.);
#2696 = ORIENTED_EDGE('',*,*,#2635,.F.);
#2697 = PLANE('',#2698);
#2698 = AXIS2_PLACEMENT_3D('',#2699,#2700,#2701);
#2699 = CARTESIAN_POINT('',(1.25,0.,5.9));
#2700 = DIRECTION('',(0.,0.,-1.));
#2701 = DIRECTION('',(0.923879532511,-0.382683432365,0.));
#2702 = ADVANCED_FACE('',(#2703),#2724,.T.);
#2703 = FACE_BOUND('',#2704,.T.);
#2704 = EDGE_LOOP('',(#2705,#2706,#2715,#2722,#2723));
#2705 = ORIENTED_EDGE('',*,*,#2674,.F.);
#2706 = ORIENTED_EDGE('',*,*,#2707,.F.);
#2707 = EDGE_CURVE('',#2708,#2666,#2710,.T.);
#2708 = VERTEX_POINT('',#2709);
#2709 = CARTESIAN_POINT('',(-0.955,2.70034619212E-16,6.));
#2710 = CIRCLE('',#2711,2.205);
#2711 = AXIS2_PLACEMENT_3D('',#2712,#2713,#2714);
#2712 = CARTESIAN_POINT('',(1.25,0.,6.));
#2713 = DIRECTION('',(0.,0.,1.));
#2714 = DIRECTION('',(-1.,1.224646799147E-16,0.));
#2715 = ORIENTED_EDGE('',*,*,#2716,.F.);
#2716 = EDGE_CURVE('',#2658,#2708,#2717,.T.);
#2717 = CIRCLE('',#2718,2.205);
#2718 = AXIS2_PLACEMENT_3D('',#2719,#2720,#2721);
#2719 = CARTESIAN_POINT('',(1.25,0.,6.));
#2720 = DIRECTION('',(0.,0.,1.));
#2721 = DIRECTION('',(-1.,1.224646799147E-16,0.));
#2722 = ORIENTED_EDGE('',*,*,#2657,.T.);
#2723 = ORIENTED_EDGE('',*,*,#2689,.F.);
#2724 = CYLINDRICAL_SURFACE('',#2725,2.205);
#2725 = AXIS2_PLACEMENT_3D('',#2726,#2727,#2728);
#2726 = CARTESIAN_POINT('',(1.25,0.,6.3));
#2727 = DIRECTION('',(0.,0.,-1.));
#2728 = DIRECTION('',(0.923879532511,-0.382683432365,0.));
#2729 = ADVANCED_FACE('',(#2730),#2735,.T.);
#2730 = FACE_BOUND('',#2731,.T.);
#2731 = EDGE_LOOP('',(#2732,#2733,#2734));
#2732 = ORIENTED_EDGE('',*,*,#2707,.T.);
#2733 = ORIENTED_EDGE('',*,*,#2665,.T.);
#2734 = ORIENTED_EDGE('',*,*,#2716,.T.);
#2735 = PLANE('',#2736);
#2736 = AXIS2_PLACEMENT_3D('',#2737,#2738,#2739);
#2737 = CARTESIAN_POINT('',(1.25,-1.425463059326E-16,6.));
#2738 = DIRECTION('',(1.203998759507E-48,-1.2517178869E-32,1.));
#2739 = DIRECTION('',(-1.224646799147E-16,-1.,-1.2517178869E-32));
#2740 = ( GEOMETRIC_REPRESENTATION_CONTEXT(3) 
GLOBAL_UNCERTAINTY_ASSIGNED_CONTEXT((#2744)) 
GLOBAL_UNIT_ASSIGNED_CONTEXT((#2741,#2742,#2743)) REPRESENTATION_CONTEXT
('Context #1','3D Context with UNIT and UNCERTAINTY') );
#2741 = ( LENGTH_UNIT() NAMED_UNIT(*) SI_UNIT(.MILLI.,.METRE.) );
#2742 = ( NAMED_UNIT(*) PLANE_ANGLE_UNIT() SI_UNIT($,.RADIAN.) );
#2743 = ( NAMED_UNIT(*) SI_UNIT($,.STERADIAN.) SOLID_ANGLE_UNIT() );
#2744 = UNCERTAINTY_MEASURE_WITH_UNIT(LENGTH_MEASURE(1.E-06),#2741,
  'distance_accuracy_value','confusion accuracy');
#2745 = CONTEXT_DEPENDENT_SHAPE_REPRESENTATION(#2746,#2748);
#2746 = ( REPRESENTATION_RELATIONSHIP('','',#915,#10) 
REPRESENTATION_RELATIONSHIP_WITH_TRANSFORMATION(#2747) 
SHAPE_REPRESENTATION_RELATIONSHIP() );
#2747 = ITEM_DEFINED_TRANSFORMATION('','',#11,#47);
#2748 = PRODUCT_DEFINITION_SHAPE('Placement','Placement of an item',
  #2749);
#2749 = NEXT_ASSEMBLY_USAGE_OCCURRENCE('9','C1','',#5,#910,$);
#2750 = PRODUCT_RELATED_PRODUCT_CATEGORY('part',$,(#912));
#2751 = CONTEXT_DEPENDENT_SHAPE_REPRESENTATION(#2752,#2754);
#2752 = ( REPRESENTATION_RELATIONSHIP('','',#88,#10) 
REPRESENTATION_RELATIONSHIP_WITH_TRANSFORMATION(#2753) 
SHAPE_REPRESENTATION_RELATIONSHIP() );
#2753 = ITEM_DEFINED_TRANSFORMATION('','',#11,#51);
#2754 = PRODUCT_DEFINITION_SHAPE('Placement','Placement of an item',
  #2755);
#2755 = NEXT_ASSEMBLY_USAGE_OCCURRENCE('10','C11','',#5,#83,$);
#2756 = CONTEXT_DEPENDENT_SHAPE_REPRESENTATION(#2757,#2759);
#2757 = ( REPRESENTATION_RELATIONSHIP('','',#88,#10) 
REPRESENTATION_RELATIONSHIP_WITH_TRANSFORMATION(#2758) 
SHAPE_REPRESENTATION_RELATIONSHIP() );
#2758 = ITEM_DEFINED_TRANSFORMATION('','',#11,#55);
#2759 = PRODUCT_DEFINITION_SHAPE('Placement','Placement of an item',
  #2760);
#2760 = NEXT_ASSEMBLY_USAGE_OCCURRENCE('11','C10','',#5,#83,$);
#2761 = CONTEXT_DEPENDENT_SHAPE_REPRESENTATION(#2762,#2764);
#2762 = ( REPRESENTATION_RELATIONSHIP('','',#88,#10) 
REPRESENTATION_RELATIONSHIP_WITH_TRANSFORMATION(#2763) 
SHAPE_REPRESENTATION_RELATIONSHIP() );
#2763 = ITEM_DEFINED_TRANSFORMATION('','',#11,#59);
#2764 = PRODUCT_DEFINITION_SHAPE('Placement','Placement of an item',
  #2765);
#2765 = NEXT_ASSEMBLY_USAGE_OCCURRENCE('12','C6','',#5,#83,$);
#2766 = CONTEXT_DEPENDENT_SHAPE_REPRESENTATION(#2767,#2769);
#2767 = ( REPRESENTATION_RELATIONSHIP('','',#489,#10) 
REPRESENTATION_RELATIONSHIP_WITH_TRANSFORMATION(#2768) 
SHAPE_REPRESENTATION_RELATIONSHIP() );
#2768 = ITEM_DEFINED_TRANSFORMATION('','',#11,#63);
#2769 = PRODUCT_DEFINITION_SHAPE('Placement','Placement of an item',
  #2770);
#2770 = NEXT_ASSEMBLY_USAGE_OCCURRENCE('13','R2','',#5,#484,$);
#2771 = CONTEXT_DEPENDENT_SHAPE_REPRESENTATION(#2772,#2774);
#2772 = ( REPRESENTATION_RELATIONSHIP('','',#88,#10) 
REPRESENTATION_RELATIONSHIP_WITH_TRANSFORMATION(#2773) 
SHAPE_REPRESENTATION_RELATIONSHIP() );
#2773 = ITEM_DEFINED_TRANSFORMATION('','',#11,#67);
#2774 = PRODUCT_DEFINITION_SHAPE('Placement','Placement of an item',
  #2775);
#2775 = NEXT_ASSEMBLY_USAGE_OCCURRENCE('14','C12','',#5,#83,$);
#2776 = SHAPE_DEFINITION_REPRESENTATION(#2777,#2783);
#2777 = PRODUCT_DEFINITION_SHAPE('','',#2778);
#2778 = PRODUCT_DEFINITION('design','',#2779,#2782);
#2779 = PRODUCT_DEFINITION_FORMATION('','',#2780);
#2780 = PRODUCT('Custom-Mixer-ESP32_PCB','Custom-Mixer-ESP32_PCB','',(
    #2781));
#2781 = PRODUCT_CONTEXT('',#2,'mechanical');
#2782 = PRODUCT_DEFINITION_CONTEXT('part definition',#2,'design');
#2783 = ADVANCED_BREP_SHAPE_REPRESENTATION('',(#11,#2784),#9617);
#2784 = MANIFOLD_SOLID_BREP('',#2785);
#2785 = CLOSED_SHELL('',(#2786,#2826,#2857,#2888,#4776,#6664,#6676,#6693
    ,#6710,#6727,#6744,#6761,#6778,#6795,#6812,#6829,#6846,#6863,#6880,
    #6897,#6914,#6931,#6948,#6965,#6982,#6999,#7016,#7033,#7050,#7067,
    #7084,#7101,#7118,#7135,#7152,#7169,#7186,#7203,#7220,#7237,#7254,
    #7271,#7288,#7305,#7322,#7339,#7356,#7373,#7390,#7407,#7424,#7441,
    #7458,#7475,#7492,#7509,#7526,#7543,#7560,#7577,#7594,#7611,#7628,
    #7645,#7662,#7679,#7696,#7713,#7730,#7747,#7764,#7781,#7798,#7815,
    #7832,#7849,#7866,#7883,#7900,#7917,#7934,#7951,#7968,#7985,#8002,
    #8019,#8036,#8053,#8070,#8087,#8104,#8126,#8143,#8160,#8172,#8189,
    #8211,#8228,#8245,#8257,#8274,#8291,#8308,#8325,#8342,#8359,#8376,
    #8393,#8410,#8427,#8444,#8461,#8478,#8495,#8512,#8529,#8546,#8563,
    #8580,#8597,#8614,#8631,#8648,#8665,#8682,#8699,#8716,#8733,#8750,
    #8767,#8784,#8801,#8818,#8835,#8852,#8869,#8886,#8903,#8920,#8937,
    #8954,#8971,#8988,#9010,#9027,#9044,#9056,#9073,#9090,#9107,#9124,
    #9146,#9163,#9180,#9192,#9209,#9226,#9243,#9260,#9277,#9294,#9311,
    #9328,#9345,#9362,#9379,#9396,#9413,#9430,#9447,#9464,#9481,#9498,
    #9515,#9532,#9549,#9566,#9583,#9600));
#2786 = ADVANCED_FACE('',(#2787),#2821,.T.);
#2787 = FACE_BOUND('',#2788,.T.);
#2788 = EDGE_LOOP('',(#2789,#2799,#2807,#2815));
#2789 = ORIENTED_EDGE('',*,*,#2790,.T.);
#2790 = EDGE_CURVE('',#2791,#2793,#2795,.T.);
#2791 = VERTEX_POINT('',#2792);
#2792 = CARTESIAN_POINT('',(241.61,-144.8,0.));
#2793 = VERTEX_POINT('',#2794);
#2794 = CARTESIAN_POINT('',(241.61,-144.8,1.51));
#2795 = LINE('',#2796,#2797);
#2796 = CARTESIAN_POINT('',(241.61,-144.8,0.));
#2797 = VECTOR('',#2798,1.);
#2798 = DIRECTION('',(0.,0.,1.));
#2799 = ORIENTED_EDGE('',*,*,#2800,.T.);
#2800 = EDGE_CURVE('',#2793,#2801,#2803,.T.);
#2801 = VERTEX_POINT('',#2802);
#2802 = CARTESIAN_POINT('',(65.34,-144.8,1.51));
#2803 = LINE('',#2804,#2805);
#2804 = CARTESIAN_POINT('',(241.61,-144.8,1.51));
#2805 = VECTOR('',#2806,1.);
#2806 = DIRECTION('',(-1.,0.,0.));
#2807 = ORIENTED_EDGE('',*,*,#2808,.F.);
#2808 = EDGE_CURVE('',#2809,#2801,#2811,.T.);
#2809 = VERTEX_POINT('',#2810);
#2810 = CARTESIAN_POINT('',(65.34,-144.8,0.));
#2811 = LINE('',#2812,#2813);
#2812 = CARTESIAN_POINT('',(65.34,-144.8,0.));
#2813 = VECTOR('',#2814,1.);
#2814 = DIRECTION('',(0.,0.,1.));
#2815 = ORIENTED_EDGE('',*,*,#2816,.F.);
#2816 = EDGE_CURVE('',#2791,#2809,#2817,.T.);
#2817 = LINE('',#2818,#2819);
#2818 = CARTESIAN_POINT('',(241.61,-144.8,0.));
#2819 = VECTOR('',#2820,1.);
#2820 = DIRECTION('',(-1.,0.,0.));
#2821 = PLANE('',#2822);
#2822 = AXIS2_PLACEMENT_3D('',#2823,#2824,#2825);
#2823 = CARTESIAN_POINT('',(241.61,-144.8,0.));
#2824 = DIRECTION('',(0.,-1.,0.));
#2825 = DIRECTION('',(-1.,0.,0.));
#2826 = ADVANCED_FACE('',(#2827),#2852,.T.);
#2827 = FACE_BOUND('',#2828,.T.);
#2828 = EDGE_LOOP('',(#2829,#2839,#2845,#2846));
#2829 = ORIENTED_EDGE('',*,*,#2830,.T.);
#2830 = EDGE_CURVE('',#2831,#2833,#2835,.T.);
#2831 = VERTEX_POINT('',#2832);
#2832 = CARTESIAN_POINT('',(241.61,-34.22,0.));
#2833 = VERTEX_POINT('',#2834);
#2834 = CARTESIAN_POINT('',(241.61,-34.22,1.51));
#2835 = LINE('',#2836,#2837);
#2836 = CARTESIAN_POINT('',(241.61,-34.22,0.));
#2837 = VECTOR('',#2838,1.);
#2838 = DIRECTION('',(0.,0.,1.));
#2839 = ORIENTED_EDGE('',*,*,#2840,.T.);
#2840 = EDGE_CURVE('',#2833,#2793,#2841,.T.);
#2841 = LINE('',#2842,#2843);
#2842 = CARTESIAN_POINT('',(241.61,-34.22,1.51));
#2843 = VECTOR('',#2844,1.);
#2844 = DIRECTION('',(0.,-1.,0.));
#2845 = ORIENTED_EDGE('',*,*,#2790,.F.);
#2846 = ORIENTED_EDGE('',*,*,#2847,.F.);
#2847 = EDGE_CURVE('',#2831,#2791,#2848,.T.);
#2848 = LINE('',#2849,#2850);
#2849 = CARTESIAN_POINT('',(241.61,-34.22,0.));
#2850 = VECTOR('',#2851,1.);
#2851 = DIRECTION('',(0.,-1.,0.));
#2852 = PLANE('',#2853);
#2853 = AXIS2_PLACEMENT_3D('',#2854,#2855,#2856);
#2854 = CARTESIAN_POINT('',(241.61,-34.22,0.));
#2855 = DIRECTION('',(1.,0.,-0.));
#2856 = DIRECTION('',(0.,-1.,0.));
#2857 = ADVANCED_FACE('',(#2858),#2883,.T.);
#2858 = FACE_BOUND('',#2859,.T.);
#2859 = EDGE_LOOP('',(#2860,#2861,#2869,#2877));
#2860 = ORIENTED_EDGE('',*,*,#2808,.T.);
#2861 = ORIENTED_EDGE('',*,*,#2862,.T.);
#2862 = EDGE_CURVE('',#2801,#2863,#2865,.T.);
#2863 = VERTEX_POINT('',#2864);
#2864 = CARTESIAN_POINT('',(65.34,-34.22,1.51));
#2865 = LINE('',#2866,#2867);
#2866 = CARTESIAN_POINT('',(65.34,-144.8,1.51));
#2867 = VECTOR('',#2868,1.);
#2868 = DIRECTION('',(0.,1.,0.));
#2869 = ORIENTED_EDGE('',*,*,#2870,.F.);
#2870 = EDGE_CURVE('',#2871,#2863,#2873,.T.);
#2871 = VERTEX_POINT('',#2872);
#2872 = CARTESIAN_POINT('',(65.34,-34.22,0.));
#2873 = LINE('',#2874,#2875);
#2874 = CARTESIAN_POINT('',(65.34,-34.22,0.));
#2875 = VECTOR('',#2876,1.);
#2876 = DIRECTION('',(0.,0.,1.));
#2877 = ORIENTED_EDGE('',*,*,#2878,.F.);
#2878 = EDGE_CURVE('',#2809,#2871,#2879,.T.);
#2879 = LINE('',#2880,#2881);
#2880 = CARTESIAN_POINT('',(65.34,-144.8,0.));
#2881 = VECTOR('',#2882,1.);
#2882 = DIRECTION('',(0.,1.,0.));
#2883 = PLANE('',#2884);
#2884 = AXIS2_PLACEMENT_3D('',#2885,#2886,#2887);
#2885 = CARTESIAN_POINT('',(65.34,-144.8,0.));
#2886 = DIRECTION('',(-1.,0.,0.));
#2887 = DIRECTION('',(0.,1.,0.));
#2888 = ADVANCED_FACE('',(#2889,#2900,#2911,#2922,#2933,#2944,#2955,
    #2966,#2977,#2988,#2999,#3010,#3021,#3032,#3043,#3054,#3065,#3076,
    #3087,#3098,#3109,#3120,#3131,#3142,#3153,#3164,#3175,#3186,#3197,
    #3208,#3219,#3230,#3241,#3252,#3263,#3274,#3285,#3296,#3307,#3318,
    #3329,#3340,#3351,#3362,#3373,#3384,#3395,#3406,#3417,#3428,#3439,
    #3450,#3461,#3472,#3483,#3494,#3505,#3516,#3527,#3538,#3549,#3560,
    #3571,#3582,#3593,#3604,#3615,#3626,#3637,#3648,#3659,#3670,#3681,
    #3692,#3703,#3714,#3725,#3736,#3747,#3758,#3769,#3780,#3791,#3802,
    #3813,#3824,#3860,#3871,#3907,#3918,#3929,#3940,#3951,#3962,#3973,
    #3984,#3995,#4006,#4017,#4028,#4039,#4050,#4061,#4072,#4083,#4094,
    #4105,#4116,#4127,#4138,#4149,#4160,#4171,#4182,#4193,#4204,#4215,
    #4226,#4237,#4248,#4259,#4270,#4281,#4292,#4303,#4314,#4325,#4336,
    #4347,#4358,#4369,#4380,#4416,#4427,#4438,#4449,#4460,#4496,#4507,
    #4518,#4529,#4540,#4551,#4562,#4573,#4584,#4595,#4606,#4617,#4628,
    #4639,#4650,#4661,#4672,#4683,#4694,#4705,#4716,#4727,#4738,#4749,
    #4760),#4771,.F.);
#2889 = FACE_BOUND('',#2890,.F.);
#2890 = EDGE_LOOP('',(#2891,#2892,#2893,#2899));
#2891 = ORIENTED_EDGE('',*,*,#2816,.F.);
#2892 = ORIENTED_EDGE('',*,*,#2847,.F.);
#2893 = ORIENTED_EDGE('',*,*,#2894,.F.);
#2894 = EDGE_CURVE('',#2871,#2831,#2895,.T.);
#2895 = LINE('',#2896,#2897);
#2896 = CARTESIAN_POINT('',(65.34,-34.22,0.));
#2897 = VECTOR('',#2898,1.);
#2898 = DIRECTION('',(1.,0.,0.));
#2899 = ORIENTED_EDGE('',*,*,#2878,.F.);
#2900 = FACE_BOUND('',#2901,.F.);
#2901 = EDGE_LOOP('',(#2902));
#2902 = ORIENTED_EDGE('',*,*,#2903,.T.);
#2903 = EDGE_CURVE('',#2904,#2904,#2906,.T.);
#2904 = VERTEX_POINT('',#2905);
#2905 = CARTESIAN_POINT('',(74.614867,-139.9,0.));
#2906 = CIRCLE('',#2907,0.6);
#2907 = AXIS2_PLACEMENT_3D('',#2908,#2909,#2910);
#2908 = CARTESIAN_POINT('',(74.614867,-139.3,0.));
#2909 = DIRECTION('',(-0.,0.,-1.));
#2910 = DIRECTION('',(-0.,-1.,0.));
#2911 = FACE_BOUND('',#2912,.F.);
#2912 = EDGE_LOOP('',(#2913));
#2913 = ORIENTED_EDGE('',*,*,#2914,.T.);
#2914 = EDGE_CURVE('',#2915,#2915,#2917,.T.);
#2915 = VERTEX_POINT('',#2916);
#2916 = CARTESIAN_POINT('',(68.664867,-136.,0.));
#2917 = CIRCLE('',#2918,0.85);
#2918 = AXIS2_PLACEMENT_3D('',#2919,#2920,#2921);
#2919 = CARTESIAN_POINT('',(68.664867,-135.15,0.));
#2920 = DIRECTION('',(-0.,0.,-1.));
#2921 = DIRECTION('',(-0.,-1.,0.));
#2922 = FACE_BOUND('',#2923,.F.);
#2923 = EDGE_LOOP('',(#2924));
#2924 = ORIENTED_EDGE('',*,*,#2925,.T.);
#2925 = EDGE_CURVE('',#2926,#2926,#2928,.T.);
#2926 = VERTEX_POINT('',#2927);
#2927 = CARTESIAN_POINT('',(77.064867,-134.8,0.));
#2928 = CIRCLE('',#2929,0.85);
#2929 = AXIS2_PLACEMENT_3D('',#2930,#2931,#2932);
#2930 = CARTESIAN_POINT('',(77.064867,-133.95,0.));
#2931 = DIRECTION('',(-0.,0.,-1.));
#2932 = DIRECTION('',(1.671865260612E-14,-1.,-0.));
#2933 = FACE_BOUND('',#2934,.F.);
#2934 = EDGE_LOOP('',(#2935));
#2935 = ORIENTED_EDGE('',*,*,#2936,.T.);
#2936 = EDGE_CURVE('',#2937,#2937,#2939,.T.);
#2937 = VERTEX_POINT('',#2938);
#2938 = CARTESIAN_POINT('',(95.778395,-136.17,0.));
#2939 = CIRCLE('',#2940,0.85);
#2940 = AXIS2_PLACEMENT_3D('',#2941,#2942,#2943);
#2941 = CARTESIAN_POINT('',(95.778395,-135.32,0.));
#2942 = DIRECTION('',(-0.,0.,-1.));
#2943 = DIRECTION('',(1.671865260612E-14,-1.,-0.));
#2944 = FACE_BOUND('',#2945,.F.);
#2945 = EDGE_LOOP('',(#2946));
#2946 = ORIENTED_EDGE('',*,*,#2947,.T.);
#2947 = EDGE_CURVE('',#2948,#2948,#2950,.T.);
#2948 = VERTEX_POINT('',#2949);
#2949 = CARTESIAN_POINT('',(101.728395,-140.07,0.));
#2950 = CIRCLE('',#2951,0.6);
#2951 = AXIS2_PLACEMENT_3D('',#2952,#2953,#2954);
#2952 = CARTESIAN_POINT('',(101.728395,-139.47,0.));
#2953 = DIRECTION('',(-0.,0.,-1.));
#2954 = DIRECTION('',(-0.,-1.,0.));
#2955 = FACE_BOUND('',#2956,.F.);
#2956 = EDGE_LOOP('',(#2957));
#2957 = ORIENTED_EDGE('',*,*,#2958,.T.);
#2958 = EDGE_CURVE('',#2959,#2959,#2961,.T.);
#2959 = VERTEX_POINT('',#2960);
#2960 = CARTESIAN_POINT('',(104.178395,-134.97,0.));
#2961 = CIRCLE('',#2962,0.85);
#2962 = AXIS2_PLACEMENT_3D('',#2963,#2964,#2965);
#2963 = CARTESIAN_POINT('',(104.178395,-134.12,0.));
#2964 = DIRECTION('',(-0.,0.,-1.));
#2965 = DIRECTION('',(-0.,-1.,0.));
#2966 = FACE_BOUND('',#2967,.F.);
#2967 = EDGE_LOOP('',(#2968));
#2968 = ORIENTED_EDGE('',*,*,#2969,.T.);
#2969 = EDGE_CURVE('',#2970,#2970,#2972,.T.);
#2970 = VERTEX_POINT('',#2971);
#2971 = CARTESIAN_POINT('',(128.861923,-139.53,0.));
#2972 = CIRCLE('',#2973,0.6);
#2973 = AXIS2_PLACEMENT_3D('',#2974,#2975,#2976);
#2974 = CARTESIAN_POINT('',(128.861923,-138.93,0.));
#2975 = DIRECTION('',(-0.,0.,-1.));
#2976 = DIRECTION('',(-0.,-1.,0.));
#2977 = FACE_BOUND('',#2978,.F.);
#2978 = EDGE_LOOP('',(#2979));
#2979 = ORIENTED_EDGE('',*,*,#2980,.T.);
#2980 = EDGE_CURVE('',#2981,#2981,#2983,.T.);
#2981 = VERTEX_POINT('',#2982);
#2982 = CARTESIAN_POINT('',(122.911923,-135.63,0.));
#2983 = CIRCLE('',#2984,0.85);
#2984 = AXIS2_PLACEMENT_3D('',#2985,#2986,#2987);
#2985 = CARTESIAN_POINT('',(122.911923,-134.78,0.));
#2986 = DIRECTION('',(-0.,0.,-1.));
#2987 = DIRECTION('',(-0.,-1.,0.));
#2988 = FACE_BOUND('',#2989,.F.);
#2989 = EDGE_LOOP('',(#2990));
#2990 = ORIENTED_EDGE('',*,*,#2991,.T.);
#2991 = EDGE_CURVE('',#2992,#2992,#2994,.T.);
#2992 = VERTEX_POINT('',#2993);
#2993 = CARTESIAN_POINT('',(131.311923,-134.43,0.));
#2994 = CIRCLE('',#2995,0.85);
#2995 = AXIS2_PLACEMENT_3D('',#2996,#2997,#2998);
#2996 = CARTESIAN_POINT('',(131.311923,-133.58,0.));
#2997 = DIRECTION('',(-0.,0.,-1.));
#2998 = DIRECTION('',(-0.,-1.,0.));
#2999 = FACE_BOUND('',#3000,.F.);
#3000 = EDGE_LOOP('',(#3001));
#3001 = ORIENTED_EDGE('',*,*,#3002,.T.);
#3002 = EDGE_CURVE('',#3003,#3003,#3005,.T.);
#3003 = VERTEX_POINT('',#3004);
#3004 = CARTESIAN_POINT('',(155.97545,-138.935,0.));
#3005 = CIRCLE('',#3006,0.6);
#3006 = AXIS2_PLACEMENT_3D('',#3007,#3008,#3009);
#3007 = CARTESIAN_POINT('',(155.97545,-138.335,0.));
#3008 = DIRECTION('',(-0.,0.,-1.));
#3009 = DIRECTION('',(-0.,-1.,0.));
#3010 = FACE_BOUND('',#3011,.F.);
#3011 = EDGE_LOOP('',(#3012));
#3012 = ORIENTED_EDGE('',*,*,#3013,.T.);
#3013 = EDGE_CURVE('',#3014,#3014,#3016,.T.);
#3014 = VERTEX_POINT('',#3015);
#3015 = CARTESIAN_POINT('',(150.02545,-135.035,0.));
#3016 = CIRCLE('',#3017,0.85);
#3017 = AXIS2_PLACEMENT_3D('',#3018,#3019,#3020);
#3018 = CARTESIAN_POINT('',(150.02545,-134.185,0.));
#3019 = DIRECTION('',(-0.,0.,-1.));
#3020 = DIRECTION('',(-0.,-1.,0.));
#3021 = FACE_BOUND('',#3022,.F.);
#3022 = EDGE_LOOP('',(#3023));
#3023 = ORIENTED_EDGE('',*,*,#3024,.T.);
#3024 = EDGE_CURVE('',#3025,#3025,#3027,.T.);
#3025 = VERTEX_POINT('',#3026);
#3026 = CARTESIAN_POINT('',(158.42545,-133.835,0.));
#3027 = CIRCLE('',#3028,0.85);
#3028 = AXIS2_PLACEMENT_3D('',#3029,#3030,#3031);
#3029 = CARTESIAN_POINT('',(158.42545,-132.985,0.));
#3030 = DIRECTION('',(-0.,0.,-1.));
#3031 = DIRECTION('',(-0.,-1.,0.));
#3032 = FACE_BOUND('',#3033,.F.);
#3033 = EDGE_LOOP('',(#3034));
#3034 = ORIENTED_EDGE('',*,*,#3035,.T.);
#3035 = EDGE_CURVE('',#3036,#3036,#3038,.T.);
#3036 = VERTEX_POINT('',#3037);
#3037 = CARTESIAN_POINT('',(177.138978,-135.67,0.));
#3038 = CIRCLE('',#3039,0.85);
#3039 = AXIS2_PLACEMENT_3D('',#3040,#3041,#3042);
#3040 = CARTESIAN_POINT('',(177.138978,-134.82,0.));
#3041 = DIRECTION('',(-0.,0.,-1.));
#3042 = DIRECTION('',(-0.,-1.,0.));
#3043 = FACE_BOUND('',#3044,.F.);
#3044 = EDGE_LOOP('',(#3045));
#3045 = ORIENTED_EDGE('',*,*,#3046,.T.);
#3046 = EDGE_CURVE('',#3047,#3047,#3049,.T.);
#3047 = VERTEX_POINT('',#3048);
#3048 = CARTESIAN_POINT('',(183.088978,-139.57,0.));
#3049 = CIRCLE('',#3050,0.6);
#3050 = AXIS2_PLACEMENT_3D('',#3051,#3052,#3053);
#3051 = CARTESIAN_POINT('',(183.088978,-138.97,0.));
#3052 = DIRECTION('',(-0.,0.,-1.));
#3053 = DIRECTION('',(-0.,-1.,0.));
#3054 = FACE_BOUND('',#3055,.F.);
#3055 = EDGE_LOOP('',(#3056));
#3056 = ORIENTED_EDGE('',*,*,#3057,.T.);
#3057 = EDGE_CURVE('',#3058,#3058,#3060,.T.);
#3058 = VERTEX_POINT('',#3059);
#3059 = CARTESIAN_POINT('',(185.538978,-134.47,0.));
#3060 = CIRCLE('',#3061,0.85);
#3061 = AXIS2_PLACEMENT_3D('',#3062,#3063,#3064);
#3062 = CARTESIAN_POINT('',(185.538978,-133.62,0.));
#3063 = DIRECTION('',(-0.,0.,-1.));
#3064 = DIRECTION('',(-0.,-1.,0.));
#3065 = FACE_BOUND('',#3066,.F.);
#3066 = EDGE_LOOP('',(#3067));
#3067 = ORIENTED_EDGE('',*,*,#3068,.T.);
#3068 = EDGE_CURVE('',#3069,#3069,#3071,.T.);
#3069 = VERTEX_POINT('',#3070);
#3070 = CARTESIAN_POINT('',(205.579867,-90.74156,0.));
#3071 = CIRCLE('',#3072,0.4);
#3072 = AXIS2_PLACEMENT_3D('',#3073,#3074,#3075);
#3073 = CARTESIAN_POINT('',(205.579867,-90.34156,0.));
#3074 = DIRECTION('',(-0.,0.,-1.));
#3075 = DIRECTION('',(-0.,-1.,0.));
#3076 = FACE_BOUND('',#3077,.F.);
#3077 = EDGE_LOOP('',(#3078));
#3078 = ORIENTED_EDGE('',*,*,#3079,.T.);
#3079 = EDGE_CURVE('',#3080,#3080,#3082,.T.);
#3080 = VERTEX_POINT('',#3081);
#3081 = CARTESIAN_POINT('',(230.976187,-90.73884,0.));
#3082 = CIRCLE('',#3083,0.4);
#3083 = AXIS2_PLACEMENT_3D('',#3084,#3085,#3086);
#3084 = CARTESIAN_POINT('',(230.976187,-90.33884,0.));
#3085 = DIRECTION('',(-0.,0.,-1.));
#3086 = DIRECTION('',(7.105427357601E-14,-1.,-0.));
#3087 = FACE_BOUND('',#3088,.F.);
#3088 = EDGE_LOOP('',(#3089));
#3089 = ORIENTED_EDGE('',*,*,#3090,.T.);
#3090 = EDGE_CURVE('',#3091,#3091,#3093,.T.);
#3091 = VERTEX_POINT('',#3092);
#3092 = CARTESIAN_POINT('',(77.064867,-72.,0.));
#3093 = CIRCLE('',#3094,0.85);
#3094 = AXIS2_PLACEMENT_3D('',#3095,#3096,#3097);
#3095 = CARTESIAN_POINT('',(77.064867,-71.15,0.));
#3096 = DIRECTION('',(-0.,0.,-1.));
#3097 = DIRECTION('',(1.671865260612E-14,-1.,-0.));
#3098 = FACE_BOUND('',#3099,.F.);
#3099 = EDGE_LOOP('',(#3100));
#3100 = ORIENTED_EDGE('',*,*,#3101,.T.);
#3101 = EDGE_CURVE('',#3102,#3102,#3104,.T.);
#3102 = VERTEX_POINT('',#3103);
#3103 = CARTESIAN_POINT('',(68.664867,-70.8,0.));
#3104 = CIRCLE('',#3105,0.85);
#3105 = AXIS2_PLACEMENT_3D('',#3106,#3107,#3108);
#3106 = CARTESIAN_POINT('',(68.664867,-69.95,0.));
#3107 = DIRECTION('',(-0.,0.,-1.));
#3108 = DIRECTION('',(-0.,-1.,0.));
#3109 = FACE_BOUND('',#3110,.F.);
#3110 = EDGE_LOOP('',(#3111));
#3111 = ORIENTED_EDGE('',*,*,#3112,.T.);
#3112 = EDGE_CURVE('',#3113,#3113,#3115,.T.);
#3113 = VERTEX_POINT('',#3114);
#3114 = CARTESIAN_POINT('',(71.114867,-66.4,0.));
#3115 = CIRCLE('',#3116,0.6);
#3116 = AXIS2_PLACEMENT_3D('',#3117,#3118,#3119);
#3117 = CARTESIAN_POINT('',(71.114867,-65.8,0.));
#3118 = DIRECTION('',(-0.,0.,-1.));
#3119 = DIRECTION('',(-0.,-1.,0.));
#3120 = FACE_BOUND('',#3121,.F.);
#3121 = EDGE_LOOP('',(#3122));
#3122 = ORIENTED_EDGE('',*,*,#3123,.T.);
#3123 = EDGE_CURVE('',#3124,#3124,#3126,.T.);
#3124 = VERTEX_POINT('',#3125);
#3125 = CARTESIAN_POINT('',(74.614867,-66.4,0.));
#3126 = CIRCLE('',#3127,0.6);
#3127 = AXIS2_PLACEMENT_3D('',#3128,#3129,#3130);
#3128 = CARTESIAN_POINT('',(74.614867,-65.8,0.));
#3129 = DIRECTION('',(-0.,0.,-1.));
#3130 = DIRECTION('',(-0.,-1.,0.));
#3131 = FACE_BOUND('',#3132,.F.);
#3132 = EDGE_LOOP('',(#3133));
#3133 = ORIENTED_EDGE('',*,*,#3134,.T.);
#3134 = EDGE_CURVE('',#3135,#3135,#3137,.T.);
#3135 = VERTEX_POINT('',#3136);
#3136 = CARTESIAN_POINT('',(83.250756,-66.46,0.));
#3137 = CIRCLE('',#3138,0.5);
#3138 = AXIS2_PLACEMENT_3D('',#3139,#3140,#3141);
#3139 = CARTESIAN_POINT('',(83.250756,-65.96,0.));
#3140 = DIRECTION('',(-0.,0.,-1.));
#3141 = DIRECTION('',(-0.,-1.,0.));
#3142 = FACE_BOUND('',#3143,.F.);
#3143 = EDGE_LOOP('',(#3144));
#3144 = ORIENTED_EDGE('',*,*,#3145,.T.);
#3145 = EDGE_CURVE('',#3146,#3146,#3148,.T.);
#3146 = VERTEX_POINT('',#3147);
#3147 = CARTESIAN_POINT('',(85.790756,-66.46,0.));
#3148 = CIRCLE('',#3149,0.5);
#3149 = AXIS2_PLACEMENT_3D('',#3150,#3151,#3152);
#3150 = CARTESIAN_POINT('',(85.790756,-65.96,0.));
#3151 = DIRECTION('',(-0.,0.,-1.));
#3152 = DIRECTION('',(-0.,-1.,0.));
#3153 = FACE_BOUND('',#3154,.F.);
#3154 = EDGE_LOOP('',(#3155));
#3155 = ORIENTED_EDGE('',*,*,#3156,.T.);
#3156 = EDGE_CURVE('',#3157,#3157,#3159,.T.);
#3157 = VERTEX_POINT('',#3158);
#3158 = CARTESIAN_POINT('',(104.178395,-72.17,0.));
#3159 = CIRCLE('',#3160,0.85);
#3160 = AXIS2_PLACEMENT_3D('',#3161,#3162,#3163);
#3161 = CARTESIAN_POINT('',(104.178395,-71.32,0.));
#3162 = DIRECTION('',(-0.,0.,-1.));
#3163 = DIRECTION('',(-0.,-1.,0.));
#3164 = FACE_BOUND('',#3165,.F.);
#3165 = EDGE_LOOP('',(#3166));
#3166 = ORIENTED_EDGE('',*,*,#3167,.T.);
#3167 = EDGE_CURVE('',#3168,#3168,#3170,.T.);
#3168 = VERTEX_POINT('',#3169);
#3169 = CARTESIAN_POINT('',(95.778395,-70.97,0.));
#3170 = CIRCLE('',#3171,0.85);
#3171 = AXIS2_PLACEMENT_3D('',#3172,#3173,#3174);
#3172 = CARTESIAN_POINT('',(95.778395,-70.12,0.));
#3173 = DIRECTION('',(-0.,0.,-1.));
#3174 = DIRECTION('',(1.671865260612E-14,-1.,-0.));
#3175 = FACE_BOUND('',#3176,.F.);
#3176 = EDGE_LOOP('',(#3177));
#3177 = ORIENTED_EDGE('',*,*,#3178,.T.);
#3178 = EDGE_CURVE('',#3179,#3179,#3181,.T.);
#3179 = VERTEX_POINT('',#3180);
#3180 = CARTESIAN_POINT('',(88.330756,-66.46,0.));
#3181 = CIRCLE('',#3182,0.5);
#3182 = AXIS2_PLACEMENT_3D('',#3183,#3184,#3185);
#3183 = CARTESIAN_POINT('',(88.330756,-65.96,0.));
#3184 = DIRECTION('',(-0.,0.,-1.));
#3185 = DIRECTION('',(-0.,-1.,0.));
#3186 = FACE_BOUND('',#3187,.F.);
#3187 = EDGE_LOOP('',(#3188));
#3188 = ORIENTED_EDGE('',*,*,#3189,.T.);
#3189 = EDGE_CURVE('',#3190,#3190,#3192,.T.);
#3190 = VERTEX_POINT('',#3191);
#3191 = CARTESIAN_POINT('',(90.870756,-66.46,0.));
#3192 = CIRCLE('',#3193,0.5);
#3193 = AXIS2_PLACEMENT_3D('',#3194,#3195,#3196);
#3194 = CARTESIAN_POINT('',(90.870756,-65.96,0.));
#3195 = DIRECTION('',(-0.,0.,-1.));
#3196 = DIRECTION('',(-0.,-1.,0.));
#3197 = FACE_BOUND('',#3198,.F.);
#3198 = EDGE_LOOP('',(#3199));
#3199 = ORIENTED_EDGE('',*,*,#3200,.T.);
#3200 = EDGE_CURVE('',#3201,#3201,#3203,.T.);
#3201 = VERTEX_POINT('',#3202);
#3202 = CARTESIAN_POINT('',(98.228395,-66.57,0.));
#3203 = CIRCLE('',#3204,0.6);
#3204 = AXIS2_PLACEMENT_3D('',#3205,#3206,#3207);
#3205 = CARTESIAN_POINT('',(98.228395,-65.97,0.));
#3206 = DIRECTION('',(-0.,0.,-1.));
#3207 = DIRECTION('',(-0.,-1.,0.));
#3208 = FACE_BOUND('',#3209,.F.);
#3209 = EDGE_LOOP('',(#3210));
#3210 = ORIENTED_EDGE('',*,*,#3211,.T.);
#3211 = EDGE_CURVE('',#3212,#3212,#3214,.T.);
#3212 = VERTEX_POINT('',#3213);
#3213 = CARTESIAN_POINT('',(101.728395,-66.57,0.));
#3214 = CIRCLE('',#3215,0.6);
#3215 = AXIS2_PLACEMENT_3D('',#3216,#3217,#3218);
#3216 = CARTESIAN_POINT('',(101.728395,-65.97,0.));
#3217 = DIRECTION('',(-0.,0.,-1.));
#3218 = DIRECTION('',(-0.,-1.,0.));
#3219 = FACE_BOUND('',#3220,.F.);
#3220 = EDGE_LOOP('',(#3221));
#3221 = ORIENTED_EDGE('',*,*,#3222,.T.);
#3222 = EDGE_CURVE('',#3223,#3223,#3225,.T.);
#3223 = VERTEX_POINT('',#3224);
#3224 = CARTESIAN_POINT('',(110.384284,-65.99,0.));
#3225 = CIRCLE('',#3226,0.5);
#3226 = AXIS2_PLACEMENT_3D('',#3227,#3228,#3229);
#3227 = CARTESIAN_POINT('',(110.384284,-65.49,0.));
#3228 = DIRECTION('',(-0.,0.,-1.));
#3229 = DIRECTION('',(-0.,-1.,0.));
#3230 = FACE_BOUND('',#3231,.F.);
#3231 = EDGE_LOOP('',(#3232));
#3232 = ORIENTED_EDGE('',*,*,#3233,.T.);
#3233 = EDGE_CURVE('',#3234,#3234,#3236,.T.);
#3234 = VERTEX_POINT('',#3235);
#3235 = CARTESIAN_POINT('',(112.924284,-65.99,0.));
#3236 = CIRCLE('',#3237,0.5);
#3237 = AXIS2_PLACEMENT_3D('',#3238,#3239,#3240);
#3238 = CARTESIAN_POINT('',(112.924284,-65.49,0.));
#3239 = DIRECTION('',(-0.,0.,-1.));
#3240 = DIRECTION('',(-0.,-1.,0.));
#3241 = FACE_BOUND('',#3242,.F.);
#3242 = EDGE_LOOP('',(#3243));
#3243 = ORIENTED_EDGE('',*,*,#3244,.T.);
#3244 = EDGE_CURVE('',#3245,#3245,#3247,.T.);
#3245 = VERTEX_POINT('',#3246);
#3246 = CARTESIAN_POINT('',(115.464284,-65.99,0.));
#3247 = CIRCLE('',#3248,0.5);
#3248 = AXIS2_PLACEMENT_3D('',#3249,#3250,#3251);
#3249 = CARTESIAN_POINT('',(115.464284,-65.49,0.));
#3250 = DIRECTION('',(-0.,0.,-1.));
#3251 = DIRECTION('',(-0.,-1.,0.));
#3252 = FACE_BOUND('',#3253,.F.);
#3253 = EDGE_LOOP('',(#3254));
#3254 = ORIENTED_EDGE('',*,*,#3255,.T.);
#3255 = EDGE_CURVE('',#3256,#3256,#3258,.T.);
#3256 = VERTEX_POINT('',#3257);
#3257 = CARTESIAN_POINT('',(118.004284,-65.99,0.));
#3258 = CIRCLE('',#3259,0.5);
#3259 = AXIS2_PLACEMENT_3D('',#3260,#3261,#3262);
#3260 = CARTESIAN_POINT('',(118.004284,-65.49,0.));
#3261 = DIRECTION('',(-0.,0.,-1.));
#3262 = DIRECTION('',(-0.,-1.,0.));
#3263 = FACE_BOUND('',#3264,.F.);
#3264 = EDGE_LOOP('',(#3265));
#3265 = ORIENTED_EDGE('',*,*,#3266,.T.);
#3266 = EDGE_CURVE('',#3267,#3267,#3269,.T.);
#3267 = VERTEX_POINT('',#3268);
#3268 = CARTESIAN_POINT('',(122.911923,-70.43,0.));
#3269 = CIRCLE('',#3270,0.85);
#3270 = AXIS2_PLACEMENT_3D('',#3271,#3272,#3273);
#3271 = CARTESIAN_POINT('',(122.911923,-69.58,0.));
#3272 = DIRECTION('',(-0.,0.,-1.));
#3273 = DIRECTION('',(-0.,-1.,0.));
#3274 = FACE_BOUND('',#3275,.F.);
#3275 = EDGE_LOOP('',(#3276));
#3276 = ORIENTED_EDGE('',*,*,#3277,.T.);
#3277 = EDGE_CURVE('',#3278,#3278,#3280,.T.);
#3278 = VERTEX_POINT('',#3279);
#3279 = CARTESIAN_POINT('',(125.361923,-66.03,0.));
#3280 = CIRCLE('',#3281,0.6);
#3281 = AXIS2_PLACEMENT_3D('',#3282,#3283,#3284);
#3282 = CARTESIAN_POINT('',(125.361923,-65.43,0.));
#3283 = DIRECTION('',(-0.,0.,-1.));
#3284 = DIRECTION('',(2.368475785867E-14,-1.,-0.));
#3285 = FACE_BOUND('',#3286,.F.);
#3286 = EDGE_LOOP('',(#3287));
#3287 = ORIENTED_EDGE('',*,*,#3288,.T.);
#3288 = EDGE_CURVE('',#3289,#3289,#3291,.T.);
#3289 = VERTEX_POINT('',#3290);
#3290 = CARTESIAN_POINT('',(128.861923,-66.03,0.));
#3291 = CIRCLE('',#3292,0.6);
#3292 = AXIS2_PLACEMENT_3D('',#3293,#3294,#3295);
#3293 = CARTESIAN_POINT('',(128.861923,-65.43,0.));
#3294 = DIRECTION('',(-0.,0.,-1.));
#3295 = DIRECTION('',(-0.,-1.,0.));
#3296 = FACE_BOUND('',#3297,.F.);
#3297 = EDGE_LOOP('',(#3298));
#3298 = ORIENTED_EDGE('',*,*,#3299,.T.);
#3299 = EDGE_CURVE('',#3300,#3300,#3302,.T.);
#3300 = VERTEX_POINT('',#3301);
#3301 = CARTESIAN_POINT('',(131.311923,-71.63,0.));
#3302 = CIRCLE('',#3303,0.85);
#3303 = AXIS2_PLACEMENT_3D('',#3304,#3305,#3306);
#3304 = CARTESIAN_POINT('',(131.311923,-70.78,0.));
#3305 = DIRECTION('',(-0.,0.,-1.));
#3306 = DIRECTION('',(-0.,-1.,0.));
#3307 = FACE_BOUND('',#3308,.F.);
#3308 = EDGE_LOOP('',(#3309));
#3309 = ORIENTED_EDGE('',*,*,#3310,.T.);
#3310 = EDGE_CURVE('',#3311,#3311,#3313,.T.);
#3311 = VERTEX_POINT('',#3312);
#3312 = CARTESIAN_POINT('',(137.497811,-66.32,0.));
#3313 = CIRCLE('',#3314,0.5);
#3314 = AXIS2_PLACEMENT_3D('',#3315,#3316,#3317);
#3315 = CARTESIAN_POINT('',(137.497811,-65.82,0.));
#3316 = DIRECTION('',(-0.,0.,-1.));
#3317 = DIRECTION('',(-0.,-1.,0.));
#3318 = FACE_BOUND('',#3319,.F.);
#3319 = EDGE_LOOP('',(#3320));
#3320 = ORIENTED_EDGE('',*,*,#3321,.T.);
#3321 = EDGE_CURVE('',#3322,#3322,#3324,.T.);
#3322 = VERTEX_POINT('',#3323);
#3323 = CARTESIAN_POINT('',(140.037811,-66.32,0.));
#3324 = CIRCLE('',#3325,0.5);
#3325 = AXIS2_PLACEMENT_3D('',#3326,#3327,#3328);
#3326 = CARTESIAN_POINT('',(140.037811,-65.82,0.));
#3327 = DIRECTION('',(-0.,0.,-1.));
#3328 = DIRECTION('',(-0.,-1.,0.));
#3329 = FACE_BOUND('',#3330,.F.);
#3330 = EDGE_LOOP('',(#3331));
#3331 = ORIENTED_EDGE('',*,*,#3332,.T.);
#3332 = EDGE_CURVE('',#3333,#3333,#3335,.T.);
#3333 = VERTEX_POINT('',#3334);
#3334 = CARTESIAN_POINT('',(142.577811,-66.32,0.));
#3335 = CIRCLE('',#3336,0.5);
#3336 = AXIS2_PLACEMENT_3D('',#3337,#3338,#3339);
#3337 = CARTESIAN_POINT('',(142.577811,-65.82,0.));
#3338 = DIRECTION('',(-0.,0.,-1.));
#3339 = DIRECTION('',(-0.,-1.,0.));
#3340 = FACE_BOUND('',#3341,.F.);
#3341 = EDGE_LOOP('',(#3342));
#3342 = ORIENTED_EDGE('',*,*,#3343,.T.);
#3343 = EDGE_CURVE('',#3344,#3344,#3346,.T.);
#3344 = VERTEX_POINT('',#3345);
#3345 = CARTESIAN_POINT('',(145.117811,-66.32,0.));
#3346 = CIRCLE('',#3347,0.5);
#3347 = AXIS2_PLACEMENT_3D('',#3348,#3349,#3350);
#3348 = CARTESIAN_POINT('',(145.117811,-65.82,0.));
#3349 = DIRECTION('',(-0.,0.,-1.));
#3350 = DIRECTION('',(-0.,-1.,0.));
#3351 = FACE_BOUND('',#3352,.F.);
#3352 = EDGE_LOOP('',(#3353));
#3353 = ORIENTED_EDGE('',*,*,#3354,.T.);
#3354 = EDGE_CURVE('',#3355,#3355,#3357,.T.);
#3355 = VERTEX_POINT('',#3356);
#3356 = CARTESIAN_POINT('',(74.389867,-59.915,0.));
#3357 = CIRCLE('',#3358,0.4);
#3358 = AXIS2_PLACEMENT_3D('',#3359,#3360,#3361);
#3359 = CARTESIAN_POINT('',(74.389867,-59.515,0.));
#3360 = DIRECTION('',(-0.,0.,-1.));
#3361 = DIRECTION('',(-3.552713678801E-14,-1.,0.));
#3362 = FACE_BOUND('',#3363,.F.);
#3363 = EDGE_LOOP('',(#3364));
#3364 = ORIENTED_EDGE('',*,*,#3365,.T.);
#3365 = EDGE_CURVE('',#3366,#3366,#3368,.T.);
#3366 = VERTEX_POINT('',#3367);
#3367 = CARTESIAN_POINT('',(76.889867,-59.915,0.));
#3368 = CIRCLE('',#3369,0.4);
#3369 = AXIS2_PLACEMENT_3D('',#3370,#3371,#3372);
#3370 = CARTESIAN_POINT('',(76.889867,-59.515,0.));
#3371 = DIRECTION('',(-0.,0.,-1.));
#3372 = DIRECTION('',(-3.552713678801E-14,-1.,0.));
#3373 = FACE_BOUND('',#3374,.F.);
#3374 = EDGE_LOOP('',(#3375));
#3375 = ORIENTED_EDGE('',*,*,#3376,.T.);
#3376 = EDGE_CURVE('',#3377,#3377,#3379,.T.);
#3377 = VERTEX_POINT('',#3378);
#3378 = CARTESIAN_POINT('',(83.085756,-59.915,0.));
#3379 = CIRCLE('',#3380,0.4);
#3380 = AXIS2_PLACEMENT_3D('',#3381,#3382,#3383);
#3381 = CARTESIAN_POINT('',(83.085756,-59.515,0.));
#3382 = DIRECTION('',(-0.,0.,-1.));
#3383 = DIRECTION('',(-0.,-1.,0.));
#3384 = FACE_BOUND('',#3385,.F.);
#3385 = EDGE_LOOP('',(#3386));
#3386 = ORIENTED_EDGE('',*,*,#3387,.T.);
#3387 = EDGE_CURVE('',#3388,#3388,#3390,.T.);
#3388 = VERTEX_POINT('',#3389);
#3389 = CARTESIAN_POINT('',(85.585756,-59.915,0.));
#3390 = CIRCLE('',#3391,0.4);
#3391 = AXIS2_PLACEMENT_3D('',#3392,#3393,#3394);
#3392 = CARTESIAN_POINT('',(85.585756,-59.515,0.));
#3393 = DIRECTION('',(-0.,0.,-1.));
#3394 = DIRECTION('',(-0.,-1.,0.));
#3395 = FACE_BOUND('',#3396,.F.);
#3396 = EDGE_LOOP('',(#3397));
#3397 = ORIENTED_EDGE('',*,*,#3398,.T.);
#3398 = EDGE_CURVE('',#3399,#3399,#3401,.T.);
#3399 = VERTEX_POINT('',#3400);
#3400 = CARTESIAN_POINT('',(87.469867,-55.5,0.));
#3401 = CIRCLE('',#3402,0.5);
#3402 = AXIS2_PLACEMENT_3D('',#3403,#3404,#3405);
#3403 = CARTESIAN_POINT('',(87.469867,-55.,0.));
#3404 = DIRECTION('',(-0.,0.,-1.));
#3405 = DIRECTION('',(-0.,-1.,0.));
#3406 = FACE_BOUND('',#3407,.F.);
#3407 = EDGE_LOOP('',(#3408));
#3408 = ORIENTED_EDGE('',*,*,#3409,.T.);
#3409 = EDGE_CURVE('',#3410,#3410,#3412,.T.);
#3410 = VERTEX_POINT('',#3411);
#3411 = CARTESIAN_POINT('',(101.503395,-59.915,0.));
#3412 = CIRCLE('',#3413,0.4);
#3413 = AXIS2_PLACEMENT_3D('',#3414,#3415,#3416);
#3414 = CARTESIAN_POINT('',(101.503395,-59.515,0.));
#3415 = DIRECTION('',(-0.,0.,-1.));
#3416 = DIRECTION('',(-3.552713678801E-14,-1.,0.));
#3417 = FACE_BOUND('',#3418,.F.);
#3418 = EDGE_LOOP('',(#3419));
#3419 = ORIENTED_EDGE('',*,*,#3420,.T.);
#3420 = EDGE_CURVE('',#3421,#3421,#3423,.T.);
#3421 = VERTEX_POINT('',#3422);
#3422 = CARTESIAN_POINT('',(104.003395,-59.915,0.));
#3423 = CIRCLE('',#3424,0.4);
#3424 = AXIS2_PLACEMENT_3D('',#3425,#3426,#3427);
#3425 = CARTESIAN_POINT('',(104.003395,-59.515,0.));
#3426 = DIRECTION('',(-0.,0.,-1.));
#3427 = DIRECTION('',(-3.552713678801E-14,-1.,0.));
#3428 = FACE_BOUND('',#3429,.F.);
#3429 = EDGE_LOOP('',(#3430));
#3430 = ORIENTED_EDGE('',*,*,#3431,.T.);
#3431 = EDGE_CURVE('',#3432,#3432,#3434,.T.);
#3432 = VERTEX_POINT('',#3433);
#3433 = CARTESIAN_POINT('',(90.009867,-55.5,0.));
#3434 = CIRCLE('',#3435,0.5);
#3435 = AXIS2_PLACEMENT_3D('',#3436,#3437,#3438);
#3436 = CARTESIAN_POINT('',(90.009867,-55.,0.));
#3437 = DIRECTION('',(-0.,0.,-1.));
#3438 = DIRECTION('',(-0.,-1.,0.));
#3439 = FACE_BOUND('',#3440,.F.);
#3440 = EDGE_LOOP('',(#3441));
#3441 = ORIENTED_EDGE('',*,*,#3442,.T.);
#3442 = EDGE_CURVE('',#3443,#3443,#3445,.T.);
#3443 = VERTEX_POINT('',#3444);
#3444 = CARTESIAN_POINT('',(92.549867,-55.5,0.));
#3445 = CIRCLE('',#3446,0.5);
#3446 = AXIS2_PLACEMENT_3D('',#3447,#3448,#3449);
#3447 = CARTESIAN_POINT('',(92.549867,-55.,0.));
#3448 = DIRECTION('',(-0.,0.,-1.));
#3449 = DIRECTION('',(-0.,-1.,0.));
#3450 = FACE_BOUND('',#3451,.F.);
#3451 = EDGE_LOOP('',(#3452));
#3452 = ORIENTED_EDGE('',*,*,#3453,.T.);
#3453 = EDGE_CURVE('',#3454,#3454,#3456,.T.);
#3454 = VERTEX_POINT('',#3455);
#3455 = CARTESIAN_POINT('',(95.089867,-55.5,0.));
#3456 = CIRCLE('',#3457,0.5);
#3457 = AXIS2_PLACEMENT_3D('',#3458,#3459,#3460);
#3458 = CARTESIAN_POINT('',(95.089867,-55.,0.));
#3459 = DIRECTION('',(-0.,0.,-1.));
#3460 = DIRECTION('',(-0.,-1.,0.));
#3461 = FACE_BOUND('',#3462,.F.);
#3462 = EDGE_LOOP('',(#3463));
#3463 = ORIENTED_EDGE('',*,*,#3464,.T.);
#3464 = EDGE_CURVE('',#3465,#3465,#3467,.T.);
#3465 = VERTEX_POINT('',#3466);
#3466 = CARTESIAN_POINT('',(97.629867,-55.5,0.));
#3467 = CIRCLE('',#3468,0.5);
#3468 = AXIS2_PLACEMENT_3D('',#3469,#3470,#3471);
#3469 = CARTESIAN_POINT('',(97.629867,-55.,0.));
#3470 = DIRECTION('',(-0.,0.,-1.));
#3471 = DIRECTION('',(-0.,-1.,0.));
#3472 = FACE_BOUND('',#3473,.F.);
#3473 = EDGE_LOOP('',(#3474));
#3474 = ORIENTED_EDGE('',*,*,#3475,.T.);
#3475 = EDGE_CURVE('',#3476,#3476,#3478,.T.);
#3476 = VERTEX_POINT('',#3477);
#3477 = CARTESIAN_POINT('',(100.169867,-55.5,0.));
#3478 = CIRCLE('',#3479,0.5);
#3479 = AXIS2_PLACEMENT_3D('',#3480,#3481,#3482);
#3480 = CARTESIAN_POINT('',(100.169867,-55.,0.));
#3481 = DIRECTION('',(-0.,0.,-1.));
#3482 = DIRECTION('',(-0.,-1.,0.));
#3483 = FACE_BOUND('',#3484,.F.);
#3484 = EDGE_LOOP('',(#3485));
#3485 = ORIENTED_EDGE('',*,*,#3486,.T.);
#3486 = EDGE_CURVE('',#3487,#3487,#3489,.T.);
#3487 = VERTEX_POINT('',#3488);
#3488 = CARTESIAN_POINT('',(102.709867,-55.5,0.));
#3489 = CIRCLE('',#3490,0.5);
#3490 = AXIS2_PLACEMENT_3D('',#3491,#3492,#3493);
#3491 = CARTESIAN_POINT('',(102.709867,-55.,0.));
#3492 = DIRECTION('',(-0.,0.,-1.));
#3493 = DIRECTION('',(-0.,-1.,0.));
#3494 = FACE_BOUND('',#3495,.F.);
#3495 = EDGE_LOOP('',(#3496));
#3496 = ORIENTED_EDGE('',*,*,#3497,.T.);
#3497 = EDGE_CURVE('',#3498,#3498,#3500,.T.);
#3498 = VERTEX_POINT('',#3499);
#3499 = CARTESIAN_POINT('',(105.249867,-55.5,0.));
#3500 = CIRCLE('',#3501,0.5);
#3501 = AXIS2_PLACEMENT_3D('',#3502,#3503,#3504);
#3502 = CARTESIAN_POINT('',(105.249867,-55.,0.));
#3503 = DIRECTION('',(-0.,0.,-1.));
#3504 = DIRECTION('',(-0.,-1.,0.));
#3505 = FACE_BOUND('',#3506,.F.);
#3506 = EDGE_LOOP('',(#3507));
#3507 = ORIENTED_EDGE('',*,*,#3508,.T.);
#3508 = EDGE_CURVE('',#3509,#3509,#3511,.T.);
#3509 = VERTEX_POINT('',#3510);
#3510 = CARTESIAN_POINT('',(107.789867,-55.5,0.));
#3511 = CIRCLE('',#3512,0.5);
#3512 = AXIS2_PLACEMENT_3D('',#3513,#3514,#3515);
#3513 = CARTESIAN_POINT('',(107.789867,-55.,0.));
#3514 = DIRECTION('',(-0.,0.,-1.));
#3515 = DIRECTION('',(-0.,-1.,0.));
#3516 = FACE_BOUND('',#3517,.F.);
#3517 = EDGE_LOOP('',(#3518));
#3518 = ORIENTED_EDGE('',*,*,#3519,.T.);
#3519 = EDGE_CURVE('',#3520,#3520,#3522,.T.);
#3520 = VERTEX_POINT('',#3521);
#3521 = CARTESIAN_POINT('',(80.504867,-40.16,0.));
#3522 = CIRCLE('',#3523,0.4);
#3523 = AXIS2_PLACEMENT_3D('',#3524,#3525,#3526);
#3524 = CARTESIAN_POINT('',(80.504867,-39.76,0.));
#3525 = DIRECTION('',(-0.,0.,-1.));
#3526 = DIRECTION('',(3.5527136788E-14,-1.,-0.));
#3527 = FACE_BOUND('',#3528,.F.);
#3528 = EDGE_LOOP('',(#3529));
#3529 = ORIENTED_EDGE('',*,*,#3530,.T.);
#3530 = EDGE_CURVE('',#3531,#3531,#3533,.T.);
#3531 = VERTEX_POINT('',#3532);
#3532 = CARTESIAN_POINT('',(83.004867,-40.16,0.));
#3533 = CIRCLE('',#3534,0.4);
#3534 = AXIS2_PLACEMENT_3D('',#3535,#3536,#3537);
#3535 = CARTESIAN_POINT('',(83.004867,-39.76,0.));
#3536 = DIRECTION('',(-0.,0.,-1.));
#3537 = DIRECTION('',(3.5527136788E-14,-1.,-0.));
#3538 = FACE_BOUND('',#3539,.F.);
#3539 = EDGE_LOOP('',(#3540));
#3540 = ORIENTED_EDGE('',*,*,#3541,.T.);
#3541 = EDGE_CURVE('',#3542,#3542,#3544,.T.);
#3542 = VERTEX_POINT('',#3543);
#3543 = CARTESIAN_POINT('',(87.469867,-40.26,0.));
#3544 = CIRCLE('',#3545,0.5);
#3545 = AXIS2_PLACEMENT_3D('',#3546,#3547,#3548);
#3546 = CARTESIAN_POINT('',(87.469867,-39.76,0.));
#3547 = DIRECTION('',(-0.,0.,-1.));
#3548 = DIRECTION('',(-0.,-1.,0.));
#3549 = FACE_BOUND('',#3550,.F.);
#3550 = EDGE_LOOP('',(#3551));
#3551 = ORIENTED_EDGE('',*,*,#3552,.T.);
#3552 = EDGE_CURVE('',#3553,#3553,#3555,.T.);
#3553 = VERTEX_POINT('',#3554);
#3554 = CARTESIAN_POINT('',(88.739867,-48.63,0.));
#3555 = CIRCLE('',#3556,1.25);
#3556 = AXIS2_PLACEMENT_3D('',#3557,#3558,#3559);
#3557 = CARTESIAN_POINT('',(88.739867,-47.38,0.));
#3558 = DIRECTION('',(-0.,0.,-1.));
#3559 = DIRECTION('',(-0.,-1.,0.));
#3560 = FACE_BOUND('',#3561,.F.);
#3561 = EDGE_LOOP('',(#3562));
#3562 = ORIENTED_EDGE('',*,*,#3563,.T.);
#3563 = EDGE_CURVE('',#3564,#3564,#3566,.T.);
#3564 = VERTEX_POINT('',#3565);
#3565 = CARTESIAN_POINT('',(90.009867,-40.26,0.));
#3566 = CIRCLE('',#3567,0.5);
#3567 = AXIS2_PLACEMENT_3D('',#3568,#3569,#3570);
#3568 = CARTESIAN_POINT('',(90.009867,-39.76,0.));
#3569 = DIRECTION('',(-0.,0.,-1.));
#3570 = DIRECTION('',(-0.,-1.,0.));
#3571 = FACE_BOUND('',#3572,.F.);
#3572 = EDGE_LOOP('',(#3573));
#3573 = ORIENTED_EDGE('',*,*,#3574,.T.);
#3574 = EDGE_CURVE('',#3575,#3575,#3577,.T.);
#3575 = VERTEX_POINT('',#3576);
#3576 = CARTESIAN_POINT('',(92.549867,-40.26,0.));
#3577 = CIRCLE('',#3578,0.5);
#3578 = AXIS2_PLACEMENT_3D('',#3579,#3580,#3581);
#3579 = CARTESIAN_POINT('',(92.549867,-39.76,0.));
#3580 = DIRECTION('',(-0.,0.,-1.));
#3581 = DIRECTION('',(-0.,-1.,0.));
#3582 = FACE_BOUND('',#3583,.F.);
#3583 = EDGE_LOOP('',(#3584));
#3584 = ORIENTED_EDGE('',*,*,#3585,.T.);
#3585 = EDGE_CURVE('',#3586,#3586,#3588,.T.);
#3586 = VERTEX_POINT('',#3587);
#3587 = CARTESIAN_POINT('',(95.089867,-40.26,0.));
#3588 = CIRCLE('',#3589,0.5);
#3589 = AXIS2_PLACEMENT_3D('',#3590,#3591,#3592);
#3590 = CARTESIAN_POINT('',(95.089867,-39.76,0.));
#3591 = DIRECTION('',(-0.,0.,-1.));
#3592 = DIRECTION('',(-0.,-1.,0.));
#3593 = FACE_BOUND('',#3594,.F.);
#3594 = EDGE_LOOP('',(#3595));
#3595 = ORIENTED_EDGE('',*,*,#3596,.T.);
#3596 = EDGE_CURVE('',#3597,#3597,#3599,.T.);
#3597 = VERTEX_POINT('',#3598);
#3598 = CARTESIAN_POINT('',(97.629867,-40.26,0.));
#3599 = CIRCLE('',#3600,0.5);
#3600 = AXIS2_PLACEMENT_3D('',#3601,#3602,#3603);
#3601 = CARTESIAN_POINT('',(97.629867,-39.76,0.));
#3602 = DIRECTION('',(-0.,0.,-1.));
#3603 = DIRECTION('',(-0.,-1.,0.));
#3604 = FACE_BOUND('',#3605,.F.);
#3605 = EDGE_LOOP('',(#3606));
#3606 = ORIENTED_EDGE('',*,*,#3607,.T.);
#3607 = EDGE_CURVE('',#3608,#3608,#3610,.T.);
#3608 = VERTEX_POINT('',#3609);
#3609 = CARTESIAN_POINT('',(100.169867,-40.26,0.));
#3610 = CIRCLE('',#3611,0.5);
#3611 = AXIS2_PLACEMENT_3D('',#3612,#3613,#3614);
#3612 = CARTESIAN_POINT('',(100.169867,-39.76,0.));
#3613 = DIRECTION('',(-0.,0.,-1.));
#3614 = DIRECTION('',(-0.,-1.,0.));
#3615 = FACE_BOUND('',#3616,.F.);
#3616 = EDGE_LOOP('',(#3617));
#3617 = ORIENTED_EDGE('',*,*,#3618,.T.);
#3618 = EDGE_CURVE('',#3619,#3619,#3621,.T.);
#3619 = VERTEX_POINT('',#3620);
#3620 = CARTESIAN_POINT('',(102.709867,-40.26,0.));
#3621 = CIRCLE('',#3622,0.5);
#3622 = AXIS2_PLACEMENT_3D('',#3623,#3624,#3625);
#3623 = CARTESIAN_POINT('',(102.709867,-39.76,0.));
#3624 = DIRECTION('',(-0.,0.,-1.));
#3625 = DIRECTION('',(-0.,-1.,0.));
#3626 = FACE_BOUND('',#3627,.F.);
#3627 = EDGE_LOOP('',(#3628));
#3628 = ORIENTED_EDGE('',*,*,#3629,.T.);
#3629 = EDGE_CURVE('',#3630,#3630,#3632,.T.);
#3630 = VERTEX_POINT('',#3631);
#3631 = CARTESIAN_POINT('',(105.249867,-40.26,0.));
#3632 = CIRCLE('',#3633,0.5);
#3633 = AXIS2_PLACEMENT_3D('',#3634,#3635,#3636);
#3634 = CARTESIAN_POINT('',(105.249867,-39.76,0.));
#3635 = DIRECTION('',(-0.,0.,-1.));
#3636 = DIRECTION('',(-0.,-1.,0.));
#3637 = FACE_BOUND('',#3638,.F.);
#3638 = EDGE_LOOP('',(#3639));
#3639 = ORIENTED_EDGE('',*,*,#3640,.T.);
#3640 = EDGE_CURVE('',#3641,#3641,#3643,.T.);
#3641 = VERTEX_POINT('',#3642);
#3642 = CARTESIAN_POINT('',(107.789867,-40.26,0.));
#3643 = CIRCLE('',#3644,0.5);
#3644 = AXIS2_PLACEMENT_3D('',#3645,#3646,#3647);
#3645 = CARTESIAN_POINT('',(107.789867,-39.76,0.));
#3646 = DIRECTION('',(-0.,0.,-1.));
#3647 = DIRECTION('',(-0.,-1.,0.));
#3648 = FACE_BOUND('',#3649,.F.);
#3649 = EDGE_LOOP('',(#3650));
#3650 = ORIENTED_EDGE('',*,*,#3651,.T.);
#3651 = EDGE_CURVE('',#3652,#3652,#3654,.T.);
#3652 = VERTEX_POINT('',#3653);
#3653 = CARTESIAN_POINT('',(109.449284,-59.665,0.));
#3654 = CIRCLE('',#3655,0.4);
#3655 = AXIS2_PLACEMENT_3D('',#3656,#3657,#3658);
#3656 = CARTESIAN_POINT('',(109.449284,-59.265,0.));
#3657 = DIRECTION('',(-0.,0.,-1.));
#3658 = DIRECTION('',(-0.,-1.,0.));
#3659 = FACE_BOUND('',#3660,.F.);
#3660 = EDGE_LOOP('',(#3661));
#3661 = ORIENTED_EDGE('',*,*,#3662,.T.);
#3662 = EDGE_CURVE('',#3663,#3663,#3665,.T.);
#3663 = VERTEX_POINT('',#3664);
#3664 = CARTESIAN_POINT('',(111.949284,-59.665,0.));
#3665 = CIRCLE('',#3666,0.4);
#3666 = AXIS2_PLACEMENT_3D('',#3667,#3668,#3669);
#3667 = CARTESIAN_POINT('',(111.949284,-59.265,0.));
#3668 = DIRECTION('',(-0.,0.,-1.));
#3669 = DIRECTION('',(-0.,-1.,0.));
#3670 = FACE_BOUND('',#3671,.F.);
#3671 = EDGE_LOOP('',(#3672));
#3672 = ORIENTED_EDGE('',*,*,#3673,.T.);
#3673 = EDGE_CURVE('',#3674,#3674,#3676,.T.);
#3674 = VERTEX_POINT('',#3675);
#3675 = CARTESIAN_POINT('',(128.636923,-59.915,0.));
#3676 = CIRCLE('',#3677,0.4);
#3677 = AXIS2_PLACEMENT_3D('',#3678,#3679,#3680);
#3678 = CARTESIAN_POINT('',(128.636923,-59.515,0.));
#3679 = DIRECTION('',(-0.,0.,-1.));
#3680 = DIRECTION('',(-0.,-1.,0.));
#3681 = FACE_BOUND('',#3682,.F.);
#3682 = EDGE_LOOP('',(#3683));
#3683 = ORIENTED_EDGE('',*,*,#3684,.T.);
#3684 = EDGE_CURVE('',#3685,#3685,#3687,.T.);
#3685 = VERTEX_POINT('',#3686);
#3686 = CARTESIAN_POINT('',(110.329867,-55.5,0.));
#3687 = CIRCLE('',#3688,0.5);
#3688 = AXIS2_PLACEMENT_3D('',#3689,#3690,#3691);
#3689 = CARTESIAN_POINT('',(110.329867,-55.,0.));
#3690 = DIRECTION('',(-0.,0.,-1.));
#3691 = DIRECTION('',(-0.,-1.,0.));
#3692 = FACE_BOUND('',#3693,.F.);
#3693 = EDGE_LOOP('',(#3694));
#3694 = ORIENTED_EDGE('',*,*,#3695,.T.);
#3695 = EDGE_CURVE('',#3696,#3696,#3698,.T.);
#3696 = VERTEX_POINT('',#3697);
#3697 = CARTESIAN_POINT('',(112.869867,-55.5,0.));
#3698 = CIRCLE('',#3699,0.5);
#3699 = AXIS2_PLACEMENT_3D('',#3700,#3701,#3702);
#3700 = CARTESIAN_POINT('',(112.869867,-55.,0.));
#3701 = DIRECTION('',(-0.,0.,-1.));
#3702 = DIRECTION('',(-0.,-1.,0.));
#3703 = FACE_BOUND('',#3704,.F.);
#3704 = EDGE_LOOP('',(#3705));
#3705 = ORIENTED_EDGE('',*,*,#3706,.T.);
#3706 = EDGE_CURVE('',#3707,#3707,#3709,.T.);
#3707 = VERTEX_POINT('',#3708);
#3708 = CARTESIAN_POINT('',(115.409867,-55.5,0.));
#3709 = CIRCLE('',#3710,0.5);
#3710 = AXIS2_PLACEMENT_3D('',#3711,#3712,#3713);
#3711 = CARTESIAN_POINT('',(115.409867,-55.,0.));
#3712 = DIRECTION('',(-0.,0.,-1.));
#3713 = DIRECTION('',(-0.,-1.,0.));
#3714 = FACE_BOUND('',#3715,.F.);
#3715 = EDGE_LOOP('',(#3716));
#3716 = ORIENTED_EDGE('',*,*,#3717,.T.);
#3717 = EDGE_CURVE('',#3718,#3718,#3720,.T.);
#3718 = VERTEX_POINT('',#3719);
#3719 = CARTESIAN_POINT('',(131.136923,-59.915,0.));
#3720 = CIRCLE('',#3721,0.4);
#3721 = AXIS2_PLACEMENT_3D('',#3722,#3723,#3724);
#3722 = CARTESIAN_POINT('',(131.136923,-59.515,0.));
#3723 = DIRECTION('',(-0.,0.,-1.));
#3724 = DIRECTION('',(-0.,-1.,0.));
#3725 = FACE_BOUND('',#3726,.F.);
#3726 = EDGE_LOOP('',(#3727));
#3727 = ORIENTED_EDGE('',*,*,#3728,.T.);
#3728 = EDGE_CURVE('',#3729,#3729,#3731,.T.);
#3729 = VERTEX_POINT('',#3730);
#3730 = CARTESIAN_POINT('',(136.582811,-59.915,0.));
#3731 = CIRCLE('',#3732,0.4);
#3732 = AXIS2_PLACEMENT_3D('',#3733,#3734,#3735);
#3733 = CARTESIAN_POINT('',(136.582811,-59.515,0.));
#3734 = DIRECTION('',(-0.,0.,-1.));
#3735 = DIRECTION('',(-0.,-1.,0.));
#3736 = FACE_BOUND('',#3737,.F.);
#3737 = EDGE_LOOP('',(#3738));
#3738 = ORIENTED_EDGE('',*,*,#3739,.T.);
#3739 = EDGE_CURVE('',#3740,#3740,#3742,.T.);
#3740 = VERTEX_POINT('',#3741);
#3741 = CARTESIAN_POINT('',(139.082811,-59.915,0.));
#3742 = CIRCLE('',#3743,0.4);
#3743 = AXIS2_PLACEMENT_3D('',#3744,#3745,#3746);
#3744 = CARTESIAN_POINT('',(139.082811,-59.515,0.));
#3745 = DIRECTION('',(-0.,0.,-1.));
#3746 = DIRECTION('',(-0.,-1.,0.));
#3747 = FACE_BOUND('',#3748,.F.);
#3748 = EDGE_LOOP('',(#3749));
#3749 = ORIENTED_EDGE('',*,*,#3750,.T.);
#3750 = EDGE_CURVE('',#3751,#3751,#3753,.T.);
#3751 = VERTEX_POINT('',#3752);
#3752 = CARTESIAN_POINT('',(114.139867,-48.63,0.));
#3753 = CIRCLE('',#3754,1.25);
#3754 = AXIS2_PLACEMENT_3D('',#3755,#3756,#3757);
#3755 = CARTESIAN_POINT('',(114.139867,-47.38,0.));
#3756 = DIRECTION('',(-0.,0.,-1.));
#3757 = DIRECTION('',(-0.,-1.,0.));
#3758 = FACE_BOUND('',#3759,.F.);
#3759 = EDGE_LOOP('',(#3760));
#3760 = ORIENTED_EDGE('',*,*,#3761,.T.);
#3761 = EDGE_CURVE('',#3762,#3762,#3764,.T.);
#3762 = VERTEX_POINT('',#3763);
#3763 = CARTESIAN_POINT('',(125.569867,-47.88,0.));
#3764 = CIRCLE('',#3765,0.5);
#3765 = AXIS2_PLACEMENT_3D('',#3766,#3767,#3768);
#3766 = CARTESIAN_POINT('',(125.569867,-47.38,0.));
#3767 = DIRECTION('',(-0.,0.,-1.));
#3768 = DIRECTION('',(-0.,-1.,0.));
#3769 = FACE_BOUND('',#3770,.F.);
#3770 = EDGE_LOOP('',(#3771));
#3771 = ORIENTED_EDGE('',*,*,#3772,.T.);
#3772 = EDGE_CURVE('',#3773,#3773,#3775,.T.);
#3773 = VERTEX_POINT('',#3774);
#3774 = CARTESIAN_POINT('',(125.569867,-45.38,0.));
#3775 = CIRCLE('',#3776,0.5);
#3776 = AXIS2_PLACEMENT_3D('',#3777,#3778,#3779);
#3777 = CARTESIAN_POINT('',(125.569867,-44.88,0.));
#3778 = DIRECTION('',(-0.,0.,-1.));
#3779 = DIRECTION('',(-0.,-1.,0.));
#3780 = FACE_BOUND('',#3781,.F.);
#3781 = EDGE_LOOP('',(#3782));
#3782 = ORIENTED_EDGE('',*,*,#3783,.T.);
#3783 = EDGE_CURVE('',#3784,#3784,#3786,.T.);
#3784 = VERTEX_POINT('',#3785);
#3785 = CARTESIAN_POINT('',(110.329867,-40.26,0.));
#3786 = CIRCLE('',#3787,0.5);
#3787 = AXIS2_PLACEMENT_3D('',#3788,#3789,#3790);
#3788 = CARTESIAN_POINT('',(110.329867,-39.76,0.));
#3789 = DIRECTION('',(-0.,0.,-1.));
#3790 = DIRECTION('',(-0.,-1.,0.));
#3791 = FACE_BOUND('',#3792,.F.);
#3792 = EDGE_LOOP('',(#3793));
#3793 = ORIENTED_EDGE('',*,*,#3794,.T.);
#3794 = EDGE_CURVE('',#3795,#3795,#3797,.T.);
#3795 = VERTEX_POINT('',#3796);
#3796 = CARTESIAN_POINT('',(112.869867,-40.26,0.));
#3797 = CIRCLE('',#3798,0.5);
#3798 = AXIS2_PLACEMENT_3D('',#3799,#3800,#3801);
#3799 = CARTESIAN_POINT('',(112.869867,-39.76,0.));
#3800 = DIRECTION('',(-0.,0.,-1.));
#3801 = DIRECTION('',(-0.,-1.,0.));
#3802 = FACE_BOUND('',#3803,.F.);
#3803 = EDGE_LOOP('',(#3804));
#3804 = ORIENTED_EDGE('',*,*,#3805,.T.);
#3805 = EDGE_CURVE('',#3806,#3806,#3808,.T.);
#3806 = VERTEX_POINT('',#3807);
#3807 = CARTESIAN_POINT('',(115.409867,-40.26,0.));
#3808 = CIRCLE('',#3809,0.5);
#3809 = AXIS2_PLACEMENT_3D('',#3810,#3811,#3812);
#3810 = CARTESIAN_POINT('',(115.409867,-39.76,0.));
#3811 = DIRECTION('',(-0.,0.,-1.));
#3812 = DIRECTION('',(-0.,-1.,0.));
#3813 = FACE_BOUND('',#3814,.F.);
#3814 = EDGE_LOOP('',(#3815));
#3815 = ORIENTED_EDGE('',*,*,#3816,.T.);
#3816 = EDGE_CURVE('',#3817,#3817,#3819,.T.);
#3817 = VERTEX_POINT('',#3818);
#3818 = CARTESIAN_POINT('',(125.569867,-42.88,0.));
#3819 = CIRCLE('',#3820,0.5);
#3820 = AXIS2_PLACEMENT_3D('',#3821,#3822,#3823);
#3821 = CARTESIAN_POINT('',(125.569867,-42.38,0.));
#3822 = DIRECTION('',(-0.,0.,-1.));
#3823 = DIRECTION('',(-0.,-1.,0.));
#3824 = FACE_BOUND('',#3825,.F.);
#3825 = EDGE_LOOP('',(#3826,#3837,#3845,#3854));
#3826 = ORIENTED_EDGE('',*,*,#3827,.T.);
#3827 = EDGE_CURVE('',#3828,#3830,#3832,.T.);
#3828 = VERTEX_POINT('',#3829);
#3829 = CARTESIAN_POINT('',(133.719867,-49.73,0.));
#3830 = VERTEX_POINT('',#3831);
#3831 = CARTESIAN_POINT('',(133.719867,-51.23,0.));
#3832 = CIRCLE('',#3833,0.75);
#3833 = AXIS2_PLACEMENT_3D('',#3834,#3835,#3836);
#3834 = CARTESIAN_POINT('',(133.719867,-50.48,0.));
#3835 = DIRECTION('',(-0.,0.,-1.));
#3836 = DIRECTION('',(-0.,-1.,0.));
#3837 = ORIENTED_EDGE('',*,*,#3838,.T.);
#3838 = EDGE_CURVE('',#3830,#3839,#3841,.T.);
#3839 = VERTEX_POINT('',#3840);
#3840 = CARTESIAN_POINT('',(132.419867,-51.23,0.));
#3841 = LINE('',#3842,#3843);
#3842 = CARTESIAN_POINT('',(66.2099335,-51.23,0.));
#3843 = VECTOR('',#3844,1.);
#3844 = DIRECTION('',(-1.,0.,0.));
#3845 = ORIENTED_EDGE('',*,*,#3846,.T.);
#3846 = EDGE_CURVE('',#3839,#3847,#3849,.T.);
#3847 = VERTEX_POINT('',#3848);
#3848 = CARTESIAN_POINT('',(132.419867,-49.73,0.));
#3849 = CIRCLE('',#3850,0.75);
#3850 = AXIS2_PLACEMENT_3D('',#3851,#3852,#3853);
#3851 = CARTESIAN_POINT('',(132.419867,-50.48,0.));
#3852 = DIRECTION('',(-0.,0.,-1.));
#3853 = DIRECTION('',(0.,1.,0.));
#3854 = ORIENTED_EDGE('',*,*,#3855,.T.);
#3855 = EDGE_CURVE('',#3847,#3828,#3856,.T.);
#3856 = LINE('',#3857,#3858);
#3857 = CARTESIAN_POINT('',(66.8599335,-49.73,0.));
#3858 = VECTOR('',#3859,1.);
#3859 = DIRECTION('',(1.,0.,-0.));
#3860 = FACE_BOUND('',#3861,.F.);
#3861 = EDGE_LOOP('',(#3862));
#3862 = ORIENTED_EDGE('',*,*,#3863,.T.);
#3863 = EDGE_CURVE('',#3864,#3864,#3866,.T.);
#3864 = VERTEX_POINT('',#3865);
#3865 = CARTESIAN_POINT('',(140.069867,-47.88,0.));
#3866 = CIRCLE('',#3867,0.5);
#3867 = AXIS2_PLACEMENT_3D('',#3868,#3869,#3870);
#3868 = CARTESIAN_POINT('',(140.069867,-47.38,0.));
#3869 = DIRECTION('',(-0.,0.,-1.));
#3870 = DIRECTION('',(-0.,-1.,0.));
#3871 = FACE_BOUND('',#3872,.F.);
#3872 = EDGE_LOOP('',(#3873,#3884,#3892,#3901));
#3873 = ORIENTED_EDGE('',*,*,#3874,.T.);
#3874 = EDGE_CURVE('',#3875,#3877,#3879,.T.);
#3875 = VERTEX_POINT('',#3876);
#3876 = CARTESIAN_POINT('',(133.719867,-38.53,0.));
#3877 = VERTEX_POINT('',#3878);
#3878 = CARTESIAN_POINT('',(133.719867,-40.03,0.));
#3879 = CIRCLE('',#3880,0.75);
#3880 = AXIS2_PLACEMENT_3D('',#3881,#3882,#3883);
#3881 = CARTESIAN_POINT('',(133.719867,-39.28,0.));
#3882 = DIRECTION('',(-0.,0.,-1.));
#3883 = DIRECTION('',(-0.,-1.,0.));
#3884 = ORIENTED_EDGE('',*,*,#3885,.T.);
#3885 = EDGE_CURVE('',#3877,#3886,#3888,.T.);
#3886 = VERTEX_POINT('',#3887);
#3887 = CARTESIAN_POINT('',(132.419867,-40.03,0.));
#3888 = LINE('',#3889,#3890);
#3889 = CARTESIAN_POINT('',(66.2099335,-40.03,0.));
#3890 = VECTOR('',#3891,1.);
#3891 = DIRECTION('',(-1.,0.,0.));
#3892 = ORIENTED_EDGE('',*,*,#3893,.T.);
#3893 = EDGE_CURVE('',#3886,#3894,#3896,.T.);
#3894 = VERTEX_POINT('',#3895);
#3895 = CARTESIAN_POINT('',(132.419867,-38.53,0.));
#3896 = CIRCLE('',#3897,0.75);
#3897 = AXIS2_PLACEMENT_3D('',#3898,#3899,#3900);
#3898 = CARTESIAN_POINT('',(132.419867,-39.28,0.));
#3899 = DIRECTION('',(-0.,0.,-1.));
#3900 = DIRECTION('',(0.,1.,0.));
#3901 = ORIENTED_EDGE('',*,*,#3902,.T.);
#3902 = EDGE_CURVE('',#3894,#3875,#3903,.T.);
#3903 = LINE('',#3904,#3905);
#3904 = CARTESIAN_POINT('',(66.8599335,-38.53,0.));
#3905 = VECTOR('',#3906,1.);
#3906 = DIRECTION('',(1.,0.,-0.));
#3907 = FACE_BOUND('',#3908,.F.);
#3908 = EDGE_LOOP('',(#3909));
#3909 = ORIENTED_EDGE('',*,*,#3910,.T.);
#3910 = EDGE_CURVE('',#3911,#3911,#3913,.T.);
#3911 = VERTEX_POINT('',#3912);
#3912 = CARTESIAN_POINT('',(140.069867,-42.88,0.));
#3913 = CIRCLE('',#3914,0.5);
#3914 = AXIS2_PLACEMENT_3D('',#3915,#3916,#3917);
#3915 = CARTESIAN_POINT('',(140.069867,-42.38,0.));
#3916 = DIRECTION('',(-0.,0.,-1.));
#3917 = DIRECTION('',(-0.,-1.,0.));
#3918 = FACE_BOUND('',#3919,.F.);
#3919 = EDGE_LOOP('',(#3920));
#3920 = ORIENTED_EDGE('',*,*,#3921,.T.);
#3921 = EDGE_CURVE('',#3922,#3922,#3924,.T.);
#3922 = VERTEX_POINT('',#3923);
#3923 = CARTESIAN_POINT('',(150.02545,-69.835,0.));
#3924 = CIRCLE('',#3925,0.85);
#3925 = AXIS2_PLACEMENT_3D('',#3926,#3927,#3928);
#3926 = CARTESIAN_POINT('',(150.02545,-68.985,0.));
#3927 = DIRECTION('',(-0.,0.,-1.));
#3928 = DIRECTION('',(-0.,-1.,0.));
#3929 = FACE_BOUND('',#3930,.F.);
#3930 = EDGE_LOOP('',(#3931));
#3931 = ORIENTED_EDGE('',*,*,#3932,.T.);
#3932 = EDGE_CURVE('',#3933,#3933,#3935,.T.);
#3933 = VERTEX_POINT('',#3934);
#3934 = CARTESIAN_POINT('',(158.42545,-71.035,0.));
#3935 = CIRCLE('',#3936,0.85);
#3936 = AXIS2_PLACEMENT_3D('',#3937,#3938,#3939);
#3937 = CARTESIAN_POINT('',(158.42545,-70.185,0.));
#3938 = DIRECTION('',(-0.,0.,-1.));
#3939 = DIRECTION('',(-0.,-1.,0.));
#3940 = FACE_BOUND('',#3941,.F.);
#3941 = EDGE_LOOP('',(#3942));
#3942 = ORIENTED_EDGE('',*,*,#3943,.T.);
#3943 = EDGE_CURVE('',#3944,#3944,#3946,.T.);
#3944 = VERTEX_POINT('',#3945);
#3945 = CARTESIAN_POINT('',(152.47545,-65.435,0.));
#3946 = CIRCLE('',#3947,0.6);
#3947 = AXIS2_PLACEMENT_3D('',#3948,#3949,#3950);
#3948 = CARTESIAN_POINT('',(152.47545,-64.835,0.));
#3949 = DIRECTION('',(-0.,0.,-1.));
#3950 = DIRECTION('',(-0.,-1.,0.));
#3951 = FACE_BOUND('',#3952,.F.);
#3952 = EDGE_LOOP('',(#3953));
#3953 = ORIENTED_EDGE('',*,*,#3954,.T.);
#3954 = EDGE_CURVE('',#3955,#3955,#3957,.T.);
#3955 = VERTEX_POINT('',#3956);
#3956 = CARTESIAN_POINT('',(155.97545,-65.435,0.));
#3957 = CIRCLE('',#3958,0.6);
#3958 = AXIS2_PLACEMENT_3D('',#3959,#3960,#3961);
#3959 = CARTESIAN_POINT('',(155.97545,-64.835,0.));
#3960 = DIRECTION('',(-0.,0.,-1.));
#3961 = DIRECTION('',(-0.,-1.,0.));
#3962 = FACE_BOUND('',#3963,.F.);
#3963 = EDGE_LOOP('',(#3964));
#3964 = ORIENTED_EDGE('',*,*,#3965,.T.);
#3965 = EDGE_CURVE('',#3966,#3966,#3968,.T.);
#3966 = VERTEX_POINT('',#3967);
#3967 = CARTESIAN_POINT('',(164.611339,-65.825,0.));
#3968 = CIRCLE('',#3969,0.5);
#3969 = AXIS2_PLACEMENT_3D('',#3970,#3971,#3972);
#3970 = CARTESIAN_POINT('',(164.611339,-65.325,0.));
#3971 = DIRECTION('',(-0.,0.,-1.));
#3972 = DIRECTION('',(-0.,-1.,0.));
#3973 = FACE_BOUND('',#3974,.F.);
#3974 = EDGE_LOOP('',(#3975));
#3975 = ORIENTED_EDGE('',*,*,#3976,.T.);
#3976 = EDGE_CURVE('',#3977,#3977,#3979,.T.);
#3977 = VERTEX_POINT('',#3978);
#3978 = CARTESIAN_POINT('',(167.151339,-65.825,0.));
#3979 = CIRCLE('',#3980,0.5);
#3980 = AXIS2_PLACEMENT_3D('',#3981,#3982,#3983);
#3981 = CARTESIAN_POINT('',(167.151339,-65.325,0.));
#3982 = DIRECTION('',(-0.,0.,-1.));
#3983 = DIRECTION('',(-0.,-1.,0.));
#3984 = FACE_BOUND('',#3985,.F.);
#3985 = EDGE_LOOP('',(#3986));
#3986 = ORIENTED_EDGE('',*,*,#3987,.T.);
#3987 = EDGE_CURVE('',#3988,#3988,#3990,.T.);
#3988 = VERTEX_POINT('',#3989);
#3989 = CARTESIAN_POINT('',(169.691339,-65.825,0.));
#3990 = CIRCLE('',#3991,0.5);
#3991 = AXIS2_PLACEMENT_3D('',#3992,#3993,#3994);
#3992 = CARTESIAN_POINT('',(169.691339,-65.325,0.));
#3993 = DIRECTION('',(-0.,0.,-1.));
#3994 = DIRECTION('',(-0.,-1.,0.));
#3995 = FACE_BOUND('',#3996,.F.);
#3996 = EDGE_LOOP('',(#3997));
#3997 = ORIENTED_EDGE('',*,*,#3998,.T.);
#3998 = EDGE_CURVE('',#3999,#3999,#4001,.T.);
#3999 = VERTEX_POINT('',#4000);
#4000 = CARTESIAN_POINT('',(185.538978,-71.67,0.));
#4001 = CIRCLE('',#4002,0.85);
#4002 = AXIS2_PLACEMENT_3D('',#4003,#4004,#4005);
#4003 = CARTESIAN_POINT('',(185.538978,-70.82,0.));
#4004 = DIRECTION('',(-0.,0.,-1.));
#4005 = DIRECTION('',(-0.,-1.,0.));
#4006 = FACE_BOUND('',#4007,.F.);
#4007 = EDGE_LOOP('',(#4008));
#4008 = ORIENTED_EDGE('',*,*,#4009,.T.);
#4009 = EDGE_CURVE('',#4010,#4010,#4012,.T.);
#4010 = VERTEX_POINT('',#4011);
#4011 = CARTESIAN_POINT('',(177.138978,-70.47,0.));
#4012 = CIRCLE('',#4013,0.85);
#4013 = AXIS2_PLACEMENT_3D('',#4014,#4015,#4016);
#4014 = CARTESIAN_POINT('',(177.138978,-69.62,0.));
#4015 = DIRECTION('',(-0.,0.,-1.));
#4016 = DIRECTION('',(-0.,-1.,0.));
#4017 = FACE_BOUND('',#4018,.F.);
#4018 = EDGE_LOOP('',(#4019));
#4019 = ORIENTED_EDGE('',*,*,#4020,.T.);
#4020 = EDGE_CURVE('',#4021,#4021,#4023,.T.);
#4021 = VERTEX_POINT('',#4022);
#4022 = CARTESIAN_POINT('',(172.231339,-65.825,0.));
#4023 = CIRCLE('',#4024,0.5);
#4024 = AXIS2_PLACEMENT_3D('',#4025,#4026,#4027);
#4025 = CARTESIAN_POINT('',(172.231339,-65.325,0.));
#4026 = DIRECTION('',(-0.,0.,-1.));
#4027 = DIRECTION('',(-0.,-1.,0.));
#4028 = FACE_BOUND('',#4029,.F.);
#4029 = EDGE_LOOP('',(#4030));
#4030 = ORIENTED_EDGE('',*,*,#4031,.T.);
#4031 = EDGE_CURVE('',#4032,#4032,#4034,.T.);
#4032 = VERTEX_POINT('',#4033);
#4033 = CARTESIAN_POINT('',(179.588978,-66.07,0.));
#4034 = CIRCLE('',#4035,0.6);
#4035 = AXIS2_PLACEMENT_3D('',#4036,#4037,#4038);
#4036 = CARTESIAN_POINT('',(179.588978,-65.47,0.));
#4037 = DIRECTION('',(-0.,0.,-1.));
#4038 = DIRECTION('',(-0.,-1.,0.));
#4039 = FACE_BOUND('',#4040,.F.);
#4040 = EDGE_LOOP('',(#4041));
#4041 = ORIENTED_EDGE('',*,*,#4042,.T.);
#4042 = EDGE_CURVE('',#4043,#4043,#4045,.T.);
#4043 = VERTEX_POINT('',#4044);
#4044 = CARTESIAN_POINT('',(183.088978,-66.07,0.));
#4045 = CIRCLE('',#4046,0.6);
#4046 = AXIS2_PLACEMENT_3D('',#4047,#4048,#4049);
#4047 = CARTESIAN_POINT('',(183.088978,-65.47,0.));
#4048 = DIRECTION('',(-0.,0.,-1.));
#4049 = DIRECTION('',(-0.,-1.,0.));
#4050 = FACE_BOUND('',#4051,.F.);
#4051 = EDGE_LOOP('',(#4052));
#4052 = ORIENTED_EDGE('',*,*,#4053,.T.);
#4053 = EDGE_CURVE('',#4054,#4054,#4056,.T.);
#4054 = VERTEX_POINT('',#4055);
#4055 = CARTESIAN_POINT('',(205.579867,-88.20156,0.));
#4056 = CIRCLE('',#4057,0.4);
#4057 = AXIS2_PLACEMENT_3D('',#4058,#4059,#4060);
#4058 = CARTESIAN_POINT('',(205.579867,-87.80156,0.));
#4059 = DIRECTION('',(-0.,0.,-1.));
#4060 = DIRECTION('',(-0.,-1.,0.));
#4061 = FACE_BOUND('',#4062,.F.);
#4062 = EDGE_LOOP('',(#4063));
#4063 = ORIENTED_EDGE('',*,*,#4064,.T.);
#4064 = EDGE_CURVE('',#4065,#4065,#4067,.T.);
#4065 = VERTEX_POINT('',#4066);
#4066 = CARTESIAN_POINT('',(205.579867,-85.66156,0.));
#4067 = CIRCLE('',#4068,0.4);
#4068 = AXIS2_PLACEMENT_3D('',#4069,#4070,#4071);
#4069 = CARTESIAN_POINT('',(205.579867,-85.26156,0.));
#4070 = DIRECTION('',(-0.,0.,-1.));
#4071 = DIRECTION('',(-0.,-1.,0.));
#4072 = FACE_BOUND('',#4073,.F.);
#4073 = EDGE_LOOP('',(#4074));
#4074 = ORIENTED_EDGE('',*,*,#4075,.T.);
#4075 = EDGE_CURVE('',#4076,#4076,#4078,.T.);
#4076 = VERTEX_POINT('',#4077);
#4077 = CARTESIAN_POINT('',(205.579867,-83.12156,0.));
#4078 = CIRCLE('',#4079,0.4);
#4079 = AXIS2_PLACEMENT_3D('',#4080,#4081,#4082);
#4080 = CARTESIAN_POINT('',(205.579867,-82.72156,0.));
#4081 = DIRECTION('',(-0.,0.,-1.));
#4082 = DIRECTION('',(-0.,-1.,0.));
#4083 = FACE_BOUND('',#4084,.F.);
#4084 = EDGE_LOOP('',(#4085));
#4085 = ORIENTED_EDGE('',*,*,#4086,.T.);
#4086 = EDGE_CURVE('',#4087,#4087,#4089,.T.);
#4087 = VERTEX_POINT('',#4088);
#4088 = CARTESIAN_POINT('',(205.579867,-80.58156,0.));
#4089 = CIRCLE('',#4090,0.4);
#4090 = AXIS2_PLACEMENT_3D('',#4091,#4092,#4093);
#4091 = CARTESIAN_POINT('',(205.579867,-80.18156,0.));
#4092 = DIRECTION('',(-0.,0.,-1.));
#4093 = DIRECTION('',(-0.,-1.,0.));
#4094 = FACE_BOUND('',#4095,.F.);
#4095 = EDGE_LOOP('',(#4096));
#4096 = ORIENTED_EDGE('',*,*,#4097,.T.);
#4097 = EDGE_CURVE('',#4098,#4098,#4100,.T.);
#4098 = VERTEX_POINT('',#4099);
#4099 = CARTESIAN_POINT('',(205.579867,-78.04156,0.));
#4100 = CIRCLE('',#4101,0.4);
#4101 = AXIS2_PLACEMENT_3D('',#4102,#4103,#4104);
#4102 = CARTESIAN_POINT('',(205.579867,-77.64156,0.));
#4103 = DIRECTION('',(-0.,0.,-1.));
#4104 = DIRECTION('',(-0.,-1.,0.));
#4105 = FACE_BOUND('',#4106,.F.);
#4106 = EDGE_LOOP('',(#4107));
#4107 = ORIENTED_EDGE('',*,*,#4108,.T.);
#4108 = EDGE_CURVE('',#4109,#4109,#4111,.T.);
#4109 = VERTEX_POINT('',#4110);
#4110 = CARTESIAN_POINT('',(230.976187,-88.19884,0.));
#4111 = CIRCLE('',#4112,0.4);
#4112 = AXIS2_PLACEMENT_3D('',#4113,#4114,#4115);
#4113 = CARTESIAN_POINT('',(230.976187,-87.79884,0.));
#4114 = DIRECTION('',(-0.,0.,-1.));
#4115 = DIRECTION('',(7.105427357601E-14,-1.,-0.));
#4116 = FACE_BOUND('',#4117,.F.);
#4117 = EDGE_LOOP('',(#4118));
#4118 = ORIENTED_EDGE('',*,*,#4119,.T.);
#4119 = EDGE_CURVE('',#4120,#4120,#4122,.T.);
#4120 = VERTEX_POINT('',#4121);
#4121 = CARTESIAN_POINT('',(230.979867,-85.66156,0.));
#4122 = CIRCLE('',#4123,0.4);
#4123 = AXIS2_PLACEMENT_3D('',#4124,#4125,#4126);
#4124 = CARTESIAN_POINT('',(230.979867,-85.26156,0.));
#4125 = DIRECTION('',(-0.,0.,-1.));
#4126 = DIRECTION('',(-0.,-1.,0.));
#4127 = FACE_BOUND('',#4128,.F.);
#4128 = EDGE_LOOP('',(#4129));
#4129 = ORIENTED_EDGE('',*,*,#4130,.T.);
#4130 = EDGE_CURVE('',#4131,#4131,#4133,.T.);
#4131 = VERTEX_POINT('',#4132);
#4132 = CARTESIAN_POINT('',(230.979867,-83.12156,0.));
#4133 = CIRCLE('',#4134,0.4);
#4134 = AXIS2_PLACEMENT_3D('',#4135,#4136,#4137);
#4135 = CARTESIAN_POINT('',(230.979867,-82.72156,0.));
#4136 = DIRECTION('',(-0.,0.,-1.));
#4137 = DIRECTION('',(-0.,-1.,0.));
#4138 = FACE_BOUND('',#4139,.F.);
#4139 = EDGE_LOOP('',(#4140));
#4140 = ORIENTED_EDGE('',*,*,#4141,.T.);
#4141 = EDGE_CURVE('',#4142,#4142,#4144,.T.);
#4142 = VERTEX_POINT('',#4143);
#4143 = CARTESIAN_POINT('',(230.979867,-80.58156,0.));
#4144 = CIRCLE('',#4145,0.4);
#4145 = AXIS2_PLACEMENT_3D('',#4146,#4147,#4148);
#4146 = CARTESIAN_POINT('',(230.979867,-80.18156,0.));
#4147 = DIRECTION('',(-0.,0.,-1.));
#4148 = DIRECTION('',(-0.,-1.,0.));
#4149 = FACE_BOUND('',#4150,.F.);
#4150 = EDGE_LOOP('',(#4151));
#4151 = ORIENTED_EDGE('',*,*,#4152,.T.);
#4152 = EDGE_CURVE('',#4153,#4153,#4155,.T.);
#4153 = VERTEX_POINT('',#4154);
#4154 = CARTESIAN_POINT('',(230.979867,-78.04156,0.));
#4155 = CIRCLE('',#4156,0.4);
#4156 = AXIS2_PLACEMENT_3D('',#4157,#4158,#4159);
#4157 = CARTESIAN_POINT('',(230.979867,-77.64156,0.));
#4158 = DIRECTION('',(-0.,0.,-1.));
#4159 = DIRECTION('',(-0.,-1.,0.));
#4160 = FACE_BOUND('',#4161,.F.);
#4161 = EDGE_LOOP('',(#4162));
#4162 = ORIENTED_EDGE('',*,*,#4163,.T.);
#4163 = EDGE_CURVE('',#4164,#4164,#4166,.T.);
#4164 = VERTEX_POINT('',#4165);
#4165 = CARTESIAN_POINT('',(205.579867,-75.50156,0.));
#4166 = CIRCLE('',#4167,0.4);
#4167 = AXIS2_PLACEMENT_3D('',#4168,#4169,#4170);
#4168 = CARTESIAN_POINT('',(205.579867,-75.10156,0.));
#4169 = DIRECTION('',(-0.,0.,-1.));
#4170 = DIRECTION('',(-0.,-1.,0.));
#4171 = FACE_BOUND('',#4172,.F.);
#4172 = EDGE_LOOP('',(#4173));
#4173 = ORIENTED_EDGE('',*,*,#4174,.T.);
#4174 = EDGE_CURVE('',#4175,#4175,#4177,.T.);
#4175 = VERTEX_POINT('',#4176);
#4176 = CARTESIAN_POINT('',(205.579867,-72.96156,0.));
#4177 = CIRCLE('',#4178,0.4);
#4178 = AXIS2_PLACEMENT_3D('',#4179,#4180,#4181);
#4179 = CARTESIAN_POINT('',(205.579867,-72.56156,0.));
#4180 = DIRECTION('',(-0.,0.,-1.));
#4181 = DIRECTION('',(-0.,-1.,0.));
#4182 = FACE_BOUND('',#4183,.F.);
#4183 = EDGE_LOOP('',(#4184));
#4184 = ORIENTED_EDGE('',*,*,#4185,.T.);
#4185 = EDGE_CURVE('',#4186,#4186,#4188,.T.);
#4186 = VERTEX_POINT('',#4187);
#4187 = CARTESIAN_POINT('',(191.724867,-65.825,0.));
#4188 = CIRCLE('',#4189,0.5);
#4189 = AXIS2_PLACEMENT_3D('',#4190,#4191,#4192);
#4190 = CARTESIAN_POINT('',(191.724867,-65.325,0.));
#4191 = DIRECTION('',(-0.,0.,-1.));
#4192 = DIRECTION('',(-0.,-1.,0.));
#4193 = FACE_BOUND('',#4194,.F.);
#4194 = EDGE_LOOP('',(#4195));
#4195 = ORIENTED_EDGE('',*,*,#4196,.T.);
#4196 = EDGE_CURVE('',#4197,#4197,#4199,.T.);
#4197 = VERTEX_POINT('',#4198);
#4198 = CARTESIAN_POINT('',(194.264867,-65.825,0.));
#4199 = CIRCLE('',#4200,0.5);
#4200 = AXIS2_PLACEMENT_3D('',#4201,#4202,#4203);
#4201 = CARTESIAN_POINT('',(194.264867,-65.325,0.));
#4202 = DIRECTION('',(-0.,0.,-1.));
#4203 = DIRECTION('',(-0.,-1.,0.));
#4204 = FACE_BOUND('',#4205,.F.);
#4205 = EDGE_LOOP('',(#4206));
#4206 = ORIENTED_EDGE('',*,*,#4207,.T.);
#4207 = EDGE_CURVE('',#4208,#4208,#4210,.T.);
#4208 = VERTEX_POINT('',#4209);
#4209 = CARTESIAN_POINT('',(196.804867,-65.825,0.));
#4210 = CIRCLE('',#4211,0.5);
#4211 = AXIS2_PLACEMENT_3D('',#4212,#4213,#4214);
#4212 = CARTESIAN_POINT('',(196.804867,-65.325,0.));
#4213 = DIRECTION('',(-0.,0.,-1.));
#4214 = DIRECTION('',(-0.,-1.,0.));
#4215 = FACE_BOUND('',#4216,.F.);
#4216 = EDGE_LOOP('',(#4217));
#4217 = ORIENTED_EDGE('',*,*,#4218,.T.);
#4218 = EDGE_CURVE('',#4219,#4219,#4221,.T.);
#4219 = VERTEX_POINT('',#4220);
#4220 = CARTESIAN_POINT('',(199.344867,-65.825,0.));
#4221 = CIRCLE('',#4222,0.5);
#4222 = AXIS2_PLACEMENT_3D('',#4223,#4224,#4225);
#4223 = CARTESIAN_POINT('',(199.344867,-65.325,0.));
#4224 = DIRECTION('',(-0.,0.,-1.));
#4225 = DIRECTION('',(-0.,-1.,0.));
#4226 = FACE_BOUND('',#4227,.F.);
#4227 = EDGE_LOOP('',(#4228));
#4228 = ORIENTED_EDGE('',*,*,#4229,.T.);
#4229 = EDGE_CURVE('',#4230,#4230,#4232,.T.);
#4230 = VERTEX_POINT('',#4231);
#4231 = CARTESIAN_POINT('',(205.579867,-70.42156,0.));
#4232 = CIRCLE('',#4233,0.4);
#4233 = AXIS2_PLACEMENT_3D('',#4234,#4235,#4236);
#4234 = CARTESIAN_POINT('',(205.579867,-70.02156,0.));
#4235 = DIRECTION('',(-0.,0.,-1.));
#4236 = DIRECTION('',(-0.,-1.,0.));
#4237 = FACE_BOUND('',#4238,.F.);
#4238 = EDGE_LOOP('',(#4239));
#4239 = ORIENTED_EDGE('',*,*,#4240,.T.);
#4240 = EDGE_CURVE('',#4241,#4241,#4243,.T.);
#4241 = VERTEX_POINT('',#4242);
#4242 = CARTESIAN_POINT('',(205.579867,-67.88156,0.));
#4243 = CIRCLE('',#4244,0.4);
#4244 = AXIS2_PLACEMENT_3D('',#4245,#4246,#4247);
#4245 = CARTESIAN_POINT('',(205.579867,-67.48156,0.));
#4246 = DIRECTION('',(-0.,0.,-1.));
#4247 = DIRECTION('',(-0.,-1.,0.));
#4248 = FACE_BOUND('',#4249,.F.);
#4249 = EDGE_LOOP('',(#4250));
#4250 = ORIENTED_EDGE('',*,*,#4251,.T.);
#4251 = EDGE_CURVE('',#4252,#4252,#4254,.T.);
#4252 = VERTEX_POINT('',#4253);
#4253 = CARTESIAN_POINT('',(205.579867,-65.34156,0.));
#4254 = CIRCLE('',#4255,0.4);
#4255 = AXIS2_PLACEMENT_3D('',#4256,#4257,#4258);
#4256 = CARTESIAN_POINT('',(205.579867,-64.94156,0.));
#4257 = DIRECTION('',(-0.,0.,-1.));
#4258 = DIRECTION('',(-0.,-1.,0.));
#4259 = FACE_BOUND('',#4260,.F.);
#4260 = EDGE_LOOP('',(#4261));
#4261 = ORIENTED_EDGE('',*,*,#4262,.T.);
#4262 = EDGE_CURVE('',#4263,#4263,#4265,.T.);
#4263 = VERTEX_POINT('',#4264);
#4264 = CARTESIAN_POINT('',(230.979867,-75.50156,0.));
#4265 = CIRCLE('',#4266,0.4);
#4266 = AXIS2_PLACEMENT_3D('',#4267,#4268,#4269);
#4267 = CARTESIAN_POINT('',(230.979867,-75.10156,0.));
#4268 = DIRECTION('',(-0.,0.,-1.));
#4269 = DIRECTION('',(-0.,-1.,0.));
#4270 = FACE_BOUND('',#4271,.F.);
#4271 = EDGE_LOOP('',(#4272));
#4272 = ORIENTED_EDGE('',*,*,#4273,.T.);
#4273 = EDGE_CURVE('',#4274,#4274,#4276,.T.);
#4274 = VERTEX_POINT('',#4275);
#4275 = CARTESIAN_POINT('',(230.979867,-72.96156,0.));
#4276 = CIRCLE('',#4277,0.4);
#4277 = AXIS2_PLACEMENT_3D('',#4278,#4279,#4280);
#4278 = CARTESIAN_POINT('',(230.979867,-72.56156,0.));
#4279 = DIRECTION('',(-0.,0.,-1.));
#4280 = DIRECTION('',(-0.,-1.,0.));
#4281 = FACE_BOUND('',#4282,.F.);
#4282 = EDGE_LOOP('',(#4283));
#4283 = ORIENTED_EDGE('',*,*,#4284,.T.);
#4284 = EDGE_CURVE('',#4285,#4285,#4287,.T.);
#4285 = VERTEX_POINT('',#4286);
#4286 = CARTESIAN_POINT('',(230.979867,-70.42156,0.));
#4287 = CIRCLE('',#4288,0.4);
#4288 = AXIS2_PLACEMENT_3D('',#4289,#4290,#4291);
#4289 = CARTESIAN_POINT('',(230.979867,-70.02156,0.));
#4290 = DIRECTION('',(-0.,0.,-1.));
#4291 = DIRECTION('',(-0.,-1.,0.));
#4292 = FACE_BOUND('',#4293,.F.);
#4293 = EDGE_LOOP('',(#4294));
#4294 = ORIENTED_EDGE('',*,*,#4295,.T.);
#4295 = EDGE_CURVE('',#4296,#4296,#4298,.T.);
#4296 = VERTEX_POINT('',#4297);
#4297 = CARTESIAN_POINT('',(230.979867,-67.88156,0.));
#4298 = CIRCLE('',#4299,0.4);
#4299 = AXIS2_PLACEMENT_3D('',#4300,#4301,#4302);
#4300 = CARTESIAN_POINT('',(230.979867,-67.48156,0.));
#4301 = DIRECTION('',(-0.,0.,-1.));
#4302 = DIRECTION('',(-0.,-1.,0.));
#4303 = FACE_BOUND('',#4304,.F.);
#4304 = EDGE_LOOP('',(#4305));
#4305 = ORIENTED_EDGE('',*,*,#4306,.T.);
#4306 = EDGE_CURVE('',#4307,#4307,#4309,.T.);
#4307 = VERTEX_POINT('',#4308);
#4308 = CARTESIAN_POINT('',(230.979867,-65.34156,0.));
#4309 = CIRCLE('',#4310,0.4);
#4310 = AXIS2_PLACEMENT_3D('',#4311,#4312,#4313);
#4311 = CARTESIAN_POINT('',(230.979867,-64.94156,0.));
#4312 = DIRECTION('',(-0.,0.,-1.));
#4313 = DIRECTION('',(-0.,-1.,0.));
#4314 = FACE_BOUND('',#4315,.F.);
#4315 = EDGE_LOOP('',(#4316));
#4316 = ORIENTED_EDGE('',*,*,#4317,.T.);
#4317 = EDGE_CURVE('',#4318,#4318,#4320,.T.);
#4318 = VERTEX_POINT('',#4319);
#4319 = CARTESIAN_POINT('',(155.75045,-59.16,0.));
#4320 = CIRCLE('',#4321,0.4);
#4321 = AXIS2_PLACEMENT_3D('',#4322,#4323,#4324);
#4322 = CARTESIAN_POINT('',(155.75045,-58.76,0.));
#4323 = DIRECTION('',(-0.,0.,-1.));
#4324 = DIRECTION('',(-0.,-1.,0.));
#4325 = FACE_BOUND('',#4326,.F.);
#4326 = EDGE_LOOP('',(#4327));
#4327 = ORIENTED_EDGE('',*,*,#4328,.T.);
#4328 = EDGE_CURVE('',#4329,#4329,#4331,.T.);
#4329 = VERTEX_POINT('',#4330);
#4330 = CARTESIAN_POINT('',(158.25045,-59.16,0.));
#4331 = CIRCLE('',#4332,0.4);
#4332 = AXIS2_PLACEMENT_3D('',#4333,#4334,#4335);
#4333 = CARTESIAN_POINT('',(158.25045,-58.76,0.));
#4334 = DIRECTION('',(-0.,0.,-1.));
#4335 = DIRECTION('',(-0.,-1.,0.));
#4336 = FACE_BOUND('',#4337,.F.);
#4337 = EDGE_LOOP('',(#4338));
#4338 = ORIENTED_EDGE('',*,*,#4339,.T.);
#4339 = EDGE_CURVE('',#4340,#4340,#4342,.T.);
#4340 = VERTEX_POINT('',#4341);
#4341 = CARTESIAN_POINT('',(163.696339,-59.5,0.));
#4342 = CIRCLE('',#4343,0.4);
#4343 = AXIS2_PLACEMENT_3D('',#4344,#4345,#4346);
#4344 = CARTESIAN_POINT('',(163.696339,-59.1,0.));
#4345 = DIRECTION('',(-0.,0.,-1.));
#4346 = DIRECTION('',(-0.,-1.,0.));
#4347 = FACE_BOUND('',#4348,.F.);
#4348 = EDGE_LOOP('',(#4349));
#4349 = ORIENTED_EDGE('',*,*,#4350,.T.);
#4350 = EDGE_CURVE('',#4351,#4351,#4353,.T.);
#4351 = VERTEX_POINT('',#4352);
#4352 = CARTESIAN_POINT('',(166.196339,-59.5,0.));
#4353 = CIRCLE('',#4354,0.4);
#4354 = AXIS2_PLACEMENT_3D('',#4355,#4356,#4357);
#4355 = CARTESIAN_POINT('',(166.196339,-59.1,0.));
#4356 = DIRECTION('',(-0.,0.,-1.));
#4357 = DIRECTION('',(-0.,-1.,0.));
#4358 = FACE_BOUND('',#4359,.F.);
#4359 = EDGE_LOOP('',(#4360));
#4360 = ORIENTED_EDGE('',*,*,#4361,.T.);
#4361 = EDGE_CURVE('',#4362,#4362,#4364,.T.);
#4362 = VERTEX_POINT('',#4363);
#4363 = CARTESIAN_POINT('',(182.863978,-59.86,0.));
#4364 = CIRCLE('',#4365,0.4);
#4365 = AXIS2_PLACEMENT_3D('',#4366,#4367,#4368);
#4366 = CARTESIAN_POINT('',(182.863978,-59.46,0.));
#4367 = DIRECTION('',(-0.,0.,-1.));
#4368 = DIRECTION('',(-0.,-1.,0.));
#4369 = FACE_BOUND('',#4370,.F.);
#4370 = EDGE_LOOP('',(#4371));
#4371 = ORIENTED_EDGE('',*,*,#4372,.T.);
#4372 = EDGE_CURVE('',#4373,#4373,#4375,.T.);
#4373 = VERTEX_POINT('',#4374);
#4374 = CARTESIAN_POINT('',(185.363978,-59.86,0.));
#4375 = CIRCLE('',#4376,0.4);
#4376 = AXIS2_PLACEMENT_3D('',#4377,#4378,#4379);
#4377 = CARTESIAN_POINT('',(185.363978,-59.46,0.));
#4378 = DIRECTION('',(-0.,0.,-1.));
#4379 = DIRECTION('',(-0.,-1.,0.));
#4380 = FACE_BOUND('',#4381,.F.);
#4381 = EDGE_LOOP('',(#4382,#4393,#4401,#4410));
#4382 = ORIENTED_EDGE('',*,*,#4383,.T.);
#4383 = EDGE_CURVE('',#4384,#4386,#4388,.T.);
#4384 = VERTEX_POINT('',#4385);
#4385 = CARTESIAN_POINT('',(157.849867,-49.73,0.));
#4386 = VERTEX_POINT('',#4387);
#4387 = CARTESIAN_POINT('',(157.849867,-51.23,0.));
#4388 = CIRCLE('',#4389,0.75);
#4389 = AXIS2_PLACEMENT_3D('',#4390,#4391,#4392);
#4390 = CARTESIAN_POINT('',(157.849867,-50.48,0.));
#4391 = DIRECTION('',(-0.,0.,-1.));
#4392 = DIRECTION('',(-0.,-1.,0.));
#4393 = ORIENTED_EDGE('',*,*,#4394,.T.);
#4394 = EDGE_CURVE('',#4386,#4395,#4397,.T.);
#4395 = VERTEX_POINT('',#4396);
#4396 = CARTESIAN_POINT('',(156.549867,-51.23,0.));
#4397 = LINE('',#4398,#4399);
#4398 = CARTESIAN_POINT('',(78.2749335,-51.23,0.));
#4399 = VECTOR('',#4400,1.);
#4400 = DIRECTION('',(-1.,0.,0.));
#4401 = ORIENTED_EDGE('',*,*,#4402,.T.);
#4402 = EDGE_CURVE('',#4395,#4403,#4405,.T.);
#4403 = VERTEX_POINT('',#4404);
#4404 = CARTESIAN_POINT('',(156.549867,-49.73,0.));
#4405 = CIRCLE('',#4406,0.75);
#4406 = AXIS2_PLACEMENT_3D('',#4407,#4408,#4409);
#4407 = CARTESIAN_POINT('',(156.549867,-50.48,0.));
#4408 = DIRECTION('',(-0.,0.,-1.));
#4409 = DIRECTION('',(0.,1.,0.));
#4410 = ORIENTED_EDGE('',*,*,#4411,.T.);
#4411 = EDGE_CURVE('',#4403,#4384,#4412,.T.);
#4412 = LINE('',#4413,#4414);
#4413 = CARTESIAN_POINT('',(78.9249335,-49.73,0.));
#4414 = VECTOR('',#4415,1.);
#4415 = DIRECTION('',(1.,0.,-0.));
#4416 = FACE_BOUND('',#4417,.F.);
#4417 = EDGE_LOOP('',(#4418));
#4418 = ORIENTED_EDGE('',*,*,#4419,.T.);
#4419 = EDGE_CURVE('',#4420,#4420,#4422,.T.);
#4420 = VERTEX_POINT('',#4421);
#4421 = CARTESIAN_POINT('',(149.699867,-47.88,0.));
#4422 = CIRCLE('',#4423,0.5);
#4423 = AXIS2_PLACEMENT_3D('',#4424,#4425,#4426);
#4424 = CARTESIAN_POINT('',(149.699867,-47.38,0.));
#4425 = DIRECTION('',(-0.,0.,-1.));
#4426 = DIRECTION('',(-0.,-1.,0.));
#4427 = FACE_BOUND('',#4428,.F.);
#4428 = EDGE_LOOP('',(#4429));
#4429 = ORIENTED_EDGE('',*,*,#4430,.T.);
#4430 = EDGE_CURVE('',#4431,#4431,#4433,.T.);
#4431 = VERTEX_POINT('',#4432);
#4432 = CARTESIAN_POINT('',(149.699867,-45.38,0.));
#4433 = CIRCLE('',#4434,0.5);
#4434 = AXIS2_PLACEMENT_3D('',#4435,#4436,#4437);
#4435 = CARTESIAN_POINT('',(149.699867,-44.88,0.));
#4436 = DIRECTION('',(-0.,0.,-1.));
#4437 = DIRECTION('',(-0.,-1.,0.));
#4438 = FACE_BOUND('',#4439,.F.);
#4439 = EDGE_LOOP('',(#4440));
#4440 = ORIENTED_EDGE('',*,*,#4441,.T.);
#4441 = EDGE_CURVE('',#4442,#4442,#4444,.T.);
#4442 = VERTEX_POINT('',#4443);
#4443 = CARTESIAN_POINT('',(164.199867,-47.88,0.));
#4444 = CIRCLE('',#4445,0.5);
#4445 = AXIS2_PLACEMENT_3D('',#4446,#4447,#4448);
#4446 = CARTESIAN_POINT('',(164.199867,-47.38,0.));
#4447 = DIRECTION('',(-0.,0.,-1.));
#4448 = DIRECTION('',(-0.,-1.,0.));
#4449 = FACE_BOUND('',#4450,.F.);
#4450 = EDGE_LOOP('',(#4451));
#4451 = ORIENTED_EDGE('',*,*,#4452,.T.);
#4452 = EDGE_CURVE('',#4453,#4453,#4455,.T.);
#4453 = VERTEX_POINT('',#4454);
#4454 = CARTESIAN_POINT('',(149.699867,-42.88,0.));
#4455 = CIRCLE('',#4456,0.5);
#4456 = AXIS2_PLACEMENT_3D('',#4457,#4458,#4459);
#4457 = CARTESIAN_POINT('',(149.699867,-42.38,0.));
#4458 = DIRECTION('',(-0.,0.,-1.));
#4459 = DIRECTION('',(-0.,-1.,0.));
#4460 = FACE_BOUND('',#4461,.F.);
#4461 = EDGE_LOOP('',(#4462,#4473,#4481,#4490));
#4462 = ORIENTED_EDGE('',*,*,#4463,.T.);
#4463 = EDGE_CURVE('',#4464,#4466,#4468,.T.);
#4464 = VERTEX_POINT('',#4465);
#4465 = CARTESIAN_POINT('',(157.849867,-38.53,0.));
#4466 = VERTEX_POINT('',#4467);
#4467 = CARTESIAN_POINT('',(157.849867,-40.03,0.));
#4468 = CIRCLE('',#4469,0.75);
#4469 = AXIS2_PLACEMENT_3D('',#4470,#4471,#4472);
#4470 = CARTESIAN_POINT('',(157.849867,-39.28,0.));
#4471 = DIRECTION('',(-0.,0.,-1.));
#4472 = DIRECTION('',(-0.,-1.,0.));
#4473 = ORIENTED_EDGE('',*,*,#4474,.T.);
#4474 = EDGE_CURVE('',#4466,#4475,#4477,.T.);
#4475 = VERTEX_POINT('',#4476);
#4476 = CARTESIAN_POINT('',(156.549867,-40.03,0.));
#4477 = LINE('',#4478,#4479);
#4478 = CARTESIAN_POINT('',(78.2749335,-40.03,0.));
#4479 = VECTOR('',#4480,1.);
#4480 = DIRECTION('',(-1.,0.,0.));
#4481 = ORIENTED_EDGE('',*,*,#4482,.T.);
#4482 = EDGE_CURVE('',#4475,#4483,#4485,.T.);
#4483 = VERTEX_POINT('',#4484);
#4484 = CARTESIAN_POINT('',(156.549867,-38.53,0.));
#4485 = CIRCLE('',#4486,0.75);
#4486 = AXIS2_PLACEMENT_3D('',#4487,#4488,#4489);
#4487 = CARTESIAN_POINT('',(156.549867,-39.28,0.));
#4488 = DIRECTION('',(-0.,0.,-1.));
#4489 = DIRECTION('',(0.,1.,0.));
#4490 = ORIENTED_EDGE('',*,*,#4491,.T.);
#4491 = EDGE_CURVE('',#4483,#4464,#4492,.T.);
#4492 = LINE('',#4493,#4494);
#4493 = CARTESIAN_POINT('',(78.9249335,-38.53,0.));
#4494 = VECTOR('',#4495,1.);
#4495 = DIRECTION('',(1.,0.,-0.));
#4496 = FACE_BOUND('',#4497,.F.);
#4497 = EDGE_LOOP('',(#4498));
#4498 = ORIENTED_EDGE('',*,*,#4499,.T.);
#4499 = EDGE_CURVE('',#4500,#4500,#4502,.T.);
#4500 = VERTEX_POINT('',#4501);
#4501 = CARTESIAN_POINT('',(164.199867,-42.88,0.));
#4502 = CIRCLE('',#4503,0.5);
#4503 = AXIS2_PLACEMENT_3D('',#4504,#4505,#4506);
#4504 = CARTESIAN_POINT('',(164.199867,-42.38,0.));
#4505 = DIRECTION('',(-0.,0.,-1.));
#4506 = DIRECTION('',(-0.,-1.,0.));
#4507 = FACE_BOUND('',#4508,.F.);
#4508 = EDGE_LOOP('',(#4509));
#4509 = ORIENTED_EDGE('',*,*,#4510,.T.);
#4510 = EDGE_CURVE('',#4511,#4511,#4513,.T.);
#4511 = VERTEX_POINT('',#4512);
#4512 = CARTESIAN_POINT('',(170.654867,-47.145,0.));
#4513 = CIRCLE('',#4514,0.4);
#4514 = AXIS2_PLACEMENT_3D('',#4515,#4516,#4517);
#4515 = CARTESIAN_POINT('',(170.654867,-46.745,0.));
#4516 = DIRECTION('',(-0.,0.,-1.));
#4517 = DIRECTION('',(-0.,-1.,0.));
#4518 = FACE_BOUND('',#4519,.F.);
#4519 = EDGE_LOOP('',(#4520));
#4520 = ORIENTED_EDGE('',*,*,#4521,.T.);
#4521 = EDGE_CURVE('',#4522,#4522,#4524,.T.);
#4522 = VERTEX_POINT('',#4523);
#4523 = CARTESIAN_POINT('',(180.814867,-47.145,0.));
#4524 = CIRCLE('',#4525,0.4);
#4525 = AXIS2_PLACEMENT_3D('',#4526,#4527,#4528);
#4526 = CARTESIAN_POINT('',(180.814867,-46.745,0.));
#4527 = DIRECTION('',(-0.,0.,-1.));
#4528 = DIRECTION('',(-0.,-1.,0.));
#4529 = FACE_BOUND('',#4530,.F.);
#4530 = EDGE_LOOP('',(#4531));
#4531 = ORIENTED_EDGE('',*,*,#4532,.T.);
#4532 = EDGE_CURVE('',#4533,#4533,#4535,.T.);
#4533 = VERTEX_POINT('',#4534);
#4534 = CARTESIAN_POINT('',(171.289867,-39.525,0.));
#4535 = CIRCLE('',#4536,0.4);
#4536 = AXIS2_PLACEMENT_3D('',#4537,#4538,#4539);
#4537 = CARTESIAN_POINT('',(171.289867,-39.125,0.));
#4538 = DIRECTION('',(-0.,0.,-1.));
#4539 = DIRECTION('',(-7.105427357601E-14,-1.,0.));
#4540 = FACE_BOUND('',#4541,.F.);
#4541 = EDGE_LOOP('',(#4542));
#4542 = ORIENTED_EDGE('',*,*,#4543,.T.);
#4543 = EDGE_CURVE('',#4544,#4544,#4546,.T.);
#4544 = VERTEX_POINT('',#4545);
#4545 = CARTESIAN_POINT('',(181.449867,-39.525,0.));
#4546 = CIRCLE('',#4547,0.4);
#4547 = AXIS2_PLACEMENT_3D('',#4548,#4549,#4550);
#4548 = CARTESIAN_POINT('',(181.449867,-39.125,0.));
#4549 = DIRECTION('',(-0.,0.,-1.));
#4550 = DIRECTION('',(7.105427357601E-14,-1.,-0.));
#4551 = FACE_BOUND('',#4552,.F.);
#4552 = EDGE_LOOP('',(#4553));
#4553 = ORIENTED_EDGE('',*,*,#4554,.T.);
#4554 = EDGE_CURVE('',#4555,#4555,#4557,.T.);
#4555 = VERTEX_POINT('',#4556);
#4556 = CARTESIAN_POINT('',(187.164867,-41.43,0.));
#4557 = CIRCLE('',#4558,0.4);
#4558 = AXIS2_PLACEMENT_3D('',#4559,#4560,#4561);
#4559 = CARTESIAN_POINT('',(187.164867,-41.03,0.));
#4560 = DIRECTION('',(-0.,0.,-1.));
#4561 = DIRECTION('',(-7.105427357601E-14,-1.,0.));
#4562 = FACE_BOUND('',#4563,.F.);
#4563 = EDGE_LOOP('',(#4564));
#4564 = ORIENTED_EDGE('',*,*,#4565,.T.);
#4565 = EDGE_CURVE('',#4566,#4566,#4568,.T.);
#4566 = VERTEX_POINT('',#4567);
#4567 = CARTESIAN_POINT('',(189.664867,-41.43,0.));
#4568 = CIRCLE('',#4569,0.4);
#4569 = AXIS2_PLACEMENT_3D('',#4570,#4571,#4572);
#4570 = CARTESIAN_POINT('',(189.664867,-41.03,0.));
#4571 = DIRECTION('',(-0.,0.,-1.));
#4572 = DIRECTION('',(-7.105427357601E-14,-1.,0.));
#4573 = FACE_BOUND('',#4574,.F.);
#4574 = EDGE_LOOP('',(#4575));
#4575 = ORIENTED_EDGE('',*,*,#4576,.T.);
#4576 = EDGE_CURVE('',#4577,#4577,#4579,.T.);
#4577 = VERTEX_POINT('',#4578);
#4578 = CARTESIAN_POINT('',(190.809867,-59.5,0.));
#4579 = CIRCLE('',#4580,0.4);
#4580 = AXIS2_PLACEMENT_3D('',#4581,#4582,#4583);
#4581 = CARTESIAN_POINT('',(190.809867,-59.1,0.));
#4582 = DIRECTION('',(-0.,0.,-1.));
#4583 = DIRECTION('',(-0.,-1.,0.));
#4584 = FACE_BOUND('',#4585,.F.);
#4585 = EDGE_LOOP('',(#4586));
#4586 = ORIENTED_EDGE('',*,*,#4587,.T.);
#4587 = EDGE_CURVE('',#4588,#4588,#4590,.T.);
#4588 = VERTEX_POINT('',#4589);
#4589 = CARTESIAN_POINT('',(193.309867,-59.5,0.));
#4590 = CIRCLE('',#4591,0.4);
#4591 = AXIS2_PLACEMENT_3D('',#4592,#4593,#4594);
#4592 = CARTESIAN_POINT('',(193.309867,-59.1,0.));
#4593 = DIRECTION('',(-0.,0.,-1.));
#4594 = DIRECTION('',(-0.,-1.,0.));
#4595 = FACE_BOUND('',#4596,.F.);
#4596 = EDGE_LOOP('',(#4597));
#4597 = ORIENTED_EDGE('',*,*,#4598,.T.);
#4598 = EDGE_CURVE('',#4599,#4599,#4601,.T.);
#4599 = VERTEX_POINT('',#4600);
#4600 = CARTESIAN_POINT('',(205.579867,-62.80156,0.));
#4601 = CIRCLE('',#4602,0.4);
#4602 = AXIS2_PLACEMENT_3D('',#4603,#4604,#4605);
#4603 = CARTESIAN_POINT('',(205.579867,-62.40156,0.));
#4604 = DIRECTION('',(-0.,0.,-1.));
#4605 = DIRECTION('',(-0.,-1.,0.));
#4606 = FACE_BOUND('',#4607,.F.);
#4607 = EDGE_LOOP('',(#4608));
#4608 = ORIENTED_EDGE('',*,*,#4609,.T.);
#4609 = EDGE_CURVE('',#4610,#4610,#4612,.T.);
#4610 = VERTEX_POINT('',#4611);
#4611 = CARTESIAN_POINT('',(205.579867,-60.26156,0.));
#4612 = CIRCLE('',#4613,0.4);
#4613 = AXIS2_PLACEMENT_3D('',#4614,#4615,#4616);
#4614 = CARTESIAN_POINT('',(205.579867,-59.86156,0.));
#4615 = DIRECTION('',(-0.,0.,-1.));
#4616 = DIRECTION('',(-0.,-1.,0.));
#4617 = FACE_BOUND('',#4618,.F.);
#4618 = EDGE_LOOP('',(#4619));
#4619 = ORIENTED_EDGE('',*,*,#4620,.T.);
#4620 = EDGE_CURVE('',#4621,#4621,#4623,.T.);
#4621 = VERTEX_POINT('',#4622);
#4622 = CARTESIAN_POINT('',(205.579867,-57.72156,0.));
#4623 = CIRCLE('',#4624,0.4);
#4624 = AXIS2_PLACEMENT_3D('',#4625,#4626,#4627);
#4625 = CARTESIAN_POINT('',(205.579867,-57.32156,0.));
#4626 = DIRECTION('',(-0.,0.,-1.));
#4627 = DIRECTION('',(-0.,-1.,0.));
#4628 = FACE_BOUND('',#4629,.F.);
#4629 = EDGE_LOOP('',(#4630));
#4630 = ORIENTED_EDGE('',*,*,#4631,.T.);
#4631 = EDGE_CURVE('',#4632,#4632,#4634,.T.);
#4632 = VERTEX_POINT('',#4633);
#4633 = CARTESIAN_POINT('',(205.579867,-55.18156,0.));
#4634 = CIRCLE('',#4635,0.4);
#4635 = AXIS2_PLACEMENT_3D('',#4636,#4637,#4638);
#4636 = CARTESIAN_POINT('',(205.579867,-54.78156,0.));
#4637 = DIRECTION('',(-0.,0.,-1.));
#4638 = DIRECTION('',(-0.,-1.,0.));
#4639 = FACE_BOUND('',#4640,.F.);
#4640 = EDGE_LOOP('',(#4641));
#4641 = ORIENTED_EDGE('',*,*,#4642,.T.);
#4642 = EDGE_CURVE('',#4643,#4643,#4645,.T.);
#4643 = VERTEX_POINT('',#4644);
#4644 = CARTESIAN_POINT('',(205.579867,-52.64156,0.));
#4645 = CIRCLE('',#4646,0.4);
#4646 = AXIS2_PLACEMENT_3D('',#4647,#4648,#4649);
#4647 = CARTESIAN_POINT('',(205.579867,-52.24156,0.));
#4648 = DIRECTION('',(-0.,0.,-1.));
#4649 = DIRECTION('',(-0.,-1.,0.));
#4650 = FACE_BOUND('',#4651,.F.);
#4651 = EDGE_LOOP('',(#4652));
#4652 = ORIENTED_EDGE('',*,*,#4653,.T.);
#4653 = EDGE_CURVE('',#4654,#4654,#4656,.T.);
#4654 = VERTEX_POINT('',#4655);
#4655 = CARTESIAN_POINT('',(230.979867,-62.80156,0.));
#4656 = CIRCLE('',#4657,0.4);
#4657 = AXIS2_PLACEMENT_3D('',#4658,#4659,#4660);
#4658 = CARTESIAN_POINT('',(230.979867,-62.40156,0.));
#4659 = DIRECTION('',(-0.,0.,-1.));
#4660 = DIRECTION('',(-0.,-1.,0.));
#4661 = FACE_BOUND('',#4662,.F.);
#4662 = EDGE_LOOP('',(#4663));
#4663 = ORIENTED_EDGE('',*,*,#4664,.T.);
#4664 = EDGE_CURVE('',#4665,#4665,#4667,.T.);
#4665 = VERTEX_POINT('',#4666);
#4666 = CARTESIAN_POINT('',(230.979867,-60.26156,0.));
#4667 = CIRCLE('',#4668,0.4);
#4668 = AXIS2_PLACEMENT_3D('',#4669,#4670,#4671);
#4669 = CARTESIAN_POINT('',(230.979867,-59.86156,0.));
#4670 = DIRECTION('',(-0.,0.,-1.));
#4671 = DIRECTION('',(-0.,-1.,0.));
#4672 = FACE_BOUND('',#4673,.F.);
#4673 = EDGE_LOOP('',(#4674));
#4674 = ORIENTED_EDGE('',*,*,#4675,.T.);
#4675 = EDGE_CURVE('',#4676,#4676,#4678,.T.);
#4676 = VERTEX_POINT('',#4677);
#4677 = CARTESIAN_POINT('',(230.979867,-57.72156,0.));
#4678 = CIRCLE('',#4679,0.4);
#4679 = AXIS2_PLACEMENT_3D('',#4680,#4681,#4682);
#4680 = CARTESIAN_POINT('',(230.979867,-57.32156,0.));
#4681 = DIRECTION('',(-0.,0.,-1.));
#4682 = DIRECTION('',(-0.,-1.,0.));
#4683 = FACE_BOUND('',#4684,.F.);
#4684 = EDGE_LOOP('',(#4685));
#4685 = ORIENTED_EDGE('',*,*,#4686,.T.);
#4686 = EDGE_CURVE('',#4687,#4687,#4689,.T.);
#4687 = VERTEX_POINT('',#4688);
#4688 = CARTESIAN_POINT('',(230.979867,-55.18156,0.));
#4689 = CIRCLE('',#4690,0.4);
#4690 = AXIS2_PLACEMENT_3D('',#4691,#4692,#4693);
#4691 = CARTESIAN_POINT('',(230.979867,-54.78156,0.));
#4692 = DIRECTION('',(-0.,0.,-1.));
#4693 = DIRECTION('',(-0.,-1.,0.));
#4694 = FACE_BOUND('',#4695,.F.);
#4695 = EDGE_LOOP('',(#4696));
#4696 = ORIENTED_EDGE('',*,*,#4697,.T.);
#4697 = EDGE_CURVE('',#4698,#4698,#4700,.T.);
#4698 = VERTEX_POINT('',#4699);
#4699 = CARTESIAN_POINT('',(230.979867,-52.64156,0.));
#4700 = CIRCLE('',#4701,0.4);
#4701 = AXIS2_PLACEMENT_3D('',#4702,#4703,#4704);
#4702 = CARTESIAN_POINT('',(230.979867,-52.24156,0.));
#4703 = DIRECTION('',(-0.,0.,-1.));
#4704 = DIRECTION('',(-0.,-1.,0.));
#4705 = FACE_BOUND('',#4706,.F.);
#4706 = EDGE_LOOP('',(#4707));
#4707 = ORIENTED_EDGE('',*,*,#4708,.T.);
#4708 = EDGE_CURVE('',#4709,#4709,#4711,.T.);
#4709 = VERTEX_POINT('',#4710);
#4710 = CARTESIAN_POINT('',(205.579867,-50.10156,0.));
#4711 = CIRCLE('',#4712,0.4);
#4712 = AXIS2_PLACEMENT_3D('',#4713,#4714,#4715);
#4713 = CARTESIAN_POINT('',(205.579867,-49.70156,0.));
#4714 = DIRECTION('',(-0.,0.,-1.));
#4715 = DIRECTION('',(-0.,-1.,0.));
#4716 = FACE_BOUND('',#4717,.F.);
#4717 = EDGE_LOOP('',(#4718));
#4718 = ORIENTED_EDGE('',*,*,#4719,.T.);
#4719 = EDGE_CURVE('',#4720,#4720,#4722,.T.);
#4720 = VERTEX_POINT('',#4721);
#4721 = CARTESIAN_POINT('',(205.579867,-47.56156,0.));
#4722 = CIRCLE('',#4723,0.4);
#4723 = AXIS2_PLACEMENT_3D('',#4724,#4725,#4726);
#4724 = CARTESIAN_POINT('',(205.579867,-47.16156,0.));
#4725 = DIRECTION('',(-0.,0.,-1.));
#4726 = DIRECTION('',(-0.,-1.,0.));
#4727 = FACE_BOUND('',#4728,.F.);
#4728 = EDGE_LOOP('',(#4729));
#4729 = ORIENTED_EDGE('',*,*,#4730,.T.);
#4730 = EDGE_CURVE('',#4731,#4731,#4733,.T.);
#4731 = VERTEX_POINT('',#4732);
#4732 = CARTESIAN_POINT('',(205.579867,-45.02156,0.));
#4733 = CIRCLE('',#4734,0.4);
#4734 = AXIS2_PLACEMENT_3D('',#4735,#4736,#4737);
#4735 = CARTESIAN_POINT('',(205.579867,-44.62156,0.));
#4736 = DIRECTION('',(-0.,0.,-1.));
#4737 = DIRECTION('',(-0.,-1.,0.));
#4738 = FACE_BOUND('',#4739,.F.);
#4739 = EDGE_LOOP('',(#4740));
#4740 = ORIENTED_EDGE('',*,*,#4741,.T.);
#4741 = EDGE_CURVE('',#4742,#4742,#4744,.T.);
#4742 = VERTEX_POINT('',#4743);
#4743 = CARTESIAN_POINT('',(230.979867,-50.10156,0.));
#4744 = CIRCLE('',#4745,0.4);
#4745 = AXIS2_PLACEMENT_3D('',#4746,#4747,#4748);
#4746 = CARTESIAN_POINT('',(230.979867,-49.70156,0.));
#4747 = DIRECTION('',(-0.,0.,-1.));
#4748 = DIRECTION('',(-0.,-1.,0.));
#4749 = FACE_BOUND('',#4750,.F.);
#4750 = EDGE_LOOP('',(#4751));
#4751 = ORIENTED_EDGE('',*,*,#4752,.T.);
#4752 = EDGE_CURVE('',#4753,#4753,#4755,.T.);
#4753 = VERTEX_POINT('',#4754);
#4754 = CARTESIAN_POINT('',(230.979867,-47.56156,0.));
#4755 = CIRCLE('',#4756,0.4);
#4756 = AXIS2_PLACEMENT_3D('',#4757,#4758,#4759);
#4757 = CARTESIAN_POINT('',(230.979867,-47.16156,0.));
#4758 = DIRECTION('',(-0.,0.,-1.));
#4759 = DIRECTION('',(-0.,-1.,0.));
#4760 = FACE_BOUND('',#4761,.F.);
#4761 = EDGE_LOOP('',(#4762));
#4762 = ORIENTED_EDGE('',*,*,#4763,.T.);
#4763 = EDGE_CURVE('',#4764,#4764,#4766,.T.);
#4764 = VERTEX_POINT('',#4765);
#4765 = CARTESIAN_POINT('',(230.979867,-45.02156,0.));
#4766 = CIRCLE('',#4767,0.4);
#4767 = AXIS2_PLACEMENT_3D('',#4768,#4769,#4770);
#4768 = CARTESIAN_POINT('',(230.979867,-44.62156,0.));
#4769 = DIRECTION('',(-0.,0.,-1.));
#4770 = DIRECTION('',(-0.,-1.,0.));
#4771 = PLANE('',#4772);
#4772 = AXIS2_PLACEMENT_3D('',#4773,#4774,#4775);
#4773 = CARTESIAN_POINT('',(0.,0.,0.));
#4774 = DIRECTION('',(0.,0.,1.));
#4775 = DIRECTION('',(1.,0.,-0.));
#4776 = ADVANCED_FACE('',(#4777,#4788,#4799,#4810,#4821,#4832,#4843,
    #4854,#4865,#4876,#4887,#4898,#4909,#4920,#4931,#4942,#4953,#4964,
    #4975,#4986,#4997,#5008,#5019,#5030,#5041,#5052,#5063,#5074,#5085,
    #5096,#5107,#5118,#5129,#5140,#5151,#5162,#5173,#5184,#5195,#5206,
    #5217,#5228,#5239,#5250,#5261,#5272,#5283,#5294,#5305,#5316,#5327,
    #5338,#5349,#5360,#5371,#5382,#5393,#5404,#5415,#5426,#5437,#5448,
    #5459,#5470,#5481,#5492,#5503,#5514,#5525,#5536,#5547,#5558,#5569,
    #5580,#5591,#5602,#5613,#5624,#5635,#5646,#5657,#5668,#5679,#5690,
    #5701,#5712,#5748,#5759,#5795,#5806,#5817,#5828,#5839,#5850,#5861,
    #5872,#5883,#5894,#5905,#5916,#5927,#5938,#5949,#5960,#5971,#5982,
    #5993,#6004,#6015,#6026,#6037,#6048,#6059,#6070,#6081,#6092,#6103,
    #6114,#6125,#6136,#6147,#6158,#6169,#6180,#6191,#6202,#6213,#6224,
    #6235,#6246,#6257,#6268,#6304,#6315,#6326,#6337,#6348,#6384,#6395,
    #6406,#6417,#6428,#6439,#6450,#6461,#6472,#6483,#6494,#6505,#6516,
    #6527,#6538,#6549,#6560,#6571,#6582,#6593,#6604,#6615,#6626,#6637,
    #6648),#6659,.T.);
#4777 = FACE_BOUND('',#4778,.T.);
#4778 = EDGE_LOOP('',(#4779,#4780,#4781,#4787));
#4779 = ORIENTED_EDGE('',*,*,#2800,.F.);
#4780 = ORIENTED_EDGE('',*,*,#2840,.F.);
#4781 = ORIENTED_EDGE('',*,*,#4782,.F.);
#4782 = EDGE_CURVE('',#2863,#2833,#4783,.T.);
#4783 = LINE('',#4784,#4785);
#4784 = CARTESIAN_POINT('',(65.34,-34.22,1.51));
#4785 = VECTOR('',#4786,1.);
#4786 = DIRECTION('',(1.,0.,0.));
#4787 = ORIENTED_EDGE('',*,*,#2862,.F.);
#4788 = FACE_BOUND('',#4789,.T.);
#4789 = EDGE_LOOP('',(#4790));
#4790 = ORIENTED_EDGE('',*,*,#4791,.T.);
#4791 = EDGE_CURVE('',#4792,#4792,#4794,.T.);
#4792 = VERTEX_POINT('',#4793);
#4793 = CARTESIAN_POINT('',(74.614867,-139.9,1.51));
#4794 = CIRCLE('',#4795,0.6);
#4795 = AXIS2_PLACEMENT_3D('',#4796,#4797,#4798);
#4796 = CARTESIAN_POINT('',(74.614867,-139.3,1.51));
#4797 = DIRECTION('',(-0.,0.,-1.));
#4798 = DIRECTION('',(-0.,-1.,0.));
#4799 = FACE_BOUND('',#4800,.T.);
#4800 = EDGE_LOOP('',(#4801));
#4801 = ORIENTED_EDGE('',*,*,#4802,.T.);
#4802 = EDGE_CURVE('',#4803,#4803,#4805,.T.);
#4803 = VERTEX_POINT('',#4804);
#4804 = CARTESIAN_POINT('',(68.664867,-136.,1.51));
#4805 = CIRCLE('',#4806,0.85);
#4806 = AXIS2_PLACEMENT_3D('',#4807,#4808,#4809);
#4807 = CARTESIAN_POINT('',(68.664867,-135.15,1.51));
#4808 = DIRECTION('',(-0.,0.,-1.));
#4809 = DIRECTION('',(-0.,-1.,0.));
#4810 = FACE_BOUND('',#4811,.T.);
#4811 = EDGE_LOOP('',(#4812));
#4812 = ORIENTED_EDGE('',*,*,#4813,.T.);
#4813 = EDGE_CURVE('',#4814,#4814,#4816,.T.);
#4814 = VERTEX_POINT('',#4815);
#4815 = CARTESIAN_POINT('',(77.064867,-134.8,1.51));
#4816 = CIRCLE('',#4817,0.85);
#4817 = AXIS2_PLACEMENT_3D('',#4818,#4819,#4820);
#4818 = CARTESIAN_POINT('',(77.064867,-133.95,1.51));
#4819 = DIRECTION('',(-0.,0.,-1.));
#4820 = DIRECTION('',(1.671865260612E-14,-1.,-0.));
#4821 = FACE_BOUND('',#4822,.T.);
#4822 = EDGE_LOOP('',(#4823));
#4823 = ORIENTED_EDGE('',*,*,#4824,.T.);
#4824 = EDGE_CURVE('',#4825,#4825,#4827,.T.);
#4825 = VERTEX_POINT('',#4826);
#4826 = CARTESIAN_POINT('',(95.778395,-136.17,1.51));
#4827 = CIRCLE('',#4828,0.85);
#4828 = AXIS2_PLACEMENT_3D('',#4829,#4830,#4831);
#4829 = CARTESIAN_POINT('',(95.778395,-135.32,1.51));
#4830 = DIRECTION('',(-0.,0.,-1.));
#4831 = DIRECTION('',(1.671865260612E-14,-1.,-0.));
#4832 = FACE_BOUND('',#4833,.T.);
#4833 = EDGE_LOOP('',(#4834));
#4834 = ORIENTED_EDGE('',*,*,#4835,.T.);
#4835 = EDGE_CURVE('',#4836,#4836,#4838,.T.);
#4836 = VERTEX_POINT('',#4837);
#4837 = CARTESIAN_POINT('',(101.728395,-140.07,1.51));
#4838 = CIRCLE('',#4839,0.6);
#4839 = AXIS2_PLACEMENT_3D('',#4840,#4841,#4842);
#4840 = CARTESIAN_POINT('',(101.728395,-139.47,1.51));
#4841 = DIRECTION('',(-0.,0.,-1.));
#4842 = DIRECTION('',(-0.,-1.,0.));
#4843 = FACE_BOUND('',#4844,.T.);
#4844 = EDGE_LOOP('',(#4845));
#4845 = ORIENTED_EDGE('',*,*,#4846,.T.);
#4846 = EDGE_CURVE('',#4847,#4847,#4849,.T.);
#4847 = VERTEX_POINT('',#4848);
#4848 = CARTESIAN_POINT('',(104.178395,-134.97,1.51));
#4849 = CIRCLE('',#4850,0.85);
#4850 = AXIS2_PLACEMENT_3D('',#4851,#4852,#4853);
#4851 = CARTESIAN_POINT('',(104.178395,-134.12,1.51));
#4852 = DIRECTION('',(-0.,0.,-1.));
#4853 = DIRECTION('',(-0.,-1.,0.));
#4854 = FACE_BOUND('',#4855,.T.);
#4855 = EDGE_LOOP('',(#4856));
#4856 = ORIENTED_EDGE('',*,*,#4857,.T.);
#4857 = EDGE_CURVE('',#4858,#4858,#4860,.T.);
#4858 = VERTEX_POINT('',#4859);
#4859 = CARTESIAN_POINT('',(128.861923,-139.53,1.51));
#4860 = CIRCLE('',#4861,0.6);
#4861 = AXIS2_PLACEMENT_3D('',#4862,#4863,#4864);
#4862 = CARTESIAN_POINT('',(128.861923,-138.93,1.51));
#4863 = DIRECTION('',(-0.,0.,-1.));
#4864 = DIRECTION('',(-0.,-1.,0.));
#4865 = FACE_BOUND('',#4866,.T.);
#4866 = EDGE_LOOP('',(#4867));
#4867 = ORIENTED_EDGE('',*,*,#4868,.T.);
#4868 = EDGE_CURVE('',#4869,#4869,#4871,.T.);
#4869 = VERTEX_POINT('',#4870);
#4870 = CARTESIAN_POINT('',(122.911923,-135.63,1.51));
#4871 = CIRCLE('',#4872,0.85);
#4872 = AXIS2_PLACEMENT_3D('',#4873,#4874,#4875);
#4873 = CARTESIAN_POINT('',(122.911923,-134.78,1.51));
#4874 = DIRECTION('',(-0.,0.,-1.));
#4875 = DIRECTION('',(-0.,-1.,0.));
#4876 = FACE_BOUND('',#4877,.T.);
#4877 = EDGE_LOOP('',(#4878));
#4878 = ORIENTED_EDGE('',*,*,#4879,.T.);
#4879 = EDGE_CURVE('',#4880,#4880,#4882,.T.);
#4880 = VERTEX_POINT('',#4881);
#4881 = CARTESIAN_POINT('',(131.311923,-134.43,1.51));
#4882 = CIRCLE('',#4883,0.85);
#4883 = AXIS2_PLACEMENT_3D('',#4884,#4885,#4886);
#4884 = CARTESIAN_POINT('',(131.311923,-133.58,1.51));
#4885 = DIRECTION('',(-0.,0.,-1.));
#4886 = DIRECTION('',(-0.,-1.,0.));
#4887 = FACE_BOUND('',#4888,.T.);
#4888 = EDGE_LOOP('',(#4889));
#4889 = ORIENTED_EDGE('',*,*,#4890,.T.);
#4890 = EDGE_CURVE('',#4891,#4891,#4893,.T.);
#4891 = VERTEX_POINT('',#4892);
#4892 = CARTESIAN_POINT('',(155.97545,-138.935,1.51));
#4893 = CIRCLE('',#4894,0.6);
#4894 = AXIS2_PLACEMENT_3D('',#4895,#4896,#4897);
#4895 = CARTESIAN_POINT('',(155.97545,-138.335,1.51));
#4896 = DIRECTION('',(-0.,0.,-1.));
#4897 = DIRECTION('',(-0.,-1.,0.));
#4898 = FACE_BOUND('',#4899,.T.);
#4899 = EDGE_LOOP('',(#4900));
#4900 = ORIENTED_EDGE('',*,*,#4901,.T.);
#4901 = EDGE_CURVE('',#4902,#4902,#4904,.T.);
#4902 = VERTEX_POINT('',#4903);
#4903 = CARTESIAN_POINT('',(150.02545,-135.035,1.51));
#4904 = CIRCLE('',#4905,0.85);
#4905 = AXIS2_PLACEMENT_3D('',#4906,#4907,#4908);
#4906 = CARTESIAN_POINT('',(150.02545,-134.185,1.51));
#4907 = DIRECTION('',(-0.,0.,-1.));
#4908 = DIRECTION('',(-0.,-1.,0.));
#4909 = FACE_BOUND('',#4910,.T.);
#4910 = EDGE_LOOP('',(#4911));
#4911 = ORIENTED_EDGE('',*,*,#4912,.T.);
#4912 = EDGE_CURVE('',#4913,#4913,#4915,.T.);
#4913 = VERTEX_POINT('',#4914);
#4914 = CARTESIAN_POINT('',(158.42545,-133.835,1.51));
#4915 = CIRCLE('',#4916,0.85);
#4916 = AXIS2_PLACEMENT_3D('',#4917,#4918,#4919);
#4917 = CARTESIAN_POINT('',(158.42545,-132.985,1.51));
#4918 = DIRECTION('',(-0.,0.,-1.));
#4919 = DIRECTION('',(-0.,-1.,0.));
#4920 = FACE_BOUND('',#4921,.T.);
#4921 = EDGE_LOOP('',(#4922));
#4922 = ORIENTED_EDGE('',*,*,#4923,.T.);
#4923 = EDGE_CURVE('',#4924,#4924,#4926,.T.);
#4924 = VERTEX_POINT('',#4925);
#4925 = CARTESIAN_POINT('',(177.138978,-135.67,1.51));
#4926 = CIRCLE('',#4927,0.85);
#4927 = AXIS2_PLACEMENT_3D('',#4928,#4929,#4930);
#4928 = CARTESIAN_POINT('',(177.138978,-134.82,1.51));
#4929 = DIRECTION('',(-0.,0.,-1.));
#4930 = DIRECTION('',(-0.,-1.,0.));
#4931 = FACE_BOUND('',#4932,.T.);
#4932 = EDGE_LOOP('',(#4933));
#4933 = ORIENTED_EDGE('',*,*,#4934,.T.);
#4934 = EDGE_CURVE('',#4935,#4935,#4937,.T.);
#4935 = VERTEX_POINT('',#4936);
#4936 = CARTESIAN_POINT('',(183.088978,-139.57,1.51));
#4937 = CIRCLE('',#4938,0.6);
#4938 = AXIS2_PLACEMENT_3D('',#4939,#4940,#4941);
#4939 = CARTESIAN_POINT('',(183.088978,-138.97,1.51));
#4940 = DIRECTION('',(-0.,0.,-1.));
#4941 = DIRECTION('',(-0.,-1.,0.));
#4942 = FACE_BOUND('',#4943,.T.);
#4943 = EDGE_LOOP('',(#4944));
#4944 = ORIENTED_EDGE('',*,*,#4945,.T.);
#4945 = EDGE_CURVE('',#4946,#4946,#4948,.T.);
#4946 = VERTEX_POINT('',#4947);
#4947 = CARTESIAN_POINT('',(185.538978,-134.47,1.51));
#4948 = CIRCLE('',#4949,0.85);
#4949 = AXIS2_PLACEMENT_3D('',#4950,#4951,#4952);
#4950 = CARTESIAN_POINT('',(185.538978,-133.62,1.51));
#4951 = DIRECTION('',(-0.,0.,-1.));
#4952 = DIRECTION('',(-0.,-1.,0.));
#4953 = FACE_BOUND('',#4954,.T.);
#4954 = EDGE_LOOP('',(#4955));
#4955 = ORIENTED_EDGE('',*,*,#4956,.T.);
#4956 = EDGE_CURVE('',#4957,#4957,#4959,.T.);
#4957 = VERTEX_POINT('',#4958);
#4958 = CARTESIAN_POINT('',(205.579867,-90.74156,1.51));
#4959 = CIRCLE('',#4960,0.4);
#4960 = AXIS2_PLACEMENT_3D('',#4961,#4962,#4963);
#4961 = CARTESIAN_POINT('',(205.579867,-90.34156,1.51));
#4962 = DIRECTION('',(-0.,0.,-1.));
#4963 = DIRECTION('',(-0.,-1.,0.));
#4964 = FACE_BOUND('',#4965,.T.);
#4965 = EDGE_LOOP('',(#4966));
#4966 = ORIENTED_EDGE('',*,*,#4967,.T.);
#4967 = EDGE_CURVE('',#4968,#4968,#4970,.T.);
#4968 = VERTEX_POINT('',#4969);
#4969 = CARTESIAN_POINT('',(230.976187,-90.73884,1.51));
#4970 = CIRCLE('',#4971,0.4);
#4971 = AXIS2_PLACEMENT_3D('',#4972,#4973,#4974);
#4972 = CARTESIAN_POINT('',(230.976187,-90.33884,1.51));
#4973 = DIRECTION('',(-0.,0.,-1.));
#4974 = DIRECTION('',(7.105427357601E-14,-1.,-0.));
#4975 = FACE_BOUND('',#4976,.T.);
#4976 = EDGE_LOOP('',(#4977));
#4977 = ORIENTED_EDGE('',*,*,#4978,.T.);
#4978 = EDGE_CURVE('',#4979,#4979,#4981,.T.);
#4979 = VERTEX_POINT('',#4980);
#4980 = CARTESIAN_POINT('',(77.064867,-72.,1.51));
#4981 = CIRCLE('',#4982,0.85);
#4982 = AXIS2_PLACEMENT_3D('',#4983,#4984,#4985);
#4983 = CARTESIAN_POINT('',(77.064867,-71.15,1.51));
#4984 = DIRECTION('',(-0.,0.,-1.));
#4985 = DIRECTION('',(1.671865260612E-14,-1.,-0.));
#4986 = FACE_BOUND('',#4987,.T.);
#4987 = EDGE_LOOP('',(#4988));
#4988 = ORIENTED_EDGE('',*,*,#4989,.T.);
#4989 = EDGE_CURVE('',#4990,#4990,#4992,.T.);
#4990 = VERTEX_POINT('',#4991);
#4991 = CARTESIAN_POINT('',(68.664867,-70.8,1.51));
#4992 = CIRCLE('',#4993,0.85);
#4993 = AXIS2_PLACEMENT_3D('',#4994,#4995,#4996);
#4994 = CARTESIAN_POINT('',(68.664867,-69.95,1.51));
#4995 = DIRECTION('',(-0.,0.,-1.));
#4996 = DIRECTION('',(-0.,-1.,0.));
#4997 = FACE_BOUND('',#4998,.T.);
#4998 = EDGE_LOOP('',(#4999));
#4999 = ORIENTED_EDGE('',*,*,#5000,.T.);
#5000 = EDGE_CURVE('',#5001,#5001,#5003,.T.);
#5001 = VERTEX_POINT('',#5002);
#5002 = CARTESIAN_POINT('',(71.114867,-66.4,1.51));
#5003 = CIRCLE('',#5004,0.6);
#5004 = AXIS2_PLACEMENT_3D('',#5005,#5006,#5007);
#5005 = CARTESIAN_POINT('',(71.114867,-65.8,1.51));
#5006 = DIRECTION('',(-0.,0.,-1.));
#5007 = DIRECTION('',(-0.,-1.,0.));
#5008 = FACE_BOUND('',#5009,.T.);
#5009 = EDGE_LOOP('',(#5010));
#5010 = ORIENTED_EDGE('',*,*,#5011,.T.);
#5011 = EDGE_CURVE('',#5012,#5012,#5014,.T.);
#5012 = VERTEX_POINT('',#5013);
#5013 = CARTESIAN_POINT('',(74.614867,-66.4,1.51));
#5014 = CIRCLE('',#5015,0.6);
#5015 = AXIS2_PLACEMENT_3D('',#5016,#5017,#5018);
#5016 = CARTESIAN_POINT('',(74.614867,-65.8,1.51));
#5017 = DIRECTION('',(-0.,0.,-1.));
#5018 = DIRECTION('',(-0.,-1.,0.));
#5019 = FACE_BOUND('',#5020,.T.);
#5020 = EDGE_LOOP('',(#5021));
#5021 = ORIENTED_EDGE('',*,*,#5022,.T.);
#5022 = EDGE_CURVE('',#5023,#5023,#5025,.T.);
#5023 = VERTEX_POINT('',#5024);
#5024 = CARTESIAN_POINT('',(83.250756,-66.46,1.51));
#5025 = CIRCLE('',#5026,0.5);
#5026 = AXIS2_PLACEMENT_3D('',#5027,#5028,#5029);
#5027 = CARTESIAN_POINT('',(83.250756,-65.96,1.51));
#5028 = DIRECTION('',(-0.,0.,-1.));
#5029 = DIRECTION('',(-0.,-1.,0.));
#5030 = FACE_BOUND('',#5031,.T.);
#5031 = EDGE_LOOP('',(#5032));
#5032 = ORIENTED_EDGE('',*,*,#5033,.T.);
#5033 = EDGE_CURVE('',#5034,#5034,#5036,.T.);
#5034 = VERTEX_POINT('',#5035);
#5035 = CARTESIAN_POINT('',(85.790756,-66.46,1.51));
#5036 = CIRCLE('',#5037,0.5);
#5037 = AXIS2_PLACEMENT_3D('',#5038,#5039,#5040);
#5038 = CARTESIAN_POINT('',(85.790756,-65.96,1.51));
#5039 = DIRECTION('',(-0.,0.,-1.));
#5040 = DIRECTION('',(-0.,-1.,0.));
#5041 = FACE_BOUND('',#5042,.T.);
#5042 = EDGE_LOOP('',(#5043));
#5043 = ORIENTED_EDGE('',*,*,#5044,.T.);
#5044 = EDGE_CURVE('',#5045,#5045,#5047,.T.);
#5045 = VERTEX_POINT('',#5046);
#5046 = CARTESIAN_POINT('',(104.178395,-72.17,1.51));
#5047 = CIRCLE('',#5048,0.85);
#5048 = AXIS2_PLACEMENT_3D('',#5049,#5050,#5051);
#5049 = CARTESIAN_POINT('',(104.178395,-71.32,1.51));
#5050 = DIRECTION('',(-0.,0.,-1.));
#5051 = DIRECTION('',(-0.,-1.,0.));
#5052 = FACE_BOUND('',#5053,.T.);
#5053 = EDGE_LOOP('',(#5054));
#5054 = ORIENTED_EDGE('',*,*,#5055,.T.);
#5055 = EDGE_CURVE('',#5056,#5056,#5058,.T.);
#5056 = VERTEX_POINT('',#5057);
#5057 = CARTESIAN_POINT('',(95.778395,-70.97,1.51));
#5058 = CIRCLE('',#5059,0.85);
#5059 = AXIS2_PLACEMENT_3D('',#5060,#5061,#5062);
#5060 = CARTESIAN_POINT('',(95.778395,-70.12,1.51));
#5061 = DIRECTION('',(-0.,0.,-1.));
#5062 = DIRECTION('',(1.671865260612E-14,-1.,-0.));
#5063 = FACE_BOUND('',#5064,.T.);
#5064 = EDGE_LOOP('',(#5065));
#5065 = ORIENTED_EDGE('',*,*,#5066,.T.);
#5066 = EDGE_CURVE('',#5067,#5067,#5069,.T.);
#5067 = VERTEX_POINT('',#5068);
#5068 = CARTESIAN_POINT('',(88.330756,-66.46,1.51));
#5069 = CIRCLE('',#5070,0.5);
#5070 = AXIS2_PLACEMENT_3D('',#5071,#5072,#5073);
#5071 = CARTESIAN_POINT('',(88.330756,-65.96,1.51));
#5072 = DIRECTION('',(-0.,0.,-1.));
#5073 = DIRECTION('',(-0.,-1.,0.));
#5074 = FACE_BOUND('',#5075,.T.);
#5075 = EDGE_LOOP('',(#5076));
#5076 = ORIENTED_EDGE('',*,*,#5077,.T.);
#5077 = EDGE_CURVE('',#5078,#5078,#5080,.T.);
#5078 = VERTEX_POINT('',#5079);
#5079 = CARTESIAN_POINT('',(90.870756,-66.46,1.51));
#5080 = CIRCLE('',#5081,0.5);
#5081 = AXIS2_PLACEMENT_3D('',#5082,#5083,#5084);
#5082 = CARTESIAN_POINT('',(90.870756,-65.96,1.51));
#5083 = DIRECTION('',(-0.,0.,-1.));
#5084 = DIRECTION('',(-0.,-1.,0.));
#5085 = FACE_BOUND('',#5086,.T.);
#5086 = EDGE_LOOP('',(#5087));
#5087 = ORIENTED_EDGE('',*,*,#5088,.T.);
#5088 = EDGE_CURVE('',#5089,#5089,#5091,.T.);
#5089 = VERTEX_POINT('',#5090);
#5090 = CARTESIAN_POINT('',(98.228395,-66.57,1.51));
#5091 = CIRCLE('',#5092,0.6);
#5092 = AXIS2_PLACEMENT_3D('',#5093,#5094,#5095);
#5093 = CARTESIAN_POINT('',(98.228395,-65.97,1.51));
#5094 = DIRECTION('',(-0.,0.,-1.));
#5095 = DIRECTION('',(-0.,-1.,0.));
#5096 = FACE_BOUND('',#5097,.T.);
#5097 = EDGE_LOOP('',(#5098));
#5098 = ORIENTED_EDGE('',*,*,#5099,.T.);
#5099 = EDGE_CURVE('',#5100,#5100,#5102,.T.);
#5100 = VERTEX_POINT('',#5101);
#5101 = CARTESIAN_POINT('',(101.728395,-66.57,1.51));
#5102 = CIRCLE('',#5103,0.6);
#5103 = AXIS2_PLACEMENT_3D('',#5104,#5105,#5106);
#5104 = CARTESIAN_POINT('',(101.728395,-65.97,1.51));
#5105 = DIRECTION('',(-0.,0.,-1.));
#5106 = DIRECTION('',(-0.,-1.,0.));
#5107 = FACE_BOUND('',#5108,.T.);
#5108 = EDGE_LOOP('',(#5109));
#5109 = ORIENTED_EDGE('',*,*,#5110,.T.);
#5110 = EDGE_CURVE('',#5111,#5111,#5113,.T.);
#5111 = VERTEX_POINT('',#5112);
#5112 = CARTESIAN_POINT('',(110.384284,-65.99,1.51));
#5113 = CIRCLE('',#5114,0.5);
#5114 = AXIS2_PLACEMENT_3D('',#5115,#5116,#5117);
#5115 = CARTESIAN_POINT('',(110.384284,-65.49,1.51));
#5116 = DIRECTION('',(-0.,0.,-1.));
#5117 = DIRECTION('',(-0.,-1.,0.));
#5118 = FACE_BOUND('',#5119,.T.);
#5119 = EDGE_LOOP('',(#5120));
#5120 = ORIENTED_EDGE('',*,*,#5121,.T.);
#5121 = EDGE_CURVE('',#5122,#5122,#5124,.T.);
#5122 = VERTEX_POINT('',#5123);
#5123 = CARTESIAN_POINT('',(112.924284,-65.99,1.51));
#5124 = CIRCLE('',#5125,0.5);
#5125 = AXIS2_PLACEMENT_3D('',#5126,#5127,#5128);
#5126 = CARTESIAN_POINT('',(112.924284,-65.49,1.51));
#5127 = DIRECTION('',(-0.,0.,-1.));
#5128 = DIRECTION('',(-0.,-1.,0.));
#5129 = FACE_BOUND('',#5130,.T.);
#5130 = EDGE_LOOP('',(#5131));
#5131 = ORIENTED_EDGE('',*,*,#5132,.T.);
#5132 = EDGE_CURVE('',#5133,#5133,#5135,.T.);
#5133 = VERTEX_POINT('',#5134);
#5134 = CARTESIAN_POINT('',(115.464284,-65.99,1.51));
#5135 = CIRCLE('',#5136,0.5);
#5136 = AXIS2_PLACEMENT_3D('',#5137,#5138,#5139);
#5137 = CARTESIAN_POINT('',(115.464284,-65.49,1.51));
#5138 = DIRECTION('',(-0.,0.,-1.));
#5139 = DIRECTION('',(-0.,-1.,0.));
#5140 = FACE_BOUND('',#5141,.T.);
#5141 = EDGE_LOOP('',(#5142));
#5142 = ORIENTED_EDGE('',*,*,#5143,.T.);
#5143 = EDGE_CURVE('',#5144,#5144,#5146,.T.);
#5144 = VERTEX_POINT('',#5145);
#5145 = CARTESIAN_POINT('',(118.004284,-65.99,1.51));
#5146 = CIRCLE('',#5147,0.5);
#5147 = AXIS2_PLACEMENT_3D('',#5148,#5149,#5150);
#5148 = CARTESIAN_POINT('',(118.004284,-65.49,1.51));
#5149 = DIRECTION('',(-0.,0.,-1.));
#5150 = DIRECTION('',(-0.,-1.,0.));
#5151 = FACE_BOUND('',#5152,.T.);
#5152 = EDGE_LOOP('',(#5153));
#5153 = ORIENTED_EDGE('',*,*,#5154,.T.);
#5154 = EDGE_CURVE('',#5155,#5155,#5157,.T.);
#5155 = VERTEX_POINT('',#5156);
#5156 = CARTESIAN_POINT('',(122.911923,-70.43,1.51));
#5157 = CIRCLE('',#5158,0.85);
#5158 = AXIS2_PLACEMENT_3D('',#5159,#5160,#5161);
#5159 = CARTESIAN_POINT('',(122.911923,-69.58,1.51));
#5160 = DIRECTION('',(-0.,0.,-1.));
#5161 = DIRECTION('',(-0.,-1.,0.));
#5162 = FACE_BOUND('',#5163,.T.);
#5163 = EDGE_LOOP('',(#5164));
#5164 = ORIENTED_EDGE('',*,*,#5165,.T.);
#5165 = EDGE_CURVE('',#5166,#5166,#5168,.T.);
#5166 = VERTEX_POINT('',#5167);
#5167 = CARTESIAN_POINT('',(125.361923,-66.03,1.51));
#5168 = CIRCLE('',#5169,0.6);
#5169 = AXIS2_PLACEMENT_3D('',#5170,#5171,#5172);
#5170 = CARTESIAN_POINT('',(125.361923,-65.43,1.51));
#5171 = DIRECTION('',(-0.,0.,-1.));
#5172 = DIRECTION('',(2.368475785867E-14,-1.,-0.));
#5173 = FACE_BOUND('',#5174,.T.);
#5174 = EDGE_LOOP('',(#5175));
#5175 = ORIENTED_EDGE('',*,*,#5176,.T.);
#5176 = EDGE_CURVE('',#5177,#5177,#5179,.T.);
#5177 = VERTEX_POINT('',#5178);
#5178 = CARTESIAN_POINT('',(128.861923,-66.03,1.51));
#5179 = CIRCLE('',#5180,0.6);
#5180 = AXIS2_PLACEMENT_3D('',#5181,#5182,#5183);
#5181 = CARTESIAN_POINT('',(128.861923,-65.43,1.51));
#5182 = DIRECTION('',(-0.,0.,-1.));
#5183 = DIRECTION('',(-0.,-1.,0.));
#5184 = FACE_BOUND('',#5185,.T.);
#5185 = EDGE_LOOP('',(#5186));
#5186 = ORIENTED_EDGE('',*,*,#5187,.T.);
#5187 = EDGE_CURVE('',#5188,#5188,#5190,.T.);
#5188 = VERTEX_POINT('',#5189);
#5189 = CARTESIAN_POINT('',(131.311923,-71.63,1.51));
#5190 = CIRCLE('',#5191,0.85);
#5191 = AXIS2_PLACEMENT_3D('',#5192,#5193,#5194);
#5192 = CARTESIAN_POINT('',(131.311923,-70.78,1.51));
#5193 = DIRECTION('',(-0.,0.,-1.));
#5194 = DIRECTION('',(-0.,-1.,0.));
#5195 = FACE_BOUND('',#5196,.T.);
#5196 = EDGE_LOOP('',(#5197));
#5197 = ORIENTED_EDGE('',*,*,#5198,.T.);
#5198 = EDGE_CURVE('',#5199,#5199,#5201,.T.);
#5199 = VERTEX_POINT('',#5200);
#5200 = CARTESIAN_POINT('',(137.497811,-66.32,1.51));
#5201 = CIRCLE('',#5202,0.5);
#5202 = AXIS2_PLACEMENT_3D('',#5203,#5204,#5205);
#5203 = CARTESIAN_POINT('',(137.497811,-65.82,1.51));
#5204 = DIRECTION('',(-0.,0.,-1.));
#5205 = DIRECTION('',(-0.,-1.,0.));
#5206 = FACE_BOUND('',#5207,.T.);
#5207 = EDGE_LOOP('',(#5208));
#5208 = ORIENTED_EDGE('',*,*,#5209,.T.);
#5209 = EDGE_CURVE('',#5210,#5210,#5212,.T.);
#5210 = VERTEX_POINT('',#5211);
#5211 = CARTESIAN_POINT('',(140.037811,-66.32,1.51));
#5212 = CIRCLE('',#5213,0.5);
#5213 = AXIS2_PLACEMENT_3D('',#5214,#5215,#5216);
#5214 = CARTESIAN_POINT('',(140.037811,-65.82,1.51));
#5215 = DIRECTION('',(-0.,0.,-1.));
#5216 = DIRECTION('',(-0.,-1.,0.));
#5217 = FACE_BOUND('',#5218,.T.);
#5218 = EDGE_LOOP('',(#5219));
#5219 = ORIENTED_EDGE('',*,*,#5220,.T.);
#5220 = EDGE_CURVE('',#5221,#5221,#5223,.T.);
#5221 = VERTEX_POINT('',#5222);
#5222 = CARTESIAN_POINT('',(142.577811,-66.32,1.51));
#5223 = CIRCLE('',#5224,0.5);
#5224 = AXIS2_PLACEMENT_3D('',#5225,#5226,#5227);
#5225 = CARTESIAN_POINT('',(142.577811,-65.82,1.51));
#5226 = DIRECTION('',(-0.,0.,-1.));
#5227 = DIRECTION('',(-0.,-1.,0.));
#5228 = FACE_BOUND('',#5229,.T.);
#5229 = EDGE_LOOP('',(#5230));
#5230 = ORIENTED_EDGE('',*,*,#5231,.T.);
#5231 = EDGE_CURVE('',#5232,#5232,#5234,.T.);
#5232 = VERTEX_POINT('',#5233);
#5233 = CARTESIAN_POINT('',(145.117811,-66.32,1.51));
#5234 = CIRCLE('',#5235,0.5);
#5235 = AXIS2_PLACEMENT_3D('',#5236,#5237,#5238);
#5236 = CARTESIAN_POINT('',(145.117811,-65.82,1.51));
#5237 = DIRECTION('',(-0.,0.,-1.));
#5238 = DIRECTION('',(-0.,-1.,0.));
#5239 = FACE_BOUND('',#5240,.T.);
#5240 = EDGE_LOOP('',(#5241));
#5241 = ORIENTED_EDGE('',*,*,#5242,.T.);
#5242 = EDGE_CURVE('',#5243,#5243,#5245,.T.);
#5243 = VERTEX_POINT('',#5244);
#5244 = CARTESIAN_POINT('',(74.389867,-59.915,1.51));
#5245 = CIRCLE('',#5246,0.4);
#5246 = AXIS2_PLACEMENT_3D('',#5247,#5248,#5249);
#5247 = CARTESIAN_POINT('',(74.389867,-59.515,1.51));
#5248 = DIRECTION('',(-0.,0.,-1.));
#5249 = DIRECTION('',(-3.552713678801E-14,-1.,0.));
#5250 = FACE_BOUND('',#5251,.T.);
#5251 = EDGE_LOOP('',(#5252));
#5252 = ORIENTED_EDGE('',*,*,#5253,.T.);
#5253 = EDGE_CURVE('',#5254,#5254,#5256,.T.);
#5254 = VERTEX_POINT('',#5255);
#5255 = CARTESIAN_POINT('',(76.889867,-59.915,1.51));
#5256 = CIRCLE('',#5257,0.4);
#5257 = AXIS2_PLACEMENT_3D('',#5258,#5259,#5260);
#5258 = CARTESIAN_POINT('',(76.889867,-59.515,1.51));
#5259 = DIRECTION('',(-0.,0.,-1.));
#5260 = DIRECTION('',(-3.552713678801E-14,-1.,0.));
#5261 = FACE_BOUND('',#5262,.T.);
#5262 = EDGE_LOOP('',(#5263));
#5263 = ORIENTED_EDGE('',*,*,#5264,.T.);
#5264 = EDGE_CURVE('',#5265,#5265,#5267,.T.);
#5265 = VERTEX_POINT('',#5266);
#5266 = CARTESIAN_POINT('',(83.085756,-59.915,1.51));
#5267 = CIRCLE('',#5268,0.4);
#5268 = AXIS2_PLACEMENT_3D('',#5269,#5270,#5271);
#5269 = CARTESIAN_POINT('',(83.085756,-59.515,1.51));
#5270 = DIRECTION('',(-0.,0.,-1.));
#5271 = DIRECTION('',(-0.,-1.,0.));
#5272 = FACE_BOUND('',#5273,.T.);
#5273 = EDGE_LOOP('',(#5274));
#5274 = ORIENTED_EDGE('',*,*,#5275,.T.);
#5275 = EDGE_CURVE('',#5276,#5276,#5278,.T.);
#5276 = VERTEX_POINT('',#5277);
#5277 = CARTESIAN_POINT('',(85.585756,-59.915,1.51));
#5278 = CIRCLE('',#5279,0.4);
#5279 = AXIS2_PLACEMENT_3D('',#5280,#5281,#5282);
#5280 = CARTESIAN_POINT('',(85.585756,-59.515,1.51));
#5281 = DIRECTION('',(-0.,0.,-1.));
#5282 = DIRECTION('',(-0.,-1.,0.));
#5283 = FACE_BOUND('',#5284,.T.);
#5284 = EDGE_LOOP('',(#5285));
#5285 = ORIENTED_EDGE('',*,*,#5286,.T.);
#5286 = EDGE_CURVE('',#5287,#5287,#5289,.T.);
#5287 = VERTEX_POINT('',#5288);
#5288 = CARTESIAN_POINT('',(87.469867,-55.5,1.51));
#5289 = CIRCLE('',#5290,0.5);
#5290 = AXIS2_PLACEMENT_3D('',#5291,#5292,#5293);
#5291 = CARTESIAN_POINT('',(87.469867,-55.,1.51));
#5292 = DIRECTION('',(-0.,0.,-1.));
#5293 = DIRECTION('',(-0.,-1.,0.));
#5294 = FACE_BOUND('',#5295,.T.);
#5295 = EDGE_LOOP('',(#5296));
#5296 = ORIENTED_EDGE('',*,*,#5297,.T.);
#5297 = EDGE_CURVE('',#5298,#5298,#5300,.T.);
#5298 = VERTEX_POINT('',#5299);
#5299 = CARTESIAN_POINT('',(101.503395,-59.915,1.51));
#5300 = CIRCLE('',#5301,0.4);
#5301 = AXIS2_PLACEMENT_3D('',#5302,#5303,#5304);
#5302 = CARTESIAN_POINT('',(101.503395,-59.515,1.51));
#5303 = DIRECTION('',(-0.,0.,-1.));
#5304 = DIRECTION('',(-3.552713678801E-14,-1.,0.));
#5305 = FACE_BOUND('',#5306,.T.);
#5306 = EDGE_LOOP('',(#5307));
#5307 = ORIENTED_EDGE('',*,*,#5308,.T.);
#5308 = EDGE_CURVE('',#5309,#5309,#5311,.T.);
#5309 = VERTEX_POINT('',#5310);
#5310 = CARTESIAN_POINT('',(104.003395,-59.915,1.51));
#5311 = CIRCLE('',#5312,0.4);
#5312 = AXIS2_PLACEMENT_3D('',#5313,#5314,#5315);
#5313 = CARTESIAN_POINT('',(104.003395,-59.515,1.51));
#5314 = DIRECTION('',(-0.,0.,-1.));
#5315 = DIRECTION('',(-3.552713678801E-14,-1.,0.));
#5316 = FACE_BOUND('',#5317,.T.);
#5317 = EDGE_LOOP('',(#5318));
#5318 = ORIENTED_EDGE('',*,*,#5319,.T.);
#5319 = EDGE_CURVE('',#5320,#5320,#5322,.T.);
#5320 = VERTEX_POINT('',#5321);
#5321 = CARTESIAN_POINT('',(90.009867,-55.5,1.51));
#5322 = CIRCLE('',#5323,0.5);
#5323 = AXIS2_PLACEMENT_3D('',#5324,#5325,#5326);
#5324 = CARTESIAN_POINT('',(90.009867,-55.,1.51));
#5325 = DIRECTION('',(-0.,0.,-1.));
#5326 = DIRECTION('',(-0.,-1.,0.));
#5327 = FACE_BOUND('',#5328,.T.);
#5328 = EDGE_LOOP('',(#5329));
#5329 = ORIENTED_EDGE('',*,*,#5330,.T.);
#5330 = EDGE_CURVE('',#5331,#5331,#5333,.T.);
#5331 = VERTEX_POINT('',#5332);
#5332 = CARTESIAN_POINT('',(92.549867,-55.5,1.51));
#5333 = CIRCLE('',#5334,0.5);
#5334 = AXIS2_PLACEMENT_3D('',#5335,#5336,#5337);
#5335 = CARTESIAN_POINT('',(92.549867,-55.,1.51));
#5336 = DIRECTION('',(-0.,0.,-1.));
#5337 = DIRECTION('',(-0.,-1.,0.));
#5338 = FACE_BOUND('',#5339,.T.);
#5339 = EDGE_LOOP('',(#5340));
#5340 = ORIENTED_EDGE('',*,*,#5341,.T.);
#5341 = EDGE_CURVE('',#5342,#5342,#5344,.T.);
#5342 = VERTEX_POINT('',#5343);
#5343 = CARTESIAN_POINT('',(95.089867,-55.5,1.51));
#5344 = CIRCLE('',#5345,0.5);
#5345 = AXIS2_PLACEMENT_3D('',#5346,#5347,#5348);
#5346 = CARTESIAN_POINT('',(95.089867,-55.,1.51));
#5347 = DIRECTION('',(-0.,0.,-1.));
#5348 = DIRECTION('',(-0.,-1.,0.));
#5349 = FACE_BOUND('',#5350,.T.);
#5350 = EDGE_LOOP('',(#5351));
#5351 = ORIENTED_EDGE('',*,*,#5352,.T.);
#5352 = EDGE_CURVE('',#5353,#5353,#5355,.T.);
#5353 = VERTEX_POINT('',#5354);
#5354 = CARTESIAN_POINT('',(97.629867,-55.5,1.51));
#5355 = CIRCLE('',#5356,0.5);
#5356 = AXIS2_PLACEMENT_3D('',#5357,#5358,#5359);
#5357 = CARTESIAN_POINT('',(97.629867,-55.,1.51));
#5358 = DIRECTION('',(-0.,0.,-1.));
#5359 = DIRECTION('',(-0.,-1.,0.));
#5360 = FACE_BOUND('',#5361,.T.);
#5361 = EDGE_LOOP('',(#5362));
#5362 = ORIENTED_EDGE('',*,*,#5363,.T.);
#5363 = EDGE_CURVE('',#5364,#5364,#5366,.T.);
#5364 = VERTEX_POINT('',#5365);
#5365 = CARTESIAN_POINT('',(100.169867,-55.5,1.51));
#5366 = CIRCLE('',#5367,0.5);
#5367 = AXIS2_PLACEMENT_3D('',#5368,#5369,#5370);
#5368 = CARTESIAN_POINT('',(100.169867,-55.,1.51));
#5369 = DIRECTION('',(-0.,0.,-1.));
#5370 = DIRECTION('',(-0.,-1.,0.));
#5371 = FACE_BOUND('',#5372,.T.);
#5372 = EDGE_LOOP('',(#5373));
#5373 = ORIENTED_EDGE('',*,*,#5374,.T.);
#5374 = EDGE_CURVE('',#5375,#5375,#5377,.T.);
#5375 = VERTEX_POINT('',#5376);
#5376 = CARTESIAN_POINT('',(102.709867,-55.5,1.51));
#5377 = CIRCLE('',#5378,0.5);
#5378 = AXIS2_PLACEMENT_3D('',#5379,#5380,#5381);
#5379 = CARTESIAN_POINT('',(102.709867,-55.,1.51));
#5380 = DIRECTION('',(-0.,0.,-1.));
#5381 = DIRECTION('',(-0.,-1.,0.));
#5382 = FACE_BOUND('',#5383,.T.);
#5383 = EDGE_LOOP('',(#5384));
#5384 = ORIENTED_EDGE('',*,*,#5385,.T.);
#5385 = EDGE_CURVE('',#5386,#5386,#5388,.T.);
#5386 = VERTEX_POINT('',#5387);
#5387 = CARTESIAN_POINT('',(105.249867,-55.5,1.51));
#5388 = CIRCLE('',#5389,0.5);
#5389 = AXIS2_PLACEMENT_3D('',#5390,#5391,#5392);
#5390 = CARTESIAN_POINT('',(105.249867,-55.,1.51));
#5391 = DIRECTION('',(-0.,0.,-1.));
#5392 = DIRECTION('',(-0.,-1.,0.));
#5393 = FACE_BOUND('',#5394,.T.);
#5394 = EDGE_LOOP('',(#5395));
#5395 = ORIENTED_EDGE('',*,*,#5396,.T.);
#5396 = EDGE_CURVE('',#5397,#5397,#5399,.T.);
#5397 = VERTEX_POINT('',#5398);
#5398 = CARTESIAN_POINT('',(107.789867,-55.5,1.51));
#5399 = CIRCLE('',#5400,0.5);
#5400 = AXIS2_PLACEMENT_3D('',#5401,#5402,#5403);
#5401 = CARTESIAN_POINT('',(107.789867,-55.,1.51));
#5402 = DIRECTION('',(-0.,0.,-1.));
#5403 = DIRECTION('',(-0.,-1.,0.));
#5404 = FACE_BOUND('',#5405,.T.);
#5405 = EDGE_LOOP('',(#5406));
#5406 = ORIENTED_EDGE('',*,*,#5407,.T.);
#5407 = EDGE_CURVE('',#5408,#5408,#5410,.T.);
#5408 = VERTEX_POINT('',#5409);
#5409 = CARTESIAN_POINT('',(80.504867,-40.16,1.51));
#5410 = CIRCLE('',#5411,0.4);
#5411 = AXIS2_PLACEMENT_3D('',#5412,#5413,#5414);
#5412 = CARTESIAN_POINT('',(80.504867,-39.76,1.51));
#5413 = DIRECTION('',(-0.,0.,-1.));
#5414 = DIRECTION('',(3.5527136788E-14,-1.,-0.));
#5415 = FACE_BOUND('',#5416,.T.);
#5416 = EDGE_LOOP('',(#5417));
#5417 = ORIENTED_EDGE('',*,*,#5418,.T.);
#5418 = EDGE_CURVE('',#5419,#5419,#5421,.T.);
#5419 = VERTEX_POINT('',#5420);
#5420 = CARTESIAN_POINT('',(83.004867,-40.16,1.51));
#5421 = CIRCLE('',#5422,0.4);
#5422 = AXIS2_PLACEMENT_3D('',#5423,#5424,#5425);
#5423 = CARTESIAN_POINT('',(83.004867,-39.76,1.51));
#5424 = DIRECTION('',(-0.,0.,-1.));
#5425 = DIRECTION('',(3.5527136788E-14,-1.,-0.));
#5426 = FACE_BOUND('',#5427,.T.);
#5427 = EDGE_LOOP('',(#5428));
#5428 = ORIENTED_EDGE('',*,*,#5429,.T.);
#5429 = EDGE_CURVE('',#5430,#5430,#5432,.T.);
#5430 = VERTEX_POINT('',#5431);
#5431 = CARTESIAN_POINT('',(87.469867,-40.26,1.51));
#5432 = CIRCLE('',#5433,0.5);
#5433 = AXIS2_PLACEMENT_3D('',#5434,#5435,#5436);
#5434 = CARTESIAN_POINT('',(87.469867,-39.76,1.51));
#5435 = DIRECTION('',(-0.,0.,-1.));
#5436 = DIRECTION('',(-0.,-1.,0.));
#5437 = FACE_BOUND('',#5438,.T.);
#5438 = EDGE_LOOP('',(#5439));
#5439 = ORIENTED_EDGE('',*,*,#5440,.T.);
#5440 = EDGE_CURVE('',#5441,#5441,#5443,.T.);
#5441 = VERTEX_POINT('',#5442);
#5442 = CARTESIAN_POINT('',(88.739867,-48.63,1.51));
#5443 = CIRCLE('',#5444,1.25);
#5444 = AXIS2_PLACEMENT_3D('',#5445,#5446,#5447);
#5445 = CARTESIAN_POINT('',(88.739867,-47.38,1.51));
#5446 = DIRECTION('',(-0.,0.,-1.));
#5447 = DIRECTION('',(-0.,-1.,0.));
#5448 = FACE_BOUND('',#5449,.T.);
#5449 = EDGE_LOOP('',(#5450));
#5450 = ORIENTED_EDGE('',*,*,#5451,.T.);
#5451 = EDGE_CURVE('',#5452,#5452,#5454,.T.);
#5452 = VERTEX_POINT('',#5453);
#5453 = CARTESIAN_POINT('',(90.009867,-40.26,1.51));
#5454 = CIRCLE('',#5455,0.5);
#5455 = AXIS2_PLACEMENT_3D('',#5456,#5457,#5458);
#5456 = CARTESIAN_POINT('',(90.009867,-39.76,1.51));
#5457 = DIRECTION('',(-0.,0.,-1.));
#5458 = DIRECTION('',(-0.,-1.,0.));
#5459 = FACE_BOUND('',#5460,.T.);
#5460 = EDGE_LOOP('',(#5461));
#5461 = ORIENTED_EDGE('',*,*,#5462,.T.);
#5462 = EDGE_CURVE('',#5463,#5463,#5465,.T.);
#5463 = VERTEX_POINT('',#5464);
#5464 = CARTESIAN_POINT('',(92.549867,-40.26,1.51));
#5465 = CIRCLE('',#5466,0.5);
#5466 = AXIS2_PLACEMENT_3D('',#5467,#5468,#5469);
#5467 = CARTESIAN_POINT('',(92.549867,-39.76,1.51));
#5468 = DIRECTION('',(-0.,0.,-1.));
#5469 = DIRECTION('',(-0.,-1.,0.));
#5470 = FACE_BOUND('',#5471,.T.);
#5471 = EDGE_LOOP('',(#5472));
#5472 = ORIENTED_EDGE('',*,*,#5473,.T.);
#5473 = EDGE_CURVE('',#5474,#5474,#5476,.T.);
#5474 = VERTEX_POINT('',#5475);
#5475 = CARTESIAN_POINT('',(95.089867,-40.26,1.51));
#5476 = CIRCLE('',#5477,0.5);
#5477 = AXIS2_PLACEMENT_3D('',#5478,#5479,#5480);
#5478 = CARTESIAN_POINT('',(95.089867,-39.76,1.51));
#5479 = DIRECTION('',(-0.,0.,-1.));
#5480 = DIRECTION('',(-0.,-1.,0.));
#5481 = FACE_BOUND('',#5482,.T.);
#5482 = EDGE_LOOP('',(#5483));
#5483 = ORIENTED_EDGE('',*,*,#5484,.T.);
#5484 = EDGE_CURVE('',#5485,#5485,#5487,.T.);
#5485 = VERTEX_POINT('',#5486);
#5486 = CARTESIAN_POINT('',(97.629867,-40.26,1.51));
#5487 = CIRCLE('',#5488,0.5);
#5488 = AXIS2_PLACEMENT_3D('',#5489,#5490,#5491);
#5489 = CARTESIAN_POINT('',(97.629867,-39.76,1.51));
#5490 = DIRECTION('',(-0.,0.,-1.));
#5491 = DIRECTION('',(-0.,-1.,0.));
#5492 = FACE_BOUND('',#5493,.T.);
#5493 = EDGE_LOOP('',(#5494));
#5494 = ORIENTED_EDGE('',*,*,#5495,.T.);
#5495 = EDGE_CURVE('',#5496,#5496,#5498,.T.);
#5496 = VERTEX_POINT('',#5497);
#5497 = CARTESIAN_POINT('',(100.169867,-40.26,1.51));
#5498 = CIRCLE('',#5499,0.5);
#5499 = AXIS2_PLACEMENT_3D('',#5500,#5501,#5502);
#5500 = CARTESIAN_POINT('',(100.169867,-39.76,1.51));
#5501 = DIRECTION('',(-0.,0.,-1.));
#5502 = DIRECTION('',(-0.,-1.,0.));
#5503 = FACE_BOUND('',#5504,.T.);
#5504 = EDGE_LOOP('',(#5505));
#5505 = ORIENTED_EDGE('',*,*,#5506,.T.);
#5506 = EDGE_CURVE('',#5507,#5507,#5509,.T.);
#5507 = VERTEX_POINT('',#5508);
#5508 = CARTESIAN_POINT('',(102.709867,-40.26,1.51));
#5509 = CIRCLE('',#5510,0.5);
#5510 = AXIS2_PLACEMENT_3D('',#5511,#5512,#5513);
#5511 = CARTESIAN_POINT('',(102.709867,-39.76,1.51));
#5512 = DIRECTION('',(-0.,0.,-1.));
#5513 = DIRECTION('',(-0.,-1.,0.));
#5514 = FACE_BOUND('',#5515,.T.);
#5515 = EDGE_LOOP('',(#5516));
#5516 = ORIENTED_EDGE('',*,*,#5517,.T.);
#5517 = EDGE_CURVE('',#5518,#5518,#5520,.T.);
#5518 = VERTEX_POINT('',#5519);
#5519 = CARTESIAN_POINT('',(105.249867,-40.26,1.51));
#5520 = CIRCLE('',#5521,0.5);
#5521 = AXIS2_PLACEMENT_3D('',#5522,#5523,#5524);
#5522 = CARTESIAN_POINT('',(105.249867,-39.76,1.51));
#5523 = DIRECTION('',(-0.,0.,-1.));
#5524 = DIRECTION('',(-0.,-1.,0.));
#5525 = FACE_BOUND('',#5526,.T.);
#5526 = EDGE_LOOP('',(#5527));
#5527 = ORIENTED_EDGE('',*,*,#5528,.T.);
#5528 = EDGE_CURVE('',#5529,#5529,#5531,.T.);
#5529 = VERTEX_POINT('',#5530);
#5530 = CARTESIAN_POINT('',(107.789867,-40.26,1.51));
#5531 = CIRCLE('',#5532,0.5);
#5532 = AXIS2_PLACEMENT_3D('',#5533,#5534,#5535);
#5533 = CARTESIAN_POINT('',(107.789867,-39.76,1.51));
#5534 = DIRECTION('',(-0.,0.,-1.));
#5535 = DIRECTION('',(-0.,-1.,0.));
#5536 = FACE_BOUND('',#5537,.T.);
#5537 = EDGE_LOOP('',(#5538));
#5538 = ORIENTED_EDGE('',*,*,#5539,.T.);
#5539 = EDGE_CURVE('',#5540,#5540,#5542,.T.);
#5540 = VERTEX_POINT('',#5541);
#5541 = CARTESIAN_POINT('',(109.449284,-59.665,1.51));
#5542 = CIRCLE('',#5543,0.4);
#5543 = AXIS2_PLACEMENT_3D('',#5544,#5545,#5546);
#5544 = CARTESIAN_POINT('',(109.449284,-59.265,1.51));
#5545 = DIRECTION('',(-0.,0.,-1.));
#5546 = DIRECTION('',(-0.,-1.,0.));
#5547 = FACE_BOUND('',#5548,.T.);
#5548 = EDGE_LOOP('',(#5549));
#5549 = ORIENTED_EDGE('',*,*,#5550,.T.);
#5550 = EDGE_CURVE('',#5551,#5551,#5553,.T.);
#5551 = VERTEX_POINT('',#5552);
#5552 = CARTESIAN_POINT('',(111.949284,-59.665,1.51));
#5553 = CIRCLE('',#5554,0.4);
#5554 = AXIS2_PLACEMENT_3D('',#5555,#5556,#5557);
#5555 = CARTESIAN_POINT('',(111.949284,-59.265,1.51));
#5556 = DIRECTION('',(-0.,0.,-1.));
#5557 = DIRECTION('',(-0.,-1.,0.));
#5558 = FACE_BOUND('',#5559,.T.);
#5559 = EDGE_LOOP('',(#5560));
#5560 = ORIENTED_EDGE('',*,*,#5561,.T.);
#5561 = EDGE_CURVE('',#5562,#5562,#5564,.T.);
#5562 = VERTEX_POINT('',#5563);
#5563 = CARTESIAN_POINT('',(128.636923,-59.915,1.51));
#5564 = CIRCLE('',#5565,0.4);
#5565 = AXIS2_PLACEMENT_3D('',#5566,#5567,#5568);
#5566 = CARTESIAN_POINT('',(128.636923,-59.515,1.51));
#5567 = DIRECTION('',(-0.,0.,-1.));
#5568 = DIRECTION('',(-0.,-1.,0.));
#5569 = FACE_BOUND('',#5570,.T.);
#5570 = EDGE_LOOP('',(#5571));
#5571 = ORIENTED_EDGE('',*,*,#5572,.T.);
#5572 = EDGE_CURVE('',#5573,#5573,#5575,.T.);
#5573 = VERTEX_POINT('',#5574);
#5574 = CARTESIAN_POINT('',(110.329867,-55.5,1.51));
#5575 = CIRCLE('',#5576,0.5);
#5576 = AXIS2_PLACEMENT_3D('',#5577,#5578,#5579);
#5577 = CARTESIAN_POINT('',(110.329867,-55.,1.51));
#5578 = DIRECTION('',(-0.,0.,-1.));
#5579 = DIRECTION('',(-0.,-1.,0.));
#5580 = FACE_BOUND('',#5581,.T.);
#5581 = EDGE_LOOP('',(#5582));
#5582 = ORIENTED_EDGE('',*,*,#5583,.T.);
#5583 = EDGE_CURVE('',#5584,#5584,#5586,.T.);
#5584 = VERTEX_POINT('',#5585);
#5585 = CARTESIAN_POINT('',(112.869867,-55.5,1.51));
#5586 = CIRCLE('',#5587,0.5);
#5587 = AXIS2_PLACEMENT_3D('',#5588,#5589,#5590);
#5588 = CARTESIAN_POINT('',(112.869867,-55.,1.51));
#5589 = DIRECTION('',(-0.,0.,-1.));
#5590 = DIRECTION('',(-0.,-1.,0.));
#5591 = FACE_BOUND('',#5592,.T.);
#5592 = EDGE_LOOP('',(#5593));
#5593 = ORIENTED_EDGE('',*,*,#5594,.T.);
#5594 = EDGE_CURVE('',#5595,#5595,#5597,.T.);
#5595 = VERTEX_POINT('',#5596);
#5596 = CARTESIAN_POINT('',(115.409867,-55.5,1.51));
#5597 = CIRCLE('',#5598,0.5);
#5598 = AXIS2_PLACEMENT_3D('',#5599,#5600,#5601);
#5599 = CARTESIAN_POINT('',(115.409867,-55.,1.51));
#5600 = DIRECTION('',(-0.,0.,-1.));
#5601 = DIRECTION('',(-0.,-1.,0.));
#5602 = FACE_BOUND('',#5603,.T.);
#5603 = EDGE_LOOP('',(#5604));
#5604 = ORIENTED_EDGE('',*,*,#5605,.T.);
#5605 = EDGE_CURVE('',#5606,#5606,#5608,.T.);
#5606 = VERTEX_POINT('',#5607);
#5607 = CARTESIAN_POINT('',(131.136923,-59.915,1.51));
#5608 = CIRCLE('',#5609,0.4);
#5609 = AXIS2_PLACEMENT_3D('',#5610,#5611,#5612);
#5610 = CARTESIAN_POINT('',(131.136923,-59.515,1.51));
#5611 = DIRECTION('',(-0.,0.,-1.));
#5612 = DIRECTION('',(-0.,-1.,0.));
#5613 = FACE_BOUND('',#5614,.T.);
#5614 = EDGE_LOOP('',(#5615));
#5615 = ORIENTED_EDGE('',*,*,#5616,.T.);
#5616 = EDGE_CURVE('',#5617,#5617,#5619,.T.);
#5617 = VERTEX_POINT('',#5618);
#5618 = CARTESIAN_POINT('',(136.582811,-59.915,1.51));
#5619 = CIRCLE('',#5620,0.4);
#5620 = AXIS2_PLACEMENT_3D('',#5621,#5622,#5623);
#5621 = CARTESIAN_POINT('',(136.582811,-59.515,1.51));
#5622 = DIRECTION('',(-0.,0.,-1.));
#5623 = DIRECTION('',(-0.,-1.,0.));
#5624 = FACE_BOUND('',#5625,.T.);
#5625 = EDGE_LOOP('',(#5626));
#5626 = ORIENTED_EDGE('',*,*,#5627,.T.);
#5627 = EDGE_CURVE('',#5628,#5628,#5630,.T.);
#5628 = VERTEX_POINT('',#5629);
#5629 = CARTESIAN_POINT('',(139.082811,-59.915,1.51));
#5630 = CIRCLE('',#5631,0.4);
#5631 = AXIS2_PLACEMENT_3D('',#5632,#5633,#5634);
#5632 = CARTESIAN_POINT('',(139.082811,-59.515,1.51));
#5633 = DIRECTION('',(-0.,0.,-1.));
#5634 = DIRECTION('',(-0.,-1.,0.));
#5635 = FACE_BOUND('',#5636,.T.);
#5636 = EDGE_LOOP('',(#5637));
#5637 = ORIENTED_EDGE('',*,*,#5638,.T.);
#5638 = EDGE_CURVE('',#5639,#5639,#5641,.T.);
#5639 = VERTEX_POINT('',#5640);
#5640 = CARTESIAN_POINT('',(114.139867,-48.63,1.51));
#5641 = CIRCLE('',#5642,1.25);
#5642 = AXIS2_PLACEMENT_3D('',#5643,#5644,#5645);
#5643 = CARTESIAN_POINT('',(114.139867,-47.38,1.51));
#5644 = DIRECTION('',(-0.,0.,-1.));
#5645 = DIRECTION('',(-0.,-1.,0.));
#5646 = FACE_BOUND('',#5647,.T.);
#5647 = EDGE_LOOP('',(#5648));
#5648 = ORIENTED_EDGE('',*,*,#5649,.T.);
#5649 = EDGE_CURVE('',#5650,#5650,#5652,.T.);
#5650 = VERTEX_POINT('',#5651);
#5651 = CARTESIAN_POINT('',(125.569867,-47.88,1.51));
#5652 = CIRCLE('',#5653,0.5);
#5653 = AXIS2_PLACEMENT_3D('',#5654,#5655,#5656);
#5654 = CARTESIAN_POINT('',(125.569867,-47.38,1.51));
#5655 = DIRECTION('',(-0.,0.,-1.));
#5656 = DIRECTION('',(-0.,-1.,0.));
#5657 = FACE_BOUND('',#5658,.T.);
#5658 = EDGE_LOOP('',(#5659));
#5659 = ORIENTED_EDGE('',*,*,#5660,.T.);
#5660 = EDGE_CURVE('',#5661,#5661,#5663,.T.);
#5661 = VERTEX_POINT('',#5662);
#5662 = CARTESIAN_POINT('',(125.569867,-45.38,1.51));
#5663 = CIRCLE('',#5664,0.5);
#5664 = AXIS2_PLACEMENT_3D('',#5665,#5666,#5667);
#5665 = CARTESIAN_POINT('',(125.569867,-44.88,1.51));
#5666 = DIRECTION('',(-0.,0.,-1.));
#5667 = DIRECTION('',(-0.,-1.,0.));
#5668 = FACE_BOUND('',#5669,.T.);
#5669 = EDGE_LOOP('',(#5670));
#5670 = ORIENTED_EDGE('',*,*,#5671,.T.);
#5671 = EDGE_CURVE('',#5672,#5672,#5674,.T.);
#5672 = VERTEX_POINT('',#5673);
#5673 = CARTESIAN_POINT('',(110.329867,-40.26,1.51));
#5674 = CIRCLE('',#5675,0.5);
#5675 = AXIS2_PLACEMENT_3D('',#5676,#5677,#5678);
#5676 = CARTESIAN_POINT('',(110.329867,-39.76,1.51));
#5677 = DIRECTION('',(-0.,0.,-1.));
#5678 = DIRECTION('',(-0.,-1.,0.));
#5679 = FACE_BOUND('',#5680,.T.);
#5680 = EDGE_LOOP('',(#5681));
#5681 = ORIENTED_EDGE('',*,*,#5682,.T.);
#5682 = EDGE_CURVE('',#5683,#5683,#5685,.T.);
#5683 = VERTEX_POINT('',#5684);
#5684 = CARTESIAN_POINT('',(112.869867,-40.26,1.51));
#5685 = CIRCLE('',#5686,0.5);
#5686 = AXIS2_PLACEMENT_3D('',#5687,#5688,#5689);
#5687 = CARTESIAN_POINT('',(112.869867,-39.76,1.51));
#5688 = DIRECTION('',(-0.,0.,-1.));
#5689 = DIRECTION('',(-0.,-1.,0.));
#5690 = FACE_BOUND('',#5691,.T.);
#5691 = EDGE_LOOP('',(#5692));
#5692 = ORIENTED_EDGE('',*,*,#5693,.T.);
#5693 = EDGE_CURVE('',#5694,#5694,#5696,.T.);
#5694 = VERTEX_POINT('',#5695);
#5695 = CARTESIAN_POINT('',(115.409867,-40.26,1.51));
#5696 = CIRCLE('',#5697,0.5);
#5697 = AXIS2_PLACEMENT_3D('',#5698,#5699,#5700);
#5698 = CARTESIAN_POINT('',(115.409867,-39.76,1.51));
#5699 = DIRECTION('',(-0.,0.,-1.));
#5700 = DIRECTION('',(-0.,-1.,0.));
#5701 = FACE_BOUND('',#5702,.T.);
#5702 = EDGE_LOOP('',(#5703));
#5703 = ORIENTED_EDGE('',*,*,#5704,.T.);
#5704 = EDGE_CURVE('',#5705,#5705,#5707,.T.);
#5705 = VERTEX_POINT('',#5706);
#5706 = CARTESIAN_POINT('',(125.569867,-42.88,1.51));
#5707 = CIRCLE('',#5708,0.5);
#5708 = AXIS2_PLACEMENT_3D('',#5709,#5710,#5711);
#5709 = CARTESIAN_POINT('',(125.569867,-42.38,1.51));
#5710 = DIRECTION('',(-0.,0.,-1.));
#5711 = DIRECTION('',(-0.,-1.,0.));
#5712 = FACE_BOUND('',#5713,.T.);
#5713 = EDGE_LOOP('',(#5714,#5725,#5733,#5742));
#5714 = ORIENTED_EDGE('',*,*,#5715,.T.);
#5715 = EDGE_CURVE('',#5716,#5718,#5720,.T.);
#5716 = VERTEX_POINT('',#5717);
#5717 = CARTESIAN_POINT('',(133.719867,-49.73,1.51));
#5718 = VERTEX_POINT('',#5719);
#5719 = CARTESIAN_POINT('',(133.719867,-51.23,1.51));
#5720 = CIRCLE('',#5721,0.75);
#5721 = AXIS2_PLACEMENT_3D('',#5722,#5723,#5724);
#5722 = CARTESIAN_POINT('',(133.719867,-50.48,1.51));
#5723 = DIRECTION('',(-0.,0.,-1.));
#5724 = DIRECTION('',(-0.,-1.,0.));
#5725 = ORIENTED_EDGE('',*,*,#5726,.T.);
#5726 = EDGE_CURVE('',#5718,#5727,#5729,.T.);
#5727 = VERTEX_POINT('',#5728);
#5728 = CARTESIAN_POINT('',(132.419867,-51.23,1.51));
#5729 = LINE('',#5730,#5731);
#5730 = CARTESIAN_POINT('',(66.2099335,-51.23,1.51));
#5731 = VECTOR('',#5732,1.);
#5732 = DIRECTION('',(-1.,0.,0.));
#5733 = ORIENTED_EDGE('',*,*,#5734,.T.);
#5734 = EDGE_CURVE('',#5727,#5735,#5737,.T.);
#5735 = VERTEX_POINT('',#5736);
#5736 = CARTESIAN_POINT('',(132.419867,-49.73,1.51));
#5737 = CIRCLE('',#5738,0.75);
#5738 = AXIS2_PLACEMENT_3D('',#5739,#5740,#5741);
#5739 = CARTESIAN_POINT('',(132.419867,-50.48,1.51));
#5740 = DIRECTION('',(-0.,0.,-1.));
#5741 = DIRECTION('',(0.,1.,0.));
#5742 = ORIENTED_EDGE('',*,*,#5743,.T.);
#5743 = EDGE_CURVE('',#5735,#5716,#5744,.T.);
#5744 = LINE('',#5745,#5746);
#5745 = CARTESIAN_POINT('',(66.8599335,-49.73,1.51));
#5746 = VECTOR('',#5747,1.);
#5747 = DIRECTION('',(1.,0.,-0.));
#5748 = FACE_BOUND('',#5749,.T.);
#5749 = EDGE_LOOP('',(#5750));
#5750 = ORIENTED_EDGE('',*,*,#5751,.T.);
#5751 = EDGE_CURVE('',#5752,#5752,#5754,.T.);
#5752 = VERTEX_POINT('',#5753);
#5753 = CARTESIAN_POINT('',(140.069867,-47.88,1.51));
#5754 = CIRCLE('',#5755,0.5);
#5755 = AXIS2_PLACEMENT_3D('',#5756,#5757,#5758);
#5756 = CARTESIAN_POINT('',(140.069867,-47.38,1.51));
#5757 = DIRECTION('',(-0.,0.,-1.));
#5758 = DIRECTION('',(-0.,-1.,0.));
#5759 = FACE_BOUND('',#5760,.T.);
#5760 = EDGE_LOOP('',(#5761,#5772,#5780,#5789));
#5761 = ORIENTED_EDGE('',*,*,#5762,.T.);
#5762 = EDGE_CURVE('',#5763,#5765,#5767,.T.);
#5763 = VERTEX_POINT('',#5764);
#5764 = CARTESIAN_POINT('',(133.719867,-38.53,1.51));
#5765 = VERTEX_POINT('',#5766);
#5766 = CARTESIAN_POINT('',(133.719867,-40.03,1.51));
#5767 = CIRCLE('',#5768,0.75);
#5768 = AXIS2_PLACEMENT_3D('',#5769,#5770,#5771);
#5769 = CARTESIAN_POINT('',(133.719867,-39.28,1.51));
#5770 = DIRECTION('',(-0.,0.,-1.));
#5771 = DIRECTION('',(-0.,-1.,0.));
#5772 = ORIENTED_EDGE('',*,*,#5773,.T.);
#5773 = EDGE_CURVE('',#5765,#5774,#5776,.T.);
#5774 = VERTEX_POINT('',#5775);
#5775 = CARTESIAN_POINT('',(132.419867,-40.03,1.51));
#5776 = LINE('',#5777,#5778);
#5777 = CARTESIAN_POINT('',(66.2099335,-40.03,1.51));
#5778 = VECTOR('',#5779,1.);
#5779 = DIRECTION('',(-1.,0.,0.));
#5780 = ORIENTED_EDGE('',*,*,#5781,.T.);
#5781 = EDGE_CURVE('',#5774,#5782,#5784,.T.);
#5782 = VERTEX_POINT('',#5783);
#5783 = CARTESIAN_POINT('',(132.419867,-38.53,1.51));
#5784 = CIRCLE('',#5785,0.75);
#5785 = AXIS2_PLACEMENT_3D('',#5786,#5787,#5788);
#5786 = CARTESIAN_POINT('',(132.419867,-39.28,1.51));
#5787 = DIRECTION('',(-0.,0.,-1.));
#5788 = DIRECTION('',(0.,1.,0.));
#5789 = ORIENTED_EDGE('',*,*,#5790,.T.);
#5790 = EDGE_CURVE('',#5782,#5763,#5791,.T.);
#5791 = LINE('',#5792,#5793);
#5792 = CARTESIAN_POINT('',(66.8599335,-38.53,1.51));
#5793 = VECTOR('',#5794,1.);
#5794 = DIRECTION('',(1.,0.,-0.));
#5795 = FACE_BOUND('',#5796,.T.);
#5796 = EDGE_LOOP('',(#5797));
#5797 = ORIENTED_EDGE('',*,*,#5798,.T.);
#5798 = EDGE_CURVE('',#5799,#5799,#5801,.T.);
#5799 = VERTEX_POINT('',#5800);
#5800 = CARTESIAN_POINT('',(140.069867,-42.88,1.51));
#5801 = CIRCLE('',#5802,0.5);
#5802 = AXIS2_PLACEMENT_3D('',#5803,#5804,#5805);
#5803 = CARTESIAN_POINT('',(140.069867,-42.38,1.51));
#5804 = DIRECTION('',(-0.,0.,-1.));
#5805 = DIRECTION('',(-0.,-1.,0.));
#5806 = FACE_BOUND('',#5807,.T.);
#5807 = EDGE_LOOP('',(#5808));
#5808 = ORIENTED_EDGE('',*,*,#5809,.T.);
#5809 = EDGE_CURVE('',#5810,#5810,#5812,.T.);
#5810 = VERTEX_POINT('',#5811);
#5811 = CARTESIAN_POINT('',(150.02545,-69.835,1.51));
#5812 = CIRCLE('',#5813,0.85);
#5813 = AXIS2_PLACEMENT_3D('',#5814,#5815,#5816);
#5814 = CARTESIAN_POINT('',(150.02545,-68.985,1.51));
#5815 = DIRECTION('',(-0.,0.,-1.));
#5816 = DIRECTION('',(-0.,-1.,0.));
#5817 = FACE_BOUND('',#5818,.T.);
#5818 = EDGE_LOOP('',(#5819));
#5819 = ORIENTED_EDGE('',*,*,#5820,.T.);
#5820 = EDGE_CURVE('',#5821,#5821,#5823,.T.);
#5821 = VERTEX_POINT('',#5822);
#5822 = CARTESIAN_POINT('',(158.42545,-71.035,1.51));
#5823 = CIRCLE('',#5824,0.85);
#5824 = AXIS2_PLACEMENT_3D('',#5825,#5826,#5827);
#5825 = CARTESIAN_POINT('',(158.42545,-70.185,1.51));
#5826 = DIRECTION('',(-0.,0.,-1.));
#5827 = DIRECTION('',(-0.,-1.,0.));
#5828 = FACE_BOUND('',#5829,.T.);
#5829 = EDGE_LOOP('',(#5830));
#5830 = ORIENTED_EDGE('',*,*,#5831,.T.);
#5831 = EDGE_CURVE('',#5832,#5832,#5834,.T.);
#5832 = VERTEX_POINT('',#5833);
#5833 = CARTESIAN_POINT('',(152.47545,-65.435,1.51));
#5834 = CIRCLE('',#5835,0.6);
#5835 = AXIS2_PLACEMENT_3D('',#5836,#5837,#5838);
#5836 = CARTESIAN_POINT('',(152.47545,-64.835,1.51));
#5837 = DIRECTION('',(-0.,0.,-1.));
#5838 = DIRECTION('',(-0.,-1.,0.));
#5839 = FACE_BOUND('',#5840,.T.);
#5840 = EDGE_LOOP('',(#5841));
#5841 = ORIENTED_EDGE('',*,*,#5842,.T.);
#5842 = EDGE_CURVE('',#5843,#5843,#5845,.T.);
#5843 = VERTEX_POINT('',#5844);
#5844 = CARTESIAN_POINT('',(155.97545,-65.435,1.51));
#5845 = CIRCLE('',#5846,0.6);
#5846 = AXIS2_PLACEMENT_3D('',#5847,#5848,#5849);
#5847 = CARTESIAN_POINT('',(155.97545,-64.835,1.51));
#5848 = DIRECTION('',(-0.,0.,-1.));
#5849 = DIRECTION('',(-0.,-1.,0.));
#5850 = FACE_BOUND('',#5851,.T.);
#5851 = EDGE_LOOP('',(#5852));
#5852 = ORIENTED_EDGE('',*,*,#5853,.T.);
#5853 = EDGE_CURVE('',#5854,#5854,#5856,.T.);
#5854 = VERTEX_POINT('',#5855);
#5855 = CARTESIAN_POINT('',(164.611339,-65.825,1.51));
#5856 = CIRCLE('',#5857,0.5);
#5857 = AXIS2_PLACEMENT_3D('',#5858,#5859,#5860);
#5858 = CARTESIAN_POINT('',(164.611339,-65.325,1.51));
#5859 = DIRECTION('',(-0.,0.,-1.));
#5860 = DIRECTION('',(-0.,-1.,0.));
#5861 = FACE_BOUND('',#5862,.T.);
#5862 = EDGE_LOOP('',(#5863));
#5863 = ORIENTED_EDGE('',*,*,#5864,.T.);
#5864 = EDGE_CURVE('',#5865,#5865,#5867,.T.);
#5865 = VERTEX_POINT('',#5866);
#5866 = CARTESIAN_POINT('',(167.151339,-65.825,1.51));
#5867 = CIRCLE('',#5868,0.5);
#5868 = AXIS2_PLACEMENT_3D('',#5869,#5870,#5871);
#5869 = CARTESIAN_POINT('',(167.151339,-65.325,1.51));
#5870 = DIRECTION('',(-0.,0.,-1.));
#5871 = DIRECTION('',(-0.,-1.,0.));
#5872 = FACE_BOUND('',#5873,.T.);
#5873 = EDGE_LOOP('',(#5874));
#5874 = ORIENTED_EDGE('',*,*,#5875,.T.);
#5875 = EDGE_CURVE('',#5876,#5876,#5878,.T.);
#5876 = VERTEX_POINT('',#5877);
#5877 = CARTESIAN_POINT('',(169.691339,-65.825,1.51));
#5878 = CIRCLE('',#5879,0.5);
#5879 = AXIS2_PLACEMENT_3D('',#5880,#5881,#5882);
#5880 = CARTESIAN_POINT('',(169.691339,-65.325,1.51));
#5881 = DIRECTION('',(-0.,0.,-1.));
#5882 = DIRECTION('',(-0.,-1.,0.));
#5883 = FACE_BOUND('',#5884,.T.);
#5884 = EDGE_LOOP('',(#5885));
#5885 = ORIENTED_EDGE('',*,*,#5886,.T.);
#5886 = EDGE_CURVE('',#5887,#5887,#5889,.T.);
#5887 = VERTEX_POINT('',#5888);
#5888 = CARTESIAN_POINT('',(185.538978,-71.67,1.51));
#5889 = CIRCLE('',#5890,0.85);
#5890 = AXIS2_PLACEMENT_3D('',#5891,#5892,#5893);
#5891 = CARTESIAN_POINT('',(185.538978,-70.82,1.51));
#5892 = DIRECTION('',(-0.,0.,-1.));
#5893 = DIRECTION('',(-0.,-1.,0.));
#5894 = FACE_BOUND('',#5895,.T.);
#5895 = EDGE_LOOP('',(#5896));
#5896 = ORIENTED_EDGE('',*,*,#5897,.T.);
#5897 = EDGE_CURVE('',#5898,#5898,#5900,.T.);
#5898 = VERTEX_POINT('',#5899);
#5899 = CARTESIAN_POINT('',(177.138978,-70.47,1.51));
#5900 = CIRCLE('',#5901,0.85);
#5901 = AXIS2_PLACEMENT_3D('',#5902,#5903,#5904);
#5902 = CARTESIAN_POINT('',(177.138978,-69.62,1.51));
#5903 = DIRECTION('',(-0.,0.,-1.));
#5904 = DIRECTION('',(-0.,-1.,0.));
#5905 = FACE_BOUND('',#5906,.T.);
#5906 = EDGE_LOOP('',(#5907));
#5907 = ORIENTED_EDGE('',*,*,#5908,.T.);
#5908 = EDGE_CURVE('',#5909,#5909,#5911,.T.);
#5909 = VERTEX_POINT('',#5910);
#5910 = CARTESIAN_POINT('',(172.231339,-65.825,1.51));
#5911 = CIRCLE('',#5912,0.5);
#5912 = AXIS2_PLACEMENT_3D('',#5913,#5914,#5915);
#5913 = CARTESIAN_POINT('',(172.231339,-65.325,1.51));
#5914 = DIRECTION('',(-0.,0.,-1.));
#5915 = DIRECTION('',(-0.,-1.,0.));
#5916 = FACE_BOUND('',#5917,.T.);
#5917 = EDGE_LOOP('',(#5918));
#5918 = ORIENTED_EDGE('',*,*,#5919,.T.);
#5919 = EDGE_CURVE('',#5920,#5920,#5922,.T.);
#5920 = VERTEX_POINT('',#5921);
#5921 = CARTESIAN_POINT('',(179.588978,-66.07,1.51));
#5922 = CIRCLE('',#5923,0.6);
#5923 = AXIS2_PLACEMENT_3D('',#5924,#5925,#5926);
#5924 = CARTESIAN_POINT('',(179.588978,-65.47,1.51));
#5925 = DIRECTION('',(-0.,0.,-1.));
#5926 = DIRECTION('',(-0.,-1.,0.));
#5927 = FACE_BOUND('',#5928,.T.);
#5928 = EDGE_LOOP('',(#5929));
#5929 = ORIENTED_EDGE('',*,*,#5930,.T.);
#5930 = EDGE_CURVE('',#5931,#5931,#5933,.T.);
#5931 = VERTEX_POINT('',#5932);
#5932 = CARTESIAN_POINT('',(183.088978,-66.07,1.51));
#5933 = CIRCLE('',#5934,0.6);
#5934 = AXIS2_PLACEMENT_3D('',#5935,#5936,#5937);
#5935 = CARTESIAN_POINT('',(183.088978,-65.47,1.51));
#5936 = DIRECTION('',(-0.,0.,-1.));
#5937 = DIRECTION('',(-0.,-1.,0.));
#5938 = FACE_BOUND('',#5939,.T.);
#5939 = EDGE_LOOP('',(#5940));
#5940 = ORIENTED_EDGE('',*,*,#5941,.T.);
#5941 = EDGE_CURVE('',#5942,#5942,#5944,.T.);
#5942 = VERTEX_POINT('',#5943);
#5943 = CARTESIAN_POINT('',(205.579867,-88.20156,1.51));
#5944 = CIRCLE('',#5945,0.4);
#5945 = AXIS2_PLACEMENT_3D('',#5946,#5947,#5948);
#5946 = CARTESIAN_POINT('',(205.579867,-87.80156,1.51));
#5947 = DIRECTION('',(-0.,0.,-1.));
#5948 = DIRECTION('',(-0.,-1.,0.));
#5949 = FACE_BOUND('',#5950,.T.);
#5950 = EDGE_LOOP('',(#5951));
#5951 = ORIENTED_EDGE('',*,*,#5952,.T.);
#5952 = EDGE_CURVE('',#5953,#5953,#5955,.T.);
#5953 = VERTEX_POINT('',#5954);
#5954 = CARTESIAN_POINT('',(205.579867,-85.66156,1.51));
#5955 = CIRCLE('',#5956,0.4);
#5956 = AXIS2_PLACEMENT_3D('',#5957,#5958,#5959);
#5957 = CARTESIAN_POINT('',(205.579867,-85.26156,1.51));
#5958 = DIRECTION('',(-0.,0.,-1.));
#5959 = DIRECTION('',(-0.,-1.,0.));
#5960 = FACE_BOUND('',#5961,.T.);
#5961 = EDGE_LOOP('',(#5962));
#5962 = ORIENTED_EDGE('',*,*,#5963,.T.);
#5963 = EDGE_CURVE('',#5964,#5964,#5966,.T.);
#5964 = VERTEX_POINT('',#5965);
#5965 = CARTESIAN_POINT('',(205.579867,-83.12156,1.51));
#5966 = CIRCLE('',#5967,0.4);
#5967 = AXIS2_PLACEMENT_3D('',#5968,#5969,#5970);
#5968 = CARTESIAN_POINT('',(205.579867,-82.72156,1.51));
#5969 = DIRECTION('',(-0.,0.,-1.));
#5970 = DIRECTION('',(-0.,-1.,0.));
#5971 = FACE_BOUND('',#5972,.T.);
#5972 = EDGE_LOOP('',(#5973));
#5973 = ORIENTED_EDGE('',*,*,#5974,.T.);
#5974 = EDGE_CURVE('',#5975,#5975,#5977,.T.);
#5975 = VERTEX_POINT('',#5976);
#5976 = CARTESIAN_POINT('',(205.579867,-80.58156,1.51));
#5977 = CIRCLE('',#5978,0.4);
#5978 = AXIS2_PLACEMENT_3D('',#5979,#5980,#5981);
#5979 = CARTESIAN_POINT('',(205.579867,-80.18156,1.51));
#5980 = DIRECTION('',(-0.,0.,-1.));
#5981 = DIRECTION('',(-0.,-1.,0.));
#5982 = FACE_BOUND('',#5983,.T.);
#5983 = EDGE_LOOP('',(#5984));
#5984 = ORIENTED_EDGE('',*,*,#5985,.T.);
#5985 = EDGE_CURVE('',#5986,#5986,#5988,.T.);
#5986 = VERTEX_POINT('',#5987);
#5987 = CARTESIAN_POINT('',(205.579867,-78.04156,1.51));
#5988 = CIRCLE('',#5989,0.4);
#5989 = AXIS2_PLACEMENT_3D('',#5990,#5991,#5992);
#5990 = CARTESIAN_POINT('',(205.579867,-77.64156,1.51));
#5991 = DIRECTION('',(-0.,0.,-1.));
#5992 = DIRECTION('',(-0.,-1.,0.));
#5993 = FACE_BOUND('',#5994,.T.);
#5994 = EDGE_LOOP('',(#5995));
#5995 = ORIENTED_EDGE('',*,*,#5996,.T.);
#5996 = EDGE_CURVE('',#5997,#5997,#5999,.T.);
#5997 = VERTEX_POINT('',#5998);
#5998 = CARTESIAN_POINT('',(230.976187,-88.19884,1.51));
#5999 = CIRCLE('',#6000,0.4);
#6000 = AXIS2_PLACEMENT_3D('',#6001,#6002,#6003);
#6001 = CARTESIAN_POINT('',(230.976187,-87.79884,1.51));
#6002 = DIRECTION('',(-0.,0.,-1.));
#6003 = DIRECTION('',(7.105427357601E-14,-1.,-0.));
#6004 = FACE_BOUND('',#6005,.T.);
#6005 = EDGE_LOOP('',(#6006));
#6006 = ORIENTED_EDGE('',*,*,#6007,.T.);
#6007 = EDGE_CURVE('',#6008,#6008,#6010,.T.);
#6008 = VERTEX_POINT('',#6009);
#6009 = CARTESIAN_POINT('',(230.979867,-85.66156,1.51));
#6010 = CIRCLE('',#6011,0.4);
#6011 = AXIS2_PLACEMENT_3D('',#6012,#6013,#6014);
#6012 = CARTESIAN_POINT('',(230.979867,-85.26156,1.51));
#6013 = DIRECTION('',(-0.,0.,-1.));
#6014 = DIRECTION('',(-0.,-1.,0.));
#6015 = FACE_BOUND('',#6016,.T.);
#6016 = EDGE_LOOP('',(#6017));
#6017 = ORIENTED_EDGE('',*,*,#6018,.T.);
#6018 = EDGE_CURVE('',#6019,#6019,#6021,.T.);
#6019 = VERTEX_POINT('',#6020);
#6020 = CARTESIAN_POINT('',(230.979867,-83.12156,1.51));
#6021 = CIRCLE('',#6022,0.4);
#6022 = AXIS2_PLACEMENT_3D('',#6023,#6024,#6025);
#6023 = CARTESIAN_POINT('',(230.979867,-82.72156,1.51));
#6024 = DIRECTION('',(-0.,0.,-1.));
#6025 = DIRECTION('',(-0.,-1.,0.));
#6026 = FACE_BOUND('',#6027,.T.);
#6027 = EDGE_LOOP('',(#6028));
#6028 = ORIENTED_EDGE('',*,*,#6029,.T.);
#6029 = EDGE_CURVE('',#6030,#6030,#6032,.T.);
#6030 = VERTEX_POINT('',#6031);
#6031 = CARTESIAN_POINT('',(230.979867,-80.58156,1.51));
#6032 = CIRCLE('',#6033,0.4);
#6033 = AXIS2_PLACEMENT_3D('',#6034,#6035,#6036);
#6034 = CARTESIAN_POINT('',(230.979867,-80.18156,1.51));
#6035 = DIRECTION('',(-0.,0.,-1.));
#6036 = DIRECTION('',(-0.,-1.,0.));
#6037 = FACE_BOUND('',#6038,.T.);
#6038 = EDGE_LOOP('',(#6039));
#6039 = ORIENTED_EDGE('',*,*,#6040,.T.);
#6040 = EDGE_CURVE('',#6041,#6041,#6043,.T.);
#6041 = VERTEX_POINT('',#6042);
#6042 = CARTESIAN_POINT('',(230.979867,-78.04156,1.51));
#6043 = CIRCLE('',#6044,0.4);
#6044 = AXIS2_PLACEMENT_3D('',#6045,#6046,#6047);
#6045 = CARTESIAN_POINT('',(230.979867,-77.64156,1.51));
#6046 = DIRECTION('',(-0.,0.,-1.));
#6047 = DIRECTION('',(-0.,-1.,0.));
#6048 = FACE_BOUND('',#6049,.T.);
#6049 = EDGE_LOOP('',(#6050));
#6050 = ORIENTED_EDGE('',*,*,#6051,.T.);
#6051 = EDGE_CURVE('',#6052,#6052,#6054,.T.);
#6052 = VERTEX_POINT('',#6053);
#6053 = CARTESIAN_POINT('',(205.579867,-75.50156,1.51));
#6054 = CIRCLE('',#6055,0.4);
#6055 = AXIS2_PLACEMENT_3D('',#6056,#6057,#6058);
#6056 = CARTESIAN_POINT('',(205.579867,-75.10156,1.51));
#6057 = DIRECTION('',(-0.,0.,-1.));
#6058 = DIRECTION('',(-0.,-1.,0.));
#6059 = FACE_BOUND('',#6060,.T.);
#6060 = EDGE_LOOP('',(#6061));
#6061 = ORIENTED_EDGE('',*,*,#6062,.T.);
#6062 = EDGE_CURVE('',#6063,#6063,#6065,.T.);
#6063 = VERTEX_POINT('',#6064);
#6064 = CARTESIAN_POINT('',(205.579867,-72.96156,1.51));
#6065 = CIRCLE('',#6066,0.4);
#6066 = AXIS2_PLACEMENT_3D('',#6067,#6068,#6069);
#6067 = CARTESIAN_POINT('',(205.579867,-72.56156,1.51));
#6068 = DIRECTION('',(-0.,0.,-1.));
#6069 = DIRECTION('',(-0.,-1.,0.));
#6070 = FACE_BOUND('',#6071,.T.);
#6071 = EDGE_LOOP('',(#6072));
#6072 = ORIENTED_EDGE('',*,*,#6073,.T.);
#6073 = EDGE_CURVE('',#6074,#6074,#6076,.T.);
#6074 = VERTEX_POINT('',#6075);
#6075 = CARTESIAN_POINT('',(191.724867,-65.825,1.51));
#6076 = CIRCLE('',#6077,0.5);
#6077 = AXIS2_PLACEMENT_3D('',#6078,#6079,#6080);
#6078 = CARTESIAN_POINT('',(191.724867,-65.325,1.51));
#6079 = DIRECTION('',(-0.,0.,-1.));
#6080 = DIRECTION('',(-0.,-1.,0.));
#6081 = FACE_BOUND('',#6082,.T.);
#6082 = EDGE_LOOP('',(#6083));
#6083 = ORIENTED_EDGE('',*,*,#6084,.T.);
#6084 = EDGE_CURVE('',#6085,#6085,#6087,.T.);
#6085 = VERTEX_POINT('',#6086);
#6086 = CARTESIAN_POINT('',(194.264867,-65.825,1.51));
#6087 = CIRCLE('',#6088,0.5);
#6088 = AXIS2_PLACEMENT_3D('',#6089,#6090,#6091);
#6089 = CARTESIAN_POINT('',(194.264867,-65.325,1.51));
#6090 = DIRECTION('',(-0.,0.,-1.));
#6091 = DIRECTION('',(-0.,-1.,0.));
#6092 = FACE_BOUND('',#6093,.T.);
#6093 = EDGE_LOOP('',(#6094));
#6094 = ORIENTED_EDGE('',*,*,#6095,.T.);
#6095 = EDGE_CURVE('',#6096,#6096,#6098,.T.);
#6096 = VERTEX_POINT('',#6097);
#6097 = CARTESIAN_POINT('',(196.804867,-65.825,1.51));
#6098 = CIRCLE('',#6099,0.5);
#6099 = AXIS2_PLACEMENT_3D('',#6100,#6101,#6102);
#6100 = CARTESIAN_POINT('',(196.804867,-65.325,1.51));
#6101 = DIRECTION('',(-0.,0.,-1.));
#6102 = DIRECTION('',(-0.,-1.,0.));
#6103 = FACE_BOUND('',#6104,.T.);
#6104 = EDGE_LOOP('',(#6105));
#6105 = ORIENTED_EDGE('',*,*,#6106,.T.);
#6106 = EDGE_CURVE('',#6107,#6107,#6109,.T.);
#6107 = VERTEX_POINT('',#6108);
#6108 = CARTESIAN_POINT('',(199.344867,-65.825,1.51));
#6109 = CIRCLE('',#6110,0.5);
#6110 = AXIS2_PLACEMENT_3D('',#6111,#6112,#6113);
#6111 = CARTESIAN_POINT('',(199.344867,-65.325,1.51));
#6112 = DIRECTION('',(-0.,0.,-1.));
#6113 = DIRECTION('',(-0.,-1.,0.));
#6114 = FACE_BOUND('',#6115,.T.);
#6115 = EDGE_LOOP('',(#6116));
#6116 = ORIENTED_EDGE('',*,*,#6117,.T.);
#6117 = EDGE_CURVE('',#6118,#6118,#6120,.T.);
#6118 = VERTEX_POINT('',#6119);
#6119 = CARTESIAN_POINT('',(205.579867,-70.42156,1.51));
#6120 = CIRCLE('',#6121,0.4);
#6121 = AXIS2_PLACEMENT_3D('',#6122,#6123,#6124);
#6122 = CARTESIAN_POINT('',(205.579867,-70.02156,1.51));
#6123 = DIRECTION('',(-0.,0.,-1.));
#6124 = DIRECTION('',(-0.,-1.,0.));
#6125 = FACE_BOUND('',#6126,.T.);
#6126 = EDGE_LOOP('',(#6127));
#6127 = ORIENTED_EDGE('',*,*,#6128,.T.);
#6128 = EDGE_CURVE('',#6129,#6129,#6131,.T.);
#6129 = VERTEX_POINT('',#6130);
#6130 = CARTESIAN_POINT('',(205.579867,-67.88156,1.51));
#6131 = CIRCLE('',#6132,0.4);
#6132 = AXIS2_PLACEMENT_3D('',#6133,#6134,#6135);
#6133 = CARTESIAN_POINT('',(205.579867,-67.48156,1.51));
#6134 = DIRECTION('',(-0.,0.,-1.));
#6135 = DIRECTION('',(-0.,-1.,0.));
#6136 = FACE_BOUND('',#6137,.T.);
#6137 = EDGE_LOOP('',(#6138));
#6138 = ORIENTED_EDGE('',*,*,#6139,.T.);
#6139 = EDGE_CURVE('',#6140,#6140,#6142,.T.);
#6140 = VERTEX_POINT('',#6141);
#6141 = CARTESIAN_POINT('',(205.579867,-65.34156,1.51));
#6142 = CIRCLE('',#6143,0.4);
#6143 = AXIS2_PLACEMENT_3D('',#6144,#6145,#6146);
#6144 = CARTESIAN_POINT('',(205.579867,-64.94156,1.51));
#6145 = DIRECTION('',(-0.,0.,-1.));
#6146 = DIRECTION('',(-0.,-1.,0.));
#6147 = FACE_BOUND('',#6148,.T.);
#6148 = EDGE_LOOP('',(#6149));
#6149 = ORIENTED_EDGE('',*,*,#6150,.T.);
#6150 = EDGE_CURVE('',#6151,#6151,#6153,.T.);
#6151 = VERTEX_POINT('',#6152);
#6152 = CARTESIAN_POINT('',(230.979867,-75.50156,1.51));
#6153 = CIRCLE('',#6154,0.4);
#6154 = AXIS2_PLACEMENT_3D('',#6155,#6156,#6157);
#6155 = CARTESIAN_POINT('',(230.979867,-75.10156,1.51));
#6156 = DIRECTION('',(-0.,0.,-1.));
#6157 = DIRECTION('',(-0.,-1.,0.));
#6158 = FACE_BOUND('',#6159,.T.);
#6159 = EDGE_LOOP('',(#6160));
#6160 = ORIENTED_EDGE('',*,*,#6161,.T.);
#6161 = EDGE_CURVE('',#6162,#6162,#6164,.T.);
#6162 = VERTEX_POINT('',#6163);
#6163 = CARTESIAN_POINT('',(230.979867,-72.96156,1.51));
#6164 = CIRCLE('',#6165,0.4);
#6165 = AXIS2_PLACEMENT_3D('',#6166,#6167,#6168);
#6166 = CARTESIAN_POINT('',(230.979867,-72.56156,1.51));
#6167 = DIRECTION('',(-0.,0.,-1.));
#6168 = DIRECTION('',(-0.,-1.,0.));
#6169 = FACE_BOUND('',#6170,.T.);
#6170 = EDGE_LOOP('',(#6171));
#6171 = ORIENTED_EDGE('',*,*,#6172,.T.);
#6172 = EDGE_CURVE('',#6173,#6173,#6175,.T.);
#6173 = VERTEX_POINT('',#6174);
#6174 = CARTESIAN_POINT('',(230.979867,-70.42156,1.51));
#6175 = CIRCLE('',#6176,0.4);
#6176 = AXIS2_PLACEMENT_3D('',#6177,#6178,#6179);
#6177 = CARTESIAN_POINT('',(230.979867,-70.02156,1.51));
#6178 = DIRECTION('',(-0.,0.,-1.));
#6179 = DIRECTION('',(-0.,-1.,0.));
#6180 = FACE_BOUND('',#6181,.T.);
#6181 = EDGE_LOOP('',(#6182));
#6182 = ORIENTED_EDGE('',*,*,#6183,.T.);
#6183 = EDGE_CURVE('',#6184,#6184,#6186,.T.);
#6184 = VERTEX_POINT('',#6185);
#6185 = CARTESIAN_POINT('',(230.979867,-67.88156,1.51));
#6186 = CIRCLE('',#6187,0.4);
#6187 = AXIS2_PLACEMENT_3D('',#6188,#6189,#6190);
#6188 = CARTESIAN_POINT('',(230.979867,-67.48156,1.51));
#6189 = DIRECTION('',(-0.,0.,-1.));
#6190 = DIRECTION('',(-0.,-1.,0.));
#6191 = FACE_BOUND('',#6192,.T.);
#6192 = EDGE_LOOP('',(#6193));
#6193 = ORIENTED_EDGE('',*,*,#6194,.T.);
#6194 = EDGE_CURVE('',#6195,#6195,#6197,.T.);
#6195 = VERTEX_POINT('',#6196);
#6196 = CARTESIAN_POINT('',(230.979867,-65.34156,1.51));
#6197 = CIRCLE('',#6198,0.4);
#6198 = AXIS2_PLACEMENT_3D('',#6199,#6200,#6201);
#6199 = CARTESIAN_POINT('',(230.979867,-64.94156,1.51));
#6200 = DIRECTION('',(-0.,0.,-1.));
#6201 = DIRECTION('',(-0.,-1.,0.));
#6202 = FACE_BOUND('',#6203,.T.);
#6203 = EDGE_LOOP('',(#6204));
#6204 = ORIENTED_EDGE('',*,*,#6205,.T.);
#6205 = EDGE_CURVE('',#6206,#6206,#6208,.T.);
#6206 = VERTEX_POINT('',#6207);
#6207 = CARTESIAN_POINT('',(155.75045,-59.16,1.51));
#6208 = CIRCLE('',#6209,0.4);
#6209 = AXIS2_PLACEMENT_3D('',#6210,#6211,#6212);
#6210 = CARTESIAN_POINT('',(155.75045,-58.76,1.51));
#6211 = DIRECTION('',(-0.,0.,-1.));
#6212 = DIRECTION('',(-0.,-1.,0.));
#6213 = FACE_BOUND('',#6214,.T.);
#6214 = EDGE_LOOP('',(#6215));
#6215 = ORIENTED_EDGE('',*,*,#6216,.T.);
#6216 = EDGE_CURVE('',#6217,#6217,#6219,.T.);
#6217 = VERTEX_POINT('',#6218);
#6218 = CARTESIAN_POINT('',(158.25045,-59.16,1.51));
#6219 = CIRCLE('',#6220,0.4);
#6220 = AXIS2_PLACEMENT_3D('',#6221,#6222,#6223);
#6221 = CARTESIAN_POINT('',(158.25045,-58.76,1.51));
#6222 = DIRECTION('',(-0.,0.,-1.));
#6223 = DIRECTION('',(-0.,-1.,0.));
#6224 = FACE_BOUND('',#6225,.T.);
#6225 = EDGE_LOOP('',(#6226));
#6226 = ORIENTED_EDGE('',*,*,#6227,.T.);
#6227 = EDGE_CURVE('',#6228,#6228,#6230,.T.);
#6228 = VERTEX_POINT('',#6229);
#6229 = CARTESIAN_POINT('',(163.696339,-59.5,1.51));
#6230 = CIRCLE('',#6231,0.4);
#6231 = AXIS2_PLACEMENT_3D('',#6232,#6233,#6234);
#6232 = CARTESIAN_POINT('',(163.696339,-59.1,1.51));
#6233 = DIRECTION('',(-0.,0.,-1.));
#6234 = DIRECTION('',(-0.,-1.,0.));
#6235 = FACE_BOUND('',#6236,.T.);
#6236 = EDGE_LOOP('',(#6237));
#6237 = ORIENTED_EDGE('',*,*,#6238,.T.);
#6238 = EDGE_CURVE('',#6239,#6239,#6241,.T.);
#6239 = VERTEX_POINT('',#6240);
#6240 = CARTESIAN_POINT('',(166.196339,-59.5,1.51));
#6241 = CIRCLE('',#6242,0.4);
#6242 = AXIS2_PLACEMENT_3D('',#6243,#6244,#6245);
#6243 = CARTESIAN_POINT('',(166.196339,-59.1,1.51));
#6244 = DIRECTION('',(-0.,0.,-1.));
#6245 = DIRECTION('',(-0.,-1.,0.));
#6246 = FACE_BOUND('',#6247,.T.);
#6247 = EDGE_LOOP('',(#6248));
#6248 = ORIENTED_EDGE('',*,*,#6249,.T.);
#6249 = EDGE_CURVE('',#6250,#6250,#6252,.T.);
#6250 = VERTEX_POINT('',#6251);
#6251 = CARTESIAN_POINT('',(182.863978,-59.86,1.51));
#6252 = CIRCLE('',#6253,0.4);
#6253 = AXIS2_PLACEMENT_3D('',#6254,#6255,#6256);
#6254 = CARTESIAN_POINT('',(182.863978,-59.46,1.51));
#6255 = DIRECTION('',(-0.,0.,-1.));
#6256 = DIRECTION('',(-0.,-1.,0.));
#6257 = FACE_BOUND('',#6258,.T.);
#6258 = EDGE_LOOP('',(#6259));
#6259 = ORIENTED_EDGE('',*,*,#6260,.T.);
#6260 = EDGE_CURVE('',#6261,#6261,#6263,.T.);
#6261 = VERTEX_POINT('',#6262);
#6262 = CARTESIAN_POINT('',(185.363978,-59.86,1.51));
#6263 = CIRCLE('',#6264,0.4);
#6264 = AXIS2_PLACEMENT_3D('',#6265,#6266,#6267);
#6265 = CARTESIAN_POINT('',(185.363978,-59.46,1.51));
#6266 = DIRECTION('',(-0.,0.,-1.));
#6267 = DIRECTION('',(-0.,-1.,0.));
#6268 = FACE_BOUND('',#6269,.T.);
#6269 = EDGE_LOOP('',(#6270,#6281,#6289,#6298));
#6270 = ORIENTED_EDGE('',*,*,#6271,.T.);
#6271 = EDGE_CURVE('',#6272,#6274,#6276,.T.);
#6272 = VERTEX_POINT('',#6273);
#6273 = CARTESIAN_POINT('',(157.849867,-49.73,1.51));
#6274 = VERTEX_POINT('',#6275);
#6275 = CARTESIAN_POINT('',(157.849867,-51.23,1.51));
#6276 = CIRCLE('',#6277,0.75);
#6277 = AXIS2_PLACEMENT_3D('',#6278,#6279,#6280);
#6278 = CARTESIAN_POINT('',(157.849867,-50.48,1.51));
#6279 = DIRECTION('',(-0.,0.,-1.));
#6280 = DIRECTION('',(-0.,-1.,0.));
#6281 = ORIENTED_EDGE('',*,*,#6282,.T.);
#6282 = EDGE_CURVE('',#6274,#6283,#6285,.T.);
#6283 = VERTEX_POINT('',#6284);
#6284 = CARTESIAN_POINT('',(156.549867,-51.23,1.51));
#6285 = LINE('',#6286,#6287);
#6286 = CARTESIAN_POINT('',(78.2749335,-51.23,1.51));
#6287 = VECTOR('',#6288,1.);
#6288 = DIRECTION('',(-1.,0.,0.));
#6289 = ORIENTED_EDGE('',*,*,#6290,.T.);
#6290 = EDGE_CURVE('',#6283,#6291,#6293,.T.);
#6291 = VERTEX_POINT('',#6292);
#6292 = CARTESIAN_POINT('',(156.549867,-49.73,1.51));
#6293 = CIRCLE('',#6294,0.75);
#6294 = AXIS2_PLACEMENT_3D('',#6295,#6296,#6297);
#6295 = CARTESIAN_POINT('',(156.549867,-50.48,1.51));
#6296 = DIRECTION('',(-0.,0.,-1.));
#6297 = DIRECTION('',(0.,1.,0.));
#6298 = ORIENTED_EDGE('',*,*,#6299,.T.);
#6299 = EDGE_CURVE('',#6291,#6272,#6300,.T.);
#6300 = LINE('',#6301,#6302);
#6301 = CARTESIAN_POINT('',(78.9249335,-49.73,1.51));
#6302 = VECTOR('',#6303,1.);
#6303 = DIRECTION('',(1.,0.,-0.));
#6304 = FACE_BOUND('',#6305,.T.);
#6305 = EDGE_LOOP('',(#6306));
#6306 = ORIENTED_EDGE('',*,*,#6307,.T.);
#6307 = EDGE_CURVE('',#6308,#6308,#6310,.T.);
#6308 = VERTEX_POINT('',#6309);
#6309 = CARTESIAN_POINT('',(149.699867,-47.88,1.51));
#6310 = CIRCLE('',#6311,0.5);
#6311 = AXIS2_PLACEMENT_3D('',#6312,#6313,#6314);
#6312 = CARTESIAN_POINT('',(149.699867,-47.38,1.51));
#6313 = DIRECTION('',(-0.,0.,-1.));
#6314 = DIRECTION('',(-0.,-1.,0.));
#6315 = FACE_BOUND('',#6316,.T.);
#6316 = EDGE_LOOP('',(#6317));
#6317 = ORIENTED_EDGE('',*,*,#6318,.T.);
#6318 = EDGE_CURVE('',#6319,#6319,#6321,.T.);
#6319 = VERTEX_POINT('',#6320);
#6320 = CARTESIAN_POINT('',(149.699867,-45.38,1.51));
#6321 = CIRCLE('',#6322,0.5);
#6322 = AXIS2_PLACEMENT_3D('',#6323,#6324,#6325);
#6323 = CARTESIAN_POINT('',(149.699867,-44.88,1.51));
#6324 = DIRECTION('',(-0.,0.,-1.));
#6325 = DIRECTION('',(-0.,-1.,0.));
#6326 = FACE_BOUND('',#6327,.T.);
#6327 = EDGE_LOOP('',(#6328));
#6328 = ORIENTED_EDGE('',*,*,#6329,.T.);
#6329 = EDGE_CURVE('',#6330,#6330,#6332,.T.);
#6330 = VERTEX_POINT('',#6331);
#6331 = CARTESIAN_POINT('',(164.199867,-47.88,1.51));
#6332 = CIRCLE('',#6333,0.5);
#6333 = AXIS2_PLACEMENT_3D('',#6334,#6335,#6336);
#6334 = CARTESIAN_POINT('',(164.199867,-47.38,1.51));
#6335 = DIRECTION('',(-0.,0.,-1.));
#6336 = DIRECTION('',(-0.,-1.,0.));
#6337 = FACE_BOUND('',#6338,.T.);
#6338 = EDGE_LOOP('',(#6339));
#6339 = ORIENTED_EDGE('',*,*,#6340,.T.);
#6340 = EDGE_CURVE('',#6341,#6341,#6343,.T.);
#6341 = VERTEX_POINT('',#6342);
#6342 = CARTESIAN_POINT('',(149.699867,-42.88,1.51));
#6343 = CIRCLE('',#6344,0.5);
#6344 = AXIS2_PLACEMENT_3D('',#6345,#6346,#6347);
#6345 = CARTESIAN_POINT('',(149.699867,-42.38,1.51));
#6346 = DIRECTION('',(-0.,0.,-1.));
#6347 = DIRECTION('',(-0.,-1.,0.));
#6348 = FACE_BOUND('',#6349,.T.);
#6349 = EDGE_LOOP('',(#6350,#6361,#6369,#6378));
#6350 = ORIENTED_EDGE('',*,*,#6351,.T.);
#6351 = EDGE_CURVE('',#6352,#6354,#6356,.T.);
#6352 = VERTEX_POINT('',#6353);
#6353 = CARTESIAN_POINT('',(157.849867,-38.53,1.51));
#6354 = VERTEX_POINT('',#6355);
#6355 = CARTESIAN_POINT('',(157.849867,-40.03,1.51));
#6356 = CIRCLE('',#6357,0.75);
#6357 = AXIS2_PLACEMENT_3D('',#6358,#6359,#6360);
#6358 = CARTESIAN_POINT('',(157.849867,-39.28,1.51));
#6359 = DIRECTION('',(-0.,0.,-1.));
#6360 = DIRECTION('',(-0.,-1.,0.));
#6361 = ORIENTED_EDGE('',*,*,#6362,.T.);
#6362 = EDGE_CURVE('',#6354,#6363,#6365,.T.);
#6363 = VERTEX_POINT('',#6364);
#6364 = CARTESIAN_POINT('',(156.549867,-40.03,1.51));
#6365 = LINE('',#6366,#6367);
#6366 = CARTESIAN_POINT('',(78.2749335,-40.03,1.51));
#6367 = VECTOR('',#6368,1.);
#6368 = DIRECTION('',(-1.,0.,0.));
#6369 = ORIENTED_EDGE('',*,*,#6370,.T.);
#6370 = EDGE_CURVE('',#6363,#6371,#6373,.T.);
#6371 = VERTEX_POINT('',#6372);
#6372 = CARTESIAN_POINT('',(156.549867,-38.53,1.51));
#6373 = CIRCLE('',#6374,0.75);
#6374 = AXIS2_PLACEMENT_3D('',#6375,#6376,#6377);
#6375 = CARTESIAN_POINT('',(156.549867,-39.28,1.51));
#6376 = DIRECTION('',(-0.,0.,-1.));
#6377 = DIRECTION('',(0.,1.,0.));
#6378 = ORIENTED_EDGE('',*,*,#6379,.T.);
#6379 = EDGE_CURVE('',#6371,#6352,#6380,.T.);
#6380 = LINE('',#6381,#6382);
#6381 = CARTESIAN_POINT('',(78.9249335,-38.53,1.51));
#6382 = VECTOR('',#6383,1.);
#6383 = DIRECTION('',(1.,0.,-0.));
#6384 = FACE_BOUND('',#6385,.T.);
#6385 = EDGE_LOOP('',(#6386));
#6386 = ORIENTED_EDGE('',*,*,#6387,.T.);
#6387 = EDGE_CURVE('',#6388,#6388,#6390,.T.);
#6388 = VERTEX_POINT('',#6389);
#6389 = CARTESIAN_POINT('',(164.199867,-42.88,1.51));
#6390 = CIRCLE('',#6391,0.5);
#6391 = AXIS2_PLACEMENT_3D('',#6392,#6393,#6394);
#6392 = CARTESIAN_POINT('',(164.199867,-42.38,1.51));
#6393 = DIRECTION('',(-0.,0.,-1.));
#6394 = DIRECTION('',(-0.,-1.,0.));
#6395 = FACE_BOUND('',#6396,.T.);
#6396 = EDGE_LOOP('',(#6397));
#6397 = ORIENTED_EDGE('',*,*,#6398,.T.);
#6398 = EDGE_CURVE('',#6399,#6399,#6401,.T.);
#6399 = VERTEX_POINT('',#6400);
#6400 = CARTESIAN_POINT('',(170.654867,-47.145,1.51));
#6401 = CIRCLE('',#6402,0.4);
#6402 = AXIS2_PLACEMENT_3D('',#6403,#6404,#6405);
#6403 = CARTESIAN_POINT('',(170.654867,-46.745,1.51));
#6404 = DIRECTION('',(-0.,0.,-1.));
#6405 = DIRECTION('',(-0.,-1.,0.));
#6406 = FACE_BOUND('',#6407,.T.);
#6407 = EDGE_LOOP('',(#6408));
#6408 = ORIENTED_EDGE('',*,*,#6409,.T.);
#6409 = EDGE_CURVE('',#6410,#6410,#6412,.T.);
#6410 = VERTEX_POINT('',#6411);
#6411 = CARTESIAN_POINT('',(180.814867,-47.145,1.51));
#6412 = CIRCLE('',#6413,0.4);
#6413 = AXIS2_PLACEMENT_3D('',#6414,#6415,#6416);
#6414 = CARTESIAN_POINT('',(180.814867,-46.745,1.51));
#6415 = DIRECTION('',(-0.,0.,-1.));
#6416 = DIRECTION('',(-0.,-1.,0.));
#6417 = FACE_BOUND('',#6418,.T.);
#6418 = EDGE_LOOP('',(#6419));
#6419 = ORIENTED_EDGE('',*,*,#6420,.T.);
#6420 = EDGE_CURVE('',#6421,#6421,#6423,.T.);
#6421 = VERTEX_POINT('',#6422);
#6422 = CARTESIAN_POINT('',(171.289867,-39.525,1.51));
#6423 = CIRCLE('',#6424,0.4);
#6424 = AXIS2_PLACEMENT_3D('',#6425,#6426,#6427);
#6425 = CARTESIAN_POINT('',(171.289867,-39.125,1.51));
#6426 = DIRECTION('',(-0.,0.,-1.));
#6427 = DIRECTION('',(-7.105427357601E-14,-1.,0.));
#6428 = FACE_BOUND('',#6429,.T.);
#6429 = EDGE_LOOP('',(#6430));
#6430 = ORIENTED_EDGE('',*,*,#6431,.T.);
#6431 = EDGE_CURVE('',#6432,#6432,#6434,.T.);
#6432 = VERTEX_POINT('',#6433);
#6433 = CARTESIAN_POINT('',(181.449867,-39.525,1.51));
#6434 = CIRCLE('',#6435,0.4);
#6435 = AXIS2_PLACEMENT_3D('',#6436,#6437,#6438);
#6436 = CARTESIAN_POINT('',(181.449867,-39.125,1.51));
#6437 = DIRECTION('',(-0.,0.,-1.));
#6438 = DIRECTION('',(7.105427357601E-14,-1.,-0.));
#6439 = FACE_BOUND('',#6440,.T.);
#6440 = EDGE_LOOP('',(#6441));
#6441 = ORIENTED_EDGE('',*,*,#6442,.T.);
#6442 = EDGE_CURVE('',#6443,#6443,#6445,.T.);
#6443 = VERTEX_POINT('',#6444);
#6444 = CARTESIAN_POINT('',(187.164867,-41.43,1.51));
#6445 = CIRCLE('',#6446,0.4);
#6446 = AXIS2_PLACEMENT_3D('',#6447,#6448,#6449);
#6447 = CARTESIAN_POINT('',(187.164867,-41.03,1.51));
#6448 = DIRECTION('',(-0.,0.,-1.));
#6449 = DIRECTION('',(-7.105427357601E-14,-1.,0.));
#6450 = FACE_BOUND('',#6451,.T.);
#6451 = EDGE_LOOP('',(#6452));
#6452 = ORIENTED_EDGE('',*,*,#6453,.T.);
#6453 = EDGE_CURVE('',#6454,#6454,#6456,.T.);
#6454 = VERTEX_POINT('',#6455);
#6455 = CARTESIAN_POINT('',(189.664867,-41.43,1.51));
#6456 = CIRCLE('',#6457,0.4);
#6457 = AXIS2_PLACEMENT_3D('',#6458,#6459,#6460);
#6458 = CARTESIAN_POINT('',(189.664867,-41.03,1.51));
#6459 = DIRECTION('',(-0.,0.,-1.));
#6460 = DIRECTION('',(-7.105427357601E-14,-1.,0.));
#6461 = FACE_BOUND('',#6462,.T.);
#6462 = EDGE_LOOP('',(#6463));
#6463 = ORIENTED_EDGE('',*,*,#6464,.T.);
#6464 = EDGE_CURVE('',#6465,#6465,#6467,.T.);
#6465 = VERTEX_POINT('',#6466);
#6466 = CARTESIAN_POINT('',(190.809867,-59.5,1.51));
#6467 = CIRCLE('',#6468,0.4);
#6468 = AXIS2_PLACEMENT_3D('',#6469,#6470,#6471);
#6469 = CARTESIAN_POINT('',(190.809867,-59.1,1.51));
#6470 = DIRECTION('',(-0.,0.,-1.));
#6471 = DIRECTION('',(-0.,-1.,0.));
#6472 = FACE_BOUND('',#6473,.T.);
#6473 = EDGE_LOOP('',(#6474));
#6474 = ORIENTED_EDGE('',*,*,#6475,.T.);
#6475 = EDGE_CURVE('',#6476,#6476,#6478,.T.);
#6476 = VERTEX_POINT('',#6477);
#6477 = CARTESIAN_POINT('',(193.309867,-59.5,1.51));
#6478 = CIRCLE('',#6479,0.4);
#6479 = AXIS2_PLACEMENT_3D('',#6480,#6481,#6482);
#6480 = CARTESIAN_POINT('',(193.309867,-59.1,1.51));
#6481 = DIRECTION('',(-0.,0.,-1.));
#6482 = DIRECTION('',(-0.,-1.,0.));
#6483 = FACE_BOUND('',#6484,.T.);
#6484 = EDGE_LOOP('',(#6485));
#6485 = ORIENTED_EDGE('',*,*,#6486,.T.);
#6486 = EDGE_CURVE('',#6487,#6487,#6489,.T.);
#6487 = VERTEX_POINT('',#6488);
#6488 = CARTESIAN_POINT('',(205.579867,-62.80156,1.51));
#6489 = CIRCLE('',#6490,0.4);
#6490 = AXIS2_PLACEMENT_3D('',#6491,#6492,#6493);
#6491 = CARTESIAN_POINT('',(205.579867,-62.40156,1.51));
#6492 = DIRECTION('',(-0.,0.,-1.));
#6493 = DIRECTION('',(-0.,-1.,0.));
#6494 = FACE_BOUND('',#6495,.T.);
#6495 = EDGE_LOOP('',(#6496));
#6496 = ORIENTED_EDGE('',*,*,#6497,.T.);
#6497 = EDGE_CURVE('',#6498,#6498,#6500,.T.);
#6498 = VERTEX_POINT('',#6499);
#6499 = CARTESIAN_POINT('',(205.579867,-60.26156,1.51));
#6500 = CIRCLE('',#6501,0.4);
#6501 = AXIS2_PLACEMENT_3D('',#6502,#6503,#6504);
#6502 = CARTESIAN_POINT('',(205.579867,-59.86156,1.51));
#6503 = DIRECTION('',(-0.,0.,-1.));
#6504 = DIRECTION('',(-0.,-1.,0.));
#6505 = FACE_BOUND('',#6506,.T.);
#6506 = EDGE_LOOP('',(#6507));
#6507 = ORIENTED_EDGE('',*,*,#6508,.T.);
#6508 = EDGE_CURVE('',#6509,#6509,#6511,.T.);
#6509 = VERTEX_POINT('',#6510);
#6510 = CARTESIAN_POINT('',(205.579867,-57.72156,1.51));
#6511 = CIRCLE('',#6512,0.4);
#6512 = AXIS2_PLACEMENT_3D('',#6513,#6514,#6515);
#6513 = CARTESIAN_POINT('',(205.579867,-57.32156,1.51));
#6514 = DIRECTION('',(-0.,0.,-1.));
#6515 = DIRECTION('',(-0.,-1.,0.));
#6516 = FACE_BOUND('',#6517,.T.);
#6517 = EDGE_LOOP('',(#6518));
#6518 = ORIENTED_EDGE('',*,*,#6519,.T.);
#6519 = EDGE_CURVE('',#6520,#6520,#6522,.T.);
#6520 = VERTEX_POINT('',#6521);
#6521 = CARTESIAN_POINT('',(205.579867,-55.18156,1.51));
#6522 = CIRCLE('',#6523,0.4);
#6523 = AXIS2_PLACEMENT_3D('',#6524,#6525,#6526);
#6524 = CARTESIAN_POINT('',(205.579867,-54.78156,1.51));
#6525 = DIRECTION('',(-0.,0.,-1.));
#6526 = DIRECTION('',(-0.,-1.,0.));
#6527 = FACE_BOUND('',#6528,.T.);
#6528 = EDGE_LOOP('',(#6529));
#6529 = ORIENTED_EDGE('',*,*,#6530,.T.);
#6530 = EDGE_CURVE('',#6531,#6531,#6533,.T.);
#6531 = VERTEX_POINT('',#6532);
#6532 = CARTESIAN_POINT('',(205.579867,-52.64156,1.51));
#6533 = CIRCLE('',#6534,0.4);
#6534 = AXIS2_PLACEMENT_3D('',#6535,#6536,#6537);
#6535 = CARTESIAN_POINT('',(205.579867,-52.24156,1.51));
#6536 = DIRECTION('',(-0.,0.,-1.));
#6537 = DIRECTION('',(-0.,-1.,0.));
#6538 = FACE_BOUND('',#6539,.T.);
#6539 = EDGE_LOOP('',(#6540));
#6540 = ORIENTED_EDGE('',*,*,#6541,.T.);
#6541 = EDGE_CURVE('',#6542,#6542,#6544,.T.);
#6542 = VERTEX_POINT('',#6543);
#6543 = CARTESIAN_POINT('',(230.979867,-62.80156,1.51));
#6544 = CIRCLE('',#6545,0.4);
#6545 = AXIS2_PLACEMENT_3D('',#6546,#6547,#6548);
#6546 = CARTESIAN_POINT('',(230.979867,-62.40156,1.51));
#6547 = DIRECTION('',(-0.,0.,-1.));
#6548 = DIRECTION('',(-0.,-1.,0.));
#6549 = FACE_BOUND('',#6550,.T.);
#6550 = EDGE_LOOP('',(#6551));
#6551 = ORIENTED_EDGE('',*,*,#6552,.T.);
#6552 = EDGE_CURVE('',#6553,#6553,#6555,.T.);
#6553 = VERTEX_POINT('',#6554);
#6554 = CARTESIAN_POINT('',(230.979867,-60.26156,1.51));
#6555 = CIRCLE('',#6556,0.4);
#6556 = AXIS2_PLACEMENT_3D('',#6557,#6558,#6559);
#6557 = CARTESIAN_POINT('',(230.979867,-59.86156,1.51));
#6558 = DIRECTION('',(-0.,0.,-1.));
#6559 = DIRECTION('',(-0.,-1.,0.));
#6560 = FACE_BOUND('',#6561,.T.);
#6561 = EDGE_LOOP('',(#6562));
#6562 = ORIENTED_EDGE('',*,*,#6563,.T.);
#6563 = EDGE_CURVE('',#6564,#6564,#6566,.T.);
#6564 = VERTEX_POINT('',#6565);
#6565 = CARTESIAN_POINT('',(230.979867,-57.72156,1.51));
#6566 = CIRCLE('',#6567,0.4);
#6567 = AXIS2_PLACEMENT_3D('',#6568,#6569,#6570);
#6568 = CARTESIAN_POINT('',(230.979867,-57.32156,1.51));
#6569 = DIRECTION('',(-0.,0.,-1.));
#6570 = DIRECTION('',(-0.,-1.,0.));
#6571 = FACE_BOUND('',#6572,.T.);
#6572 = EDGE_LOOP('',(#6573));
#6573 = ORIENTED_EDGE('',*,*,#6574,.T.);
#6574 = EDGE_CURVE('',#6575,#6575,#6577,.T.);
#6575 = VERTEX_POINT('',#6576);
#6576 = CARTESIAN_POINT('',(230.979867,-55.18156,1.51));
#6577 = CIRCLE('',#6578,0.4);
#6578 = AXIS2_PLACEMENT_3D('',#6579,#6580,#6581);
#6579 = CARTESIAN_POINT('',(230.979867,-54.78156,1.51));
#6580 = DIRECTION('',(-0.,0.,-1.));
#6581 = DIRECTION('',(-0.,-1.,0.));
#6582 = FACE_BOUND('',#6583,.T.);
#6583 = EDGE_LOOP('',(#6584));
#6584 = ORIENTED_EDGE('',*,*,#6585,.T.);
#6585 = EDGE_CURVE('',#6586,#6586,#6588,.T.);
#6586 = VERTEX_POINT('',#6587);
#6587 = CARTESIAN_POINT('',(230.979867,-52.64156,1.51));
#6588 = CIRCLE('',#6589,0.4);
#6589 = AXIS2_PLACEMENT_3D('',#6590,#6591,#6592);
#6590 = CARTESIAN_POINT('',(230.979867,-52.24156,1.51));
#6591 = DIRECTION('',(-0.,0.,-1.));
#6592 = DIRECTION('',(-0.,-1.,0.));
#6593 = FACE_BOUND('',#6594,.T.);
#6594 = EDGE_LOOP('',(#6595));
#6595 = ORIENTED_EDGE('',*,*,#6596,.T.);
#6596 = EDGE_CURVE('',#6597,#6597,#6599,.T.);
#6597 = VERTEX_POINT('',#6598);
#6598 = CARTESIAN_POINT('',(205.579867,-50.10156,1.51));
#6599 = CIRCLE('',#6600,0.4);
#6600 = AXIS2_PLACEMENT_3D('',#6601,#6602,#6603);
#6601 = CARTESIAN_POINT('',(205.579867,-49.70156,1.51));
#6602 = DIRECTION('',(-0.,0.,-1.));
#6603 = DIRECTION('',(-0.,-1.,0.));
#6604 = FACE_BOUND('',#6605,.T.);
#6605 = EDGE_LOOP('',(#6606));
#6606 = ORIENTED_EDGE('',*,*,#6607,.T.);
#6607 = EDGE_CURVE('',#6608,#6608,#6610,.T.);
#6608 = VERTEX_POINT('',#6609);
#6609 = CARTESIAN_POINT('',(205.579867,-47.56156,1.51));
#6610 = CIRCLE('',#6611,0.4);
#6611 = AXIS2_PLACEMENT_3D('',#6612,#6613,#6614);
#6612 = CARTESIAN_POINT('',(205.579867,-47.16156,1.51));
#6613 = DIRECTION('',(-0.,0.,-1.));
#6614 = DIRECTION('',(-0.,-1.,0.));
#6615 = FACE_BOUND('',#6616,.T.);
#6616 = EDGE_LOOP('',(#6617));
#6617 = ORIENTED_EDGE('',*,*,#6618,.T.);
#6618 = EDGE_CURVE('',#6619,#6619,#6621,.T.);
#6619 = VERTEX_POINT('',#6620);
#6620 = CARTESIAN_POINT('',(205.579867,-45.02156,1.51));
#6621 = CIRCLE('',#6622,0.4);
#6622 = AXIS2_PLACEMENT_3D('',#6623,#6624,#6625);
#6623 = CARTESIAN_POINT('',(205.579867,-44.62156,1.51));
#6624 = DIRECTION('',(-0.,0.,-1.));
#6625 = DIRECTION('',(-0.,-1.,0.));
#6626 = FACE_BOUND('',#6627,.T.);
#6627 = EDGE_LOOP('',(#6628));
#6628 = ORIENTED_EDGE('',*,*,#6629,.T.);
#6629 = EDGE_CURVE('',#6630,#6630,#6632,.T.);
#6630 = VERTEX_POINT('',#6631);
#6631 = CARTESIAN_POINT('',(230.979867,-50.10156,1.51));
#6632 = CIRCLE('',#6633,0.4);
#6633 = AXIS2_PLACEMENT_3D('',#6634,#6635,#6636);
#6634 = CARTESIAN_POINT('',(230.979867,-49.70156,1.51));
#6635 = DIRECTION('',(-0.,0.,-1.));
#6636 = DIRECTION('',(-0.,-1.,0.));
#6637 = FACE_BOUND('',#6638,.T.);
#6638 = EDGE_LOOP('',(#6639));
#6639 = ORIENTED_EDGE('',*,*,#6640,.T.);
#6640 = EDGE_CURVE('',#6641,#6641,#6643,.T.);
#6641 = VERTEX_POINT('',#6642);
#6642 = CARTESIAN_POINT('',(230.979867,-47.56156,1.51));
#6643 = CIRCLE('',#6644,0.4);
#6644 = AXIS2_PLACEMENT_3D('',#6645,#6646,#6647);
#6645 = CARTESIAN_POINT('',(230.979867,-47.16156,1.51));
#6646 = DIRECTION('',(-0.,0.,-1.));
#6647 = DIRECTION('',(-0.,-1.,0.));
#6648 = FACE_BOUND('',#6649,.T.);
#6649 = EDGE_LOOP('',(#6650));
#6650 = ORIENTED_EDGE('',*,*,#6651,.T.);
#6651 = EDGE_CURVE('',#6652,#6652,#6654,.T.);
#6652 = VERTEX_POINT('',#6653);
#6653 = CARTESIAN_POINT('',(230.979867,-45.02156,1.51));
#6654 = CIRCLE('',#6655,0.4);
#6655 = AXIS2_PLACEMENT_3D('',#6656,#6657,#6658);
#6656 = CARTESIAN_POINT('',(230.979867,-44.62156,1.51));
#6657 = DIRECTION('',(-0.,0.,-1.));
#6658 = DIRECTION('',(-0.,-1.,0.));
#6659 = PLANE('',#6660);
#6660 = AXIS2_PLACEMENT_3D('',#6661,#6662,#6663);
#6661 = CARTESIAN_POINT('',(0.,0.,1.51));
#6662 = DIRECTION('',(0.,0.,1.));
#6663 = DIRECTION('',(1.,0.,-0.));
#6664 = ADVANCED_FACE('',(#6665),#6671,.T.);
#6665 = FACE_BOUND('',#6666,.T.);
#6666 = EDGE_LOOP('',(#6667,#6668,#6669,#6670));
#6667 = ORIENTED_EDGE('',*,*,#2870,.T.);
#6668 = ORIENTED_EDGE('',*,*,#4782,.T.);
#6669 = ORIENTED_EDGE('',*,*,#2830,.F.);
#6670 = ORIENTED_EDGE('',*,*,#2894,.F.);
#6671 = PLANE('',#6672);
#6672 = AXIS2_PLACEMENT_3D('',#6673,#6674,#6675);
#6673 = CARTESIAN_POINT('',(65.34,-34.22,0.));
#6674 = DIRECTION('',(0.,1.,0.));
#6675 = DIRECTION('',(1.,0.,0.));
#6676 = ADVANCED_FACE('',(#6677),#6688,.F.);
#6677 = FACE_BOUND('',#6678,.T.);
#6678 = EDGE_LOOP('',(#6679,#6680,#6686,#6687));
#6679 = ORIENTED_EDGE('',*,*,#2903,.T.);
#6680 = ORIENTED_EDGE('',*,*,#6681,.T.);
#6681 = EDGE_CURVE('',#2904,#4792,#6682,.T.);
#6682 = LINE('',#6683,#6684);
#6683 = CARTESIAN_POINT('',(74.614867,-139.9,-4.6E-02));
#6684 = VECTOR('',#6685,1.);
#6685 = DIRECTION('',(0.,0.,1.));
#6686 = ORIENTED_EDGE('',*,*,#4791,.F.);
#6687 = ORIENTED_EDGE('',*,*,#6681,.F.);
#6688 = CYLINDRICAL_SURFACE('',#6689,0.6);
#6689 = AXIS2_PLACEMENT_3D('',#6690,#6691,#6692);
#6690 = CARTESIAN_POINT('',(74.614867,-139.3,-4.6E-02));
#6691 = DIRECTION('',(-0.,-0.,-1.));
#6692 = DIRECTION('',(-0.,-1.,0.));
#6693 = ADVANCED_FACE('',(#6694),#6705,.F.);
#6694 = FACE_BOUND('',#6695,.T.);
#6695 = EDGE_LOOP('',(#6696,#6697,#6703,#6704));
#6696 = ORIENTED_EDGE('',*,*,#2914,.T.);
#6697 = ORIENTED_EDGE('',*,*,#6698,.T.);
#6698 = EDGE_CURVE('',#2915,#4803,#6699,.T.);
#6699 = LINE('',#6700,#6701);
#6700 = CARTESIAN_POINT('',(68.664867,-136.,-4.6E-02));
#6701 = VECTOR('',#6702,1.);
#6702 = DIRECTION('',(0.,0.,1.));
#6703 = ORIENTED_EDGE('',*,*,#4802,.F.);
#6704 = ORIENTED_EDGE('',*,*,#6698,.F.);
#6705 = CYLINDRICAL_SURFACE('',#6706,0.85);
#6706 = AXIS2_PLACEMENT_3D('',#6707,#6708,#6709);
#6707 = CARTESIAN_POINT('',(68.664867,-135.15,-4.6E-02));
#6708 = DIRECTION('',(-0.,-0.,-1.));
#6709 = DIRECTION('',(-0.,-1.,0.));
#6710 = ADVANCED_FACE('',(#6711),#6722,.F.);
#6711 = FACE_BOUND('',#6712,.T.);
#6712 = EDGE_LOOP('',(#6713,#6714,#6720,#6721));
#6713 = ORIENTED_EDGE('',*,*,#2925,.T.);
#6714 = ORIENTED_EDGE('',*,*,#6715,.T.);
#6715 = EDGE_CURVE('',#2926,#4814,#6716,.T.);
#6716 = LINE('',#6717,#6718);
#6717 = CARTESIAN_POINT('',(77.064867,-134.8,-4.6E-02));
#6718 = VECTOR('',#6719,1.);
#6719 = DIRECTION('',(0.,0.,1.));
#6720 = ORIENTED_EDGE('',*,*,#4813,.F.);
#6721 = ORIENTED_EDGE('',*,*,#6715,.F.);
#6722 = CYLINDRICAL_SURFACE('',#6723,0.85);
#6723 = AXIS2_PLACEMENT_3D('',#6724,#6725,#6726);
#6724 = CARTESIAN_POINT('',(77.064867,-133.95,-4.6E-02));
#6725 = DIRECTION('',(-0.,0.,-1.));
#6726 = DIRECTION('',(1.671865260612E-14,-1.,-0.));
#6727 = ADVANCED_FACE('',(#6728),#6739,.F.);
#6728 = FACE_BOUND('',#6729,.T.);
#6729 = EDGE_LOOP('',(#6730,#6731,#6737,#6738));
#6730 = ORIENTED_EDGE('',*,*,#2936,.T.);
#6731 = ORIENTED_EDGE('',*,*,#6732,.T.);
#6732 = EDGE_CURVE('',#2937,#4825,#6733,.T.);
#6733 = LINE('',#6734,#6735);
#6734 = CARTESIAN_POINT('',(95.778395,-136.17,-4.6E-02));
#6735 = VECTOR('',#6736,1.);
#6736 = DIRECTION('',(0.,0.,1.));
#6737 = ORIENTED_EDGE('',*,*,#4824,.F.);
#6738 = ORIENTED_EDGE('',*,*,#6732,.F.);
#6739 = CYLINDRICAL_SURFACE('',#6740,0.85);
#6740 = AXIS2_PLACEMENT_3D('',#6741,#6742,#6743);
#6741 = CARTESIAN_POINT('',(95.778395,-135.32,-4.6E-02));
#6742 = DIRECTION('',(-0.,0.,-1.));
#6743 = DIRECTION('',(1.671865260612E-14,-1.,-0.));
#6744 = ADVANCED_FACE('',(#6745),#6756,.F.);
#6745 = FACE_BOUND('',#6746,.T.);
#6746 = EDGE_LOOP('',(#6747,#6748,#6754,#6755));
#6747 = ORIENTED_EDGE('',*,*,#2947,.T.);
#6748 = ORIENTED_EDGE('',*,*,#6749,.T.);
#6749 = EDGE_CURVE('',#2948,#4836,#6750,.T.);
#6750 = LINE('',#6751,#6752);
#6751 = CARTESIAN_POINT('',(101.728395,-140.07,-4.6E-02));
#6752 = VECTOR('',#6753,1.);
#6753 = DIRECTION('',(0.,0.,1.));
#6754 = ORIENTED_EDGE('',*,*,#4835,.F.);
#6755 = ORIENTED_EDGE('',*,*,#6749,.F.);
#6756 = CYLINDRICAL_SURFACE('',#6757,0.6);
#6757 = AXIS2_PLACEMENT_3D('',#6758,#6759,#6760);
#6758 = CARTESIAN_POINT('',(101.728395,-139.47,-4.6E-02));
#6759 = DIRECTION('',(-0.,-0.,-1.));
#6760 = DIRECTION('',(-0.,-1.,0.));
#6761 = ADVANCED_FACE('',(#6762),#6773,.F.);
#6762 = FACE_BOUND('',#6763,.T.);
#6763 = EDGE_LOOP('',(#6764,#6765,#6771,#6772));
#6764 = ORIENTED_EDGE('',*,*,#2958,.T.);
#6765 = ORIENTED_EDGE('',*,*,#6766,.T.);
#6766 = EDGE_CURVE('',#2959,#4847,#6767,.T.);
#6767 = LINE('',#6768,#6769);
#6768 = CARTESIAN_POINT('',(104.178395,-134.97,-4.6E-02));
#6769 = VECTOR('',#6770,1.);
#6770 = DIRECTION('',(0.,0.,1.));
#6771 = ORIENTED_EDGE('',*,*,#4846,.F.);
#6772 = ORIENTED_EDGE('',*,*,#6766,.F.);
#6773 = CYLINDRICAL_SURFACE('',#6774,0.85);
#6774 = AXIS2_PLACEMENT_3D('',#6775,#6776,#6777);
#6775 = CARTESIAN_POINT('',(104.178395,-134.12,-4.6E-02));
#6776 = DIRECTION('',(-0.,-0.,-1.));
#6777 = DIRECTION('',(-0.,-1.,0.));
#6778 = ADVANCED_FACE('',(#6779),#6790,.F.);
#6779 = FACE_BOUND('',#6780,.T.);
#6780 = EDGE_LOOP('',(#6781,#6782,#6788,#6789));
#6781 = ORIENTED_EDGE('',*,*,#2969,.T.);
#6782 = ORIENTED_EDGE('',*,*,#6783,.T.);
#6783 = EDGE_CURVE('',#2970,#4858,#6784,.T.);
#6784 = LINE('',#6785,#6786);
#6785 = CARTESIAN_POINT('',(128.861923,-139.53,-4.6E-02));
#6786 = VECTOR('',#6787,1.);
#6787 = DIRECTION('',(0.,0.,1.));
#6788 = ORIENTED_EDGE('',*,*,#4857,.F.);
#6789 = ORIENTED_EDGE('',*,*,#6783,.F.);
#6790 = CYLINDRICAL_SURFACE('',#6791,0.6);
#6791 = AXIS2_PLACEMENT_3D('',#6792,#6793,#6794);
#6792 = CARTESIAN_POINT('',(128.861923,-138.93,-4.6E-02));
#6793 = DIRECTION('',(-0.,-0.,-1.));
#6794 = DIRECTION('',(-0.,-1.,0.));
#6795 = ADVANCED_FACE('',(#6796),#6807,.F.);
#6796 = FACE_BOUND('',#6797,.T.);
#6797 = EDGE_LOOP('',(#6798,#6799,#6805,#6806));
#6798 = ORIENTED_EDGE('',*,*,#2980,.T.);
#6799 = ORIENTED_EDGE('',*,*,#6800,.T.);
#6800 = EDGE_CURVE('',#2981,#4869,#6801,.T.);
#6801 = LINE('',#6802,#6803);
#6802 = CARTESIAN_POINT('',(122.911923,-135.63,-4.6E-02));
#6803 = VECTOR('',#6804,1.);
#6804 = DIRECTION('',(0.,0.,1.));
#6805 = ORIENTED_EDGE('',*,*,#4868,.F.);
#6806 = ORIENTED_EDGE('',*,*,#6800,.F.);
#6807 = CYLINDRICAL_SURFACE('',#6808,0.85);
#6808 = AXIS2_PLACEMENT_3D('',#6809,#6810,#6811);
#6809 = CARTESIAN_POINT('',(122.911923,-134.78,-4.6E-02));
#6810 = DIRECTION('',(-0.,-0.,-1.));
#6811 = DIRECTION('',(-0.,-1.,0.));
#6812 = ADVANCED_FACE('',(#6813),#6824,.F.);
#6813 = FACE_BOUND('',#6814,.T.);
#6814 = EDGE_LOOP('',(#6815,#6816,#6822,#6823));
#6815 = ORIENTED_EDGE('',*,*,#2991,.T.);
#6816 = ORIENTED_EDGE('',*,*,#6817,.T.);
#6817 = EDGE_CURVE('',#2992,#4880,#6818,.T.);
#6818 = LINE('',#6819,#6820);
#6819 = CARTESIAN_POINT('',(131.311923,-134.43,-4.6E-02));
#6820 = VECTOR('',#6821,1.);
#6821 = DIRECTION('',(0.,0.,1.));
#6822 = ORIENTED_EDGE('',*,*,#4879,.F.);
#6823 = ORIENTED_EDGE('',*,*,#6817,.F.);
#6824 = CYLINDRICAL_SURFACE('',#6825,0.85);
#6825 = AXIS2_PLACEMENT_3D('',#6826,#6827,#6828);
#6826 = CARTESIAN_POINT('',(131.311923,-133.58,-4.6E-02));
#6827 = DIRECTION('',(-0.,-0.,-1.));
#6828 = DIRECTION('',(-0.,-1.,0.));
#6829 = ADVANCED_FACE('',(#6830),#6841,.F.);
#6830 = FACE_BOUND('',#6831,.T.);
#6831 = EDGE_LOOP('',(#6832,#6833,#6839,#6840));
#6832 = ORIENTED_EDGE('',*,*,#3002,.T.);
#6833 = ORIENTED_EDGE('',*,*,#6834,.T.);
#6834 = EDGE_CURVE('',#3003,#4891,#6835,.T.);
#6835 = LINE('',#6836,#6837);
#6836 = CARTESIAN_POINT('',(155.97545,-138.935,-4.6E-02));
#6837 = VECTOR('',#6838,1.);
#6838 = DIRECTION('',(0.,0.,1.));
#6839 = ORIENTED_EDGE('',*,*,#4890,.F.);
#6840 = ORIENTED_EDGE('',*,*,#6834,.F.);
#6841 = CYLINDRICAL_SURFACE('',#6842,0.6);
#6842 = AXIS2_PLACEMENT_3D('',#6843,#6844,#6845);
#6843 = CARTESIAN_POINT('',(155.97545,-138.335,-4.6E-02));
#6844 = DIRECTION('',(-0.,-0.,-1.));
#6845 = DIRECTION('',(-0.,-1.,0.));
#6846 = ADVANCED_FACE('',(#6847),#6858,.F.);
#6847 = FACE_BOUND('',#6848,.T.);
#6848 = EDGE_LOOP('',(#6849,#6850,#6856,#6857));
#6849 = ORIENTED_EDGE('',*,*,#3013,.T.);
#6850 = ORIENTED_EDGE('',*,*,#6851,.T.);
#6851 = EDGE_CURVE('',#3014,#4902,#6852,.T.);
#6852 = LINE('',#6853,#6854);
#6853 = CARTESIAN_POINT('',(150.02545,-135.035,-4.6E-02));
#6854 = VECTOR('',#6855,1.);
#6855 = DIRECTION('',(0.,0.,1.));
#6856 = ORIENTED_EDGE('',*,*,#4901,.F.);
#6857 = ORIENTED_EDGE('',*,*,#6851,.F.);
#6858 = CYLINDRICAL_SURFACE('',#6859,0.85);
#6859 = AXIS2_PLACEMENT_3D('',#6860,#6861,#6862);
#6860 = CARTESIAN_POINT('',(150.02545,-134.185,-4.6E-02));
#6861 = DIRECTION('',(-0.,-0.,-1.));
#6862 = DIRECTION('',(-0.,-1.,0.));
#6863 = ADVANCED_FACE('',(#6864),#6875,.F.);
#6864 = FACE_BOUND('',#6865,.T.);
#6865 = EDGE_LOOP('',(#6866,#6867,#6873,#6874));
#6866 = ORIENTED_EDGE('',*,*,#3024,.T.);
#6867 = ORIENTED_EDGE('',*,*,#6868,.T.);
#6868 = EDGE_CURVE('',#3025,#4913,#6869,.T.);
#6869 = LINE('',#6870,#6871);
#6870 = CARTESIAN_POINT('',(158.42545,-133.835,-4.6E-02));
#6871 = VECTOR('',#6872,1.);
#6872 = DIRECTION('',(0.,0.,1.));
#6873 = ORIENTED_EDGE('',*,*,#4912,.F.);
#6874 = ORIENTED_EDGE('',*,*,#6868,.F.);
#6875 = CYLINDRICAL_SURFACE('',#6876,0.85);
#6876 = AXIS2_PLACEMENT_3D('',#6877,#6878,#6879);
#6877 = CARTESIAN_POINT('',(158.42545,-132.985,-4.6E-02));
#6878 = DIRECTION('',(-0.,-0.,-1.));
#6879 = DIRECTION('',(-0.,-1.,0.));
#6880 = ADVANCED_FACE('',(#6881),#6892,.F.);
#6881 = FACE_BOUND('',#6882,.T.);
#6882 = EDGE_LOOP('',(#6883,#6884,#6890,#6891));
#6883 = ORIENTED_EDGE('',*,*,#3035,.T.);
#6884 = ORIENTED_EDGE('',*,*,#6885,.T.);
#6885 = EDGE_CURVE('',#3036,#4924,#6886,.T.);
#6886 = LINE('',#6887,#6888);
#6887 = CARTESIAN_POINT('',(177.138978,-135.67,-4.6E-02));
#6888 = VECTOR('',#6889,1.);
#6889 = DIRECTION('',(0.,0.,1.));
#6890 = ORIENTED_EDGE('',*,*,#4923,.F.);
#6891 = ORIENTED_EDGE('',*,*,#6885,.F.);
#6892 = CYLINDRICAL_SURFACE('',#6893,0.85);
#6893 = AXIS2_PLACEMENT_3D('',#6894,#6895,#6896);
#6894 = CARTESIAN_POINT('',(177.138978,-134.82,-4.6E-02));
#6895 = DIRECTION('',(-0.,-0.,-1.));
#6896 = DIRECTION('',(-0.,-1.,0.));
#6897 = ADVANCED_FACE('',(#6898),#6909,.F.);
#6898 = FACE_BOUND('',#6899,.T.);
#6899 = EDGE_LOOP('',(#6900,#6901,#6907,#6908));
#6900 = ORIENTED_EDGE('',*,*,#3046,.T.);
#6901 = ORIENTED_EDGE('',*,*,#6902,.T.);
#6902 = EDGE_CURVE('',#3047,#4935,#6903,.T.);
#6903 = LINE('',#6904,#6905);
#6904 = CARTESIAN_POINT('',(183.088978,-139.57,-4.6E-02));
#6905 = VECTOR('',#6906,1.);
#6906 = DIRECTION('',(0.,0.,1.));
#6907 = ORIENTED_EDGE('',*,*,#4934,.F.);
#6908 = ORIENTED_EDGE('',*,*,#6902,.F.);
#6909 = CYLINDRICAL_SURFACE('',#6910,0.6);
#6910 = AXIS2_PLACEMENT_3D('',#6911,#6912,#6913);
#6911 = CARTESIAN_POINT('',(183.088978,-138.97,-4.6E-02));
#6912 = DIRECTION('',(-0.,-0.,-1.));
#6913 = DIRECTION('',(-0.,-1.,0.));
#6914 = ADVANCED_FACE('',(#6915),#6926,.F.);
#6915 = FACE_BOUND('',#6916,.T.);
#6916 = EDGE_LOOP('',(#6917,#6918,#6924,#6925));
#6917 = ORIENTED_EDGE('',*,*,#3057,.T.);
#6918 = ORIENTED_EDGE('',*,*,#6919,.T.);
#6919 = EDGE_CURVE('',#3058,#4946,#6920,.T.);
#6920 = LINE('',#6921,#6922);
#6921 = CARTESIAN_POINT('',(185.538978,-134.47,-4.6E-02));
#6922 = VECTOR('',#6923,1.);
#6923 = DIRECTION('',(0.,0.,1.));
#6924 = ORIENTED_EDGE('',*,*,#4945,.F.);
#6925 = ORIENTED_EDGE('',*,*,#6919,.F.);
#6926 = CYLINDRICAL_SURFACE('',#6927,0.85);
#6927 = AXIS2_PLACEMENT_3D('',#6928,#6929,#6930);
#6928 = CARTESIAN_POINT('',(185.538978,-133.62,-4.6E-02));
#6929 = DIRECTION('',(-0.,-0.,-1.));
#6930 = DIRECTION('',(-0.,-1.,0.));
#6931 = ADVANCED_FACE('',(#6932),#6943,.F.);
#6932 = FACE_BOUND('',#6933,.T.);
#6933 = EDGE_LOOP('',(#6934,#6935,#6941,#6942));
#6934 = ORIENTED_EDGE('',*,*,#3068,.T.);
#6935 = ORIENTED_EDGE('',*,*,#6936,.T.);
#6936 = EDGE_CURVE('',#3069,#4957,#6937,.T.);
#6937 = LINE('',#6938,#6939);
#6938 = CARTESIAN_POINT('',(205.579867,-90.74156,-4.6E-02));
#6939 = VECTOR('',#6940,1.);
#6940 = DIRECTION('',(0.,0.,1.));
#6941 = ORIENTED_EDGE('',*,*,#4956,.F.);
#6942 = ORIENTED_EDGE('',*,*,#6936,.F.);
#6943 = CYLINDRICAL_SURFACE('',#6944,0.4);
#6944 = AXIS2_PLACEMENT_3D('',#6945,#6946,#6947);
#6945 = CARTESIAN_POINT('',(205.579867,-90.34156,-4.6E-02));
#6946 = DIRECTION('',(-0.,-0.,-1.));
#6947 = DIRECTION('',(-0.,-1.,0.));
#6948 = ADVANCED_FACE('',(#6949),#6960,.F.);
#6949 = FACE_BOUND('',#6950,.T.);
#6950 = EDGE_LOOP('',(#6951,#6952,#6958,#6959));
#6951 = ORIENTED_EDGE('',*,*,#3079,.T.);
#6952 = ORIENTED_EDGE('',*,*,#6953,.T.);
#6953 = EDGE_CURVE('',#3080,#4968,#6954,.T.);
#6954 = LINE('',#6955,#6956);
#6955 = CARTESIAN_POINT('',(230.976187,-90.73884,-4.6E-02));
#6956 = VECTOR('',#6957,1.);
#6957 = DIRECTION('',(0.,0.,1.));
#6958 = ORIENTED_EDGE('',*,*,#4967,.F.);
#6959 = ORIENTED_EDGE('',*,*,#6953,.F.);
#6960 = CYLINDRICAL_SURFACE('',#6961,0.4);
#6961 = AXIS2_PLACEMENT_3D('',#6962,#6963,#6964);
#6962 = CARTESIAN_POINT('',(230.976187,-90.33884,-4.6E-02));
#6963 = DIRECTION('',(-0.,0.,-1.));
#6964 = DIRECTION('',(7.105427357601E-14,-1.,-0.));
#6965 = ADVANCED_FACE('',(#6966),#6977,.F.);
#6966 = FACE_BOUND('',#6967,.T.);
#6967 = EDGE_LOOP('',(#6968,#6969,#6975,#6976));
#6968 = ORIENTED_EDGE('',*,*,#3090,.T.);
#6969 = ORIENTED_EDGE('',*,*,#6970,.T.);
#6970 = EDGE_CURVE('',#3091,#4979,#6971,.T.);
#6971 = LINE('',#6972,#6973);
#6972 = CARTESIAN_POINT('',(77.064867,-72.,-4.6E-02));
#6973 = VECTOR('',#6974,1.);
#6974 = DIRECTION('',(0.,0.,1.));
#6975 = ORIENTED_EDGE('',*,*,#4978,.F.);
#6976 = ORIENTED_EDGE('',*,*,#6970,.F.);
#6977 = CYLINDRICAL_SURFACE('',#6978,0.85);
#6978 = AXIS2_PLACEMENT_3D('',#6979,#6980,#6981);
#6979 = CARTESIAN_POINT('',(77.064867,-71.15,-4.6E-02));
#6980 = DIRECTION('',(-0.,0.,-1.));
#6981 = DIRECTION('',(1.671865260612E-14,-1.,-0.));
#6982 = ADVANCED_FACE('',(#6983),#6994,.F.);
#6983 = FACE_BOUND('',#6984,.T.);
#6984 = EDGE_LOOP('',(#6985,#6986,#6992,#6993));
#6985 = ORIENTED_EDGE('',*,*,#3101,.T.);
#6986 = ORIENTED_EDGE('',*,*,#6987,.T.);
#6987 = EDGE_CURVE('',#3102,#4990,#6988,.T.);
#6988 = LINE('',#6989,#6990);
#6989 = CARTESIAN_POINT('',(68.664867,-70.8,-4.6E-02));
#6990 = VECTOR('',#6991,1.);
#6991 = DIRECTION('',(0.,0.,1.));
#6992 = ORIENTED_EDGE('',*,*,#4989,.F.);
#6993 = ORIENTED_EDGE('',*,*,#6987,.F.);
#6994 = CYLINDRICAL_SURFACE('',#6995,0.85);
#6995 = AXIS2_PLACEMENT_3D('',#6996,#6997,#6998);
#6996 = CARTESIAN_POINT('',(68.664867,-69.95,-4.6E-02));
#6997 = DIRECTION('',(-0.,-0.,-1.));
#6998 = DIRECTION('',(-0.,-1.,0.));
#6999 = ADVANCED_FACE('',(#7000),#7011,.F.);
#7000 = FACE_BOUND('',#7001,.T.);
#7001 = EDGE_LOOP('',(#7002,#7003,#7009,#7010));
#7002 = ORIENTED_EDGE('',*,*,#3112,.T.);
#7003 = ORIENTED_EDGE('',*,*,#7004,.T.);
#7004 = EDGE_CURVE('',#3113,#5001,#7005,.T.);
#7005 = LINE('',#7006,#7007);
#7006 = CARTESIAN_POINT('',(71.114867,-66.4,-4.6E-02));
#7007 = VECTOR('',#7008,1.);
#7008 = DIRECTION('',(0.,0.,1.));
#7009 = ORIENTED_EDGE('',*,*,#5000,.F.);
#7010 = ORIENTED_EDGE('',*,*,#7004,.F.);
#7011 = CYLINDRICAL_SURFACE('',#7012,0.6);
#7012 = AXIS2_PLACEMENT_3D('',#7013,#7014,#7015);
#7013 = CARTESIAN_POINT('',(71.114867,-65.8,-4.6E-02));
#7014 = DIRECTION('',(-0.,-0.,-1.));
#7015 = DIRECTION('',(-0.,-1.,0.));
#7016 = ADVANCED_FACE('',(#7017),#7028,.F.);
#7017 = FACE_BOUND('',#7018,.T.);
#7018 = EDGE_LOOP('',(#7019,#7020,#7026,#7027));
#7019 = ORIENTED_EDGE('',*,*,#3123,.T.);
#7020 = ORIENTED_EDGE('',*,*,#7021,.T.);
#7021 = EDGE_CURVE('',#3124,#5012,#7022,.T.);
#7022 = LINE('',#7023,#7024);
#7023 = CARTESIAN_POINT('',(74.614867,-66.4,-4.6E-02));
#7024 = VECTOR('',#7025,1.);
#7025 = DIRECTION('',(0.,0.,1.));
#7026 = ORIENTED_EDGE('',*,*,#5011,.F.);
#7027 = ORIENTED_EDGE('',*,*,#7021,.F.);
#7028 = CYLINDRICAL_SURFACE('',#7029,0.6);
#7029 = AXIS2_PLACEMENT_3D('',#7030,#7031,#7032);
#7030 = CARTESIAN_POINT('',(74.614867,-65.8,-4.6E-02));
#7031 = DIRECTION('',(-0.,-0.,-1.));
#7032 = DIRECTION('',(-0.,-1.,0.));
#7033 = ADVANCED_FACE('',(#7034),#7045,.F.);
#7034 = FACE_BOUND('',#7035,.T.);
#7035 = EDGE_LOOP('',(#7036,#7037,#7043,#7044));
#7036 = ORIENTED_EDGE('',*,*,#3134,.T.);
#7037 = ORIENTED_EDGE('',*,*,#7038,.T.);
#7038 = EDGE_CURVE('',#3135,#5023,#7039,.T.);
#7039 = LINE('',#7040,#7041);
#7040 = CARTESIAN_POINT('',(83.250756,-66.46,-4.6E-02));
#7041 = VECTOR('',#7042,1.);
#7042 = DIRECTION('',(0.,0.,1.));
#7043 = ORIENTED_EDGE('',*,*,#5022,.F.);
#7044 = ORIENTED_EDGE('',*,*,#7038,.F.);
#7045 = CYLINDRICAL_SURFACE('',#7046,0.5);
#7046 = AXIS2_PLACEMENT_3D('',#7047,#7048,#7049);
#7047 = CARTESIAN_POINT('',(83.250756,-65.96,-4.6E-02));
#7048 = DIRECTION('',(-0.,-0.,-1.));
#7049 = DIRECTION('',(-0.,-1.,0.));
#7050 = ADVANCED_FACE('',(#7051),#7062,.F.);
#7051 = FACE_BOUND('',#7052,.T.);
#7052 = EDGE_LOOP('',(#7053,#7054,#7060,#7061));
#7053 = ORIENTED_EDGE('',*,*,#3145,.T.);
#7054 = ORIENTED_EDGE('',*,*,#7055,.T.);
#7055 = EDGE_CURVE('',#3146,#5034,#7056,.T.);
#7056 = LINE('',#7057,#7058);
#7057 = CARTESIAN_POINT('',(85.790756,-66.46,-4.6E-02));
#7058 = VECTOR('',#7059,1.);
#7059 = DIRECTION('',(0.,0.,1.));
#7060 = ORIENTED_EDGE('',*,*,#5033,.F.);
#7061 = ORIENTED_EDGE('',*,*,#7055,.F.);
#7062 = CYLINDRICAL_SURFACE('',#7063,0.5);
#7063 = AXIS2_PLACEMENT_3D('',#7064,#7065,#7066);
#7064 = CARTESIAN_POINT('',(85.790756,-65.96,-4.6E-02));
#7065 = DIRECTION('',(-0.,-0.,-1.));
#7066 = DIRECTION('',(-0.,-1.,0.));
#7067 = ADVANCED_FACE('',(#7068),#7079,.F.);
#7068 = FACE_BOUND('',#7069,.T.);
#7069 = EDGE_LOOP('',(#7070,#7071,#7077,#7078));
#7070 = ORIENTED_EDGE('',*,*,#3156,.T.);
#7071 = ORIENTED_EDGE('',*,*,#7072,.T.);
#7072 = EDGE_CURVE('',#3157,#5045,#7073,.T.);
#7073 = LINE('',#7074,#7075);
#7074 = CARTESIAN_POINT('',(104.178395,-72.17,-4.6E-02));
#7075 = VECTOR('',#7076,1.);
#7076 = DIRECTION('',(0.,0.,1.));
#7077 = ORIENTED_EDGE('',*,*,#5044,.F.);
#7078 = ORIENTED_EDGE('',*,*,#7072,.F.);
#7079 = CYLINDRICAL_SURFACE('',#7080,0.85);
#7080 = AXIS2_PLACEMENT_3D('',#7081,#7082,#7083);
#7081 = CARTESIAN_POINT('',(104.178395,-71.32,-4.6E-02));
#7082 = DIRECTION('',(-0.,-0.,-1.));
#7083 = DIRECTION('',(-0.,-1.,0.));
#7084 = ADVANCED_FACE('',(#7085),#7096,.F.);
#7085 = FACE_BOUND('',#7086,.T.);
#7086 = EDGE_LOOP('',(#7087,#7088,#7094,#7095));
#7087 = ORIENTED_EDGE('',*,*,#3167,.T.);
#7088 = ORIENTED_EDGE('',*,*,#7089,.T.);
#7089 = EDGE_CURVE('',#3168,#5056,#7090,.T.);
#7090 = LINE('',#7091,#7092);
#7091 = CARTESIAN_POINT('',(95.778395,-70.97,-4.6E-02));
#7092 = VECTOR('',#7093,1.);
#7093 = DIRECTION('',(0.,0.,1.));
#7094 = ORIENTED_EDGE('',*,*,#5055,.F.);
#7095 = ORIENTED_EDGE('',*,*,#7089,.F.);
#7096 = CYLINDRICAL_SURFACE('',#7097,0.85);
#7097 = AXIS2_PLACEMENT_3D('',#7098,#7099,#7100);
#7098 = CARTESIAN_POINT('',(95.778395,-70.12,-4.6E-02));
#7099 = DIRECTION('',(-0.,0.,-1.));
#7100 = DIRECTION('',(1.671865260612E-14,-1.,-0.));
#7101 = ADVANCED_FACE('',(#7102),#7113,.F.);
#7102 = FACE_BOUND('',#7103,.T.);
#7103 = EDGE_LOOP('',(#7104,#7105,#7111,#7112));
#7104 = ORIENTED_EDGE('',*,*,#3178,.T.);
#7105 = ORIENTED_EDGE('',*,*,#7106,.T.);
#7106 = EDGE_CURVE('',#3179,#5067,#7107,.T.);
#7107 = LINE('',#7108,#7109);
#7108 = CARTESIAN_POINT('',(88.330756,-66.46,-4.6E-02));
#7109 = VECTOR('',#7110,1.);
#7110 = DIRECTION('',(0.,0.,1.));
#7111 = ORIENTED_EDGE('',*,*,#5066,.F.);
#7112 = ORIENTED_EDGE('',*,*,#7106,.F.);
#7113 = CYLINDRICAL_SURFACE('',#7114,0.5);
#7114 = AXIS2_PLACEMENT_3D('',#7115,#7116,#7117);
#7115 = CARTESIAN_POINT('',(88.330756,-65.96,-4.6E-02));
#7116 = DIRECTION('',(-0.,-0.,-1.));
#7117 = DIRECTION('',(-0.,-1.,0.));
#7118 = ADVANCED_FACE('',(#7119),#7130,.F.);
#7119 = FACE_BOUND('',#7120,.T.);
#7120 = EDGE_LOOP('',(#7121,#7122,#7128,#7129));
#7121 = ORIENTED_EDGE('',*,*,#3189,.T.);
#7122 = ORIENTED_EDGE('',*,*,#7123,.T.);
#7123 = EDGE_CURVE('',#3190,#5078,#7124,.T.);
#7124 = LINE('',#7125,#7126);
#7125 = CARTESIAN_POINT('',(90.870756,-66.46,-4.6E-02));
#7126 = VECTOR('',#7127,1.);
#7127 = DIRECTION('',(0.,0.,1.));
#7128 = ORIENTED_EDGE('',*,*,#5077,.F.);
#7129 = ORIENTED_EDGE('',*,*,#7123,.F.);
#7130 = CYLINDRICAL_SURFACE('',#7131,0.5);
#7131 = AXIS2_PLACEMENT_3D('',#7132,#7133,#7134);
#7132 = CARTESIAN_POINT('',(90.870756,-65.96,-4.6E-02));
#7133 = DIRECTION('',(-0.,-0.,-1.));
#7134 = DIRECTION('',(-0.,-1.,0.));
#7135 = ADVANCED_FACE('',(#7136),#7147,.F.);
#7136 = FACE_BOUND('',#7137,.T.);
#7137 = EDGE_LOOP('',(#7138,#7139,#7145,#7146));
#7138 = ORIENTED_EDGE('',*,*,#3200,.T.);
#7139 = ORIENTED_EDGE('',*,*,#7140,.T.);
#7140 = EDGE_CURVE('',#3201,#5089,#7141,.T.);
#7141 = LINE('',#7142,#7143);
#7142 = CARTESIAN_POINT('',(98.228395,-66.57,-4.6E-02));
#7143 = VECTOR('',#7144,1.);
#7144 = DIRECTION('',(0.,0.,1.));
#7145 = ORIENTED_EDGE('',*,*,#5088,.F.);
#7146 = ORIENTED_EDGE('',*,*,#7140,.F.);
#7147 = CYLINDRICAL_SURFACE('',#7148,0.6);
#7148 = AXIS2_PLACEMENT_3D('',#7149,#7150,#7151);
#7149 = CARTESIAN_POINT('',(98.228395,-65.97,-4.6E-02));
#7150 = DIRECTION('',(-0.,-0.,-1.));
#7151 = DIRECTION('',(-0.,-1.,0.));
#7152 = ADVANCED_FACE('',(#7153),#7164,.F.);
#7153 = FACE_BOUND('',#7154,.T.);
#7154 = EDGE_LOOP('',(#7155,#7156,#7162,#7163));
#7155 = ORIENTED_EDGE('',*,*,#3211,.T.);
#7156 = ORIENTED_EDGE('',*,*,#7157,.T.);
#7157 = EDGE_CURVE('',#3212,#5100,#7158,.T.);
#7158 = LINE('',#7159,#7160);
#7159 = CARTESIAN_POINT('',(101.728395,-66.57,-4.6E-02));
#7160 = VECTOR('',#7161,1.);
#7161 = DIRECTION('',(0.,0.,1.));
#7162 = ORIENTED_EDGE('',*,*,#5099,.F.);
#7163 = ORIENTED_EDGE('',*,*,#7157,.F.);
#7164 = CYLINDRICAL_SURFACE('',#7165,0.6);
#7165 = AXIS2_PLACEMENT_3D('',#7166,#7167,#7168);
#7166 = CARTESIAN_POINT('',(101.728395,-65.97,-4.6E-02));
#7167 = DIRECTION('',(-0.,-0.,-1.));
#7168 = DIRECTION('',(-0.,-1.,0.));
#7169 = ADVANCED_FACE('',(#7170),#7181,.F.);
#7170 = FACE_BOUND('',#7171,.T.);
#7171 = EDGE_LOOP('',(#7172,#7173,#7179,#7180));
#7172 = ORIENTED_EDGE('',*,*,#3222,.T.);
#7173 = ORIENTED_EDGE('',*,*,#7174,.T.);
#7174 = EDGE_CURVE('',#3223,#5111,#7175,.T.);
#7175 = LINE('',#7176,#7177);
#7176 = CARTESIAN_POINT('',(110.384284,-65.99,-4.6E-02));
#7177 = VECTOR('',#7178,1.);
#7178 = DIRECTION('',(0.,0.,1.));
#7179 = ORIENTED_EDGE('',*,*,#5110,.F.);
#7180 = ORIENTED_EDGE('',*,*,#7174,.F.);
#7181 = CYLINDRICAL_SURFACE('',#7182,0.5);
#7182 = AXIS2_PLACEMENT_3D('',#7183,#7184,#7185);
#7183 = CARTESIAN_POINT('',(110.384284,-65.49,-4.6E-02));
#7184 = DIRECTION('',(-0.,-0.,-1.));
#7185 = DIRECTION('',(-0.,-1.,0.));
#7186 = ADVANCED_FACE('',(#7187),#7198,.F.);
#7187 = FACE_BOUND('',#7188,.T.);
#7188 = EDGE_LOOP('',(#7189,#7190,#7196,#7197));
#7189 = ORIENTED_EDGE('',*,*,#3233,.T.);
#7190 = ORIENTED_EDGE('',*,*,#7191,.T.);
#7191 = EDGE_CURVE('',#3234,#5122,#7192,.T.);
#7192 = LINE('',#7193,#7194);
#7193 = CARTESIAN_POINT('',(112.924284,-65.99,-4.6E-02));
#7194 = VECTOR('',#7195,1.);
#7195 = DIRECTION('',(0.,0.,1.));
#7196 = ORIENTED_EDGE('',*,*,#5121,.F.);
#7197 = ORIENTED_EDGE('',*,*,#7191,.F.);
#7198 = CYLINDRICAL_SURFACE('',#7199,0.5);
#7199 = AXIS2_PLACEMENT_3D('',#7200,#7201,#7202);
#7200 = CARTESIAN_POINT('',(112.924284,-65.49,-4.6E-02));
#7201 = DIRECTION('',(-0.,-0.,-1.));
#7202 = DIRECTION('',(-0.,-1.,0.));
#7203 = ADVANCED_FACE('',(#7204),#7215,.F.);
#7204 = FACE_BOUND('',#7205,.T.);
#7205 = EDGE_LOOP('',(#7206,#7207,#7213,#7214));
#7206 = ORIENTED_EDGE('',*,*,#3244,.T.);
#7207 = ORIENTED_EDGE('',*,*,#7208,.T.);
#7208 = EDGE_CURVE('',#3245,#5133,#7209,.T.);
#7209 = LINE('',#7210,#7211);
#7210 = CARTESIAN_POINT('',(115.464284,-65.99,-4.6E-02));
#7211 = VECTOR('',#7212,1.);
#7212 = DIRECTION('',(0.,0.,1.));
#7213 = ORIENTED_EDGE('',*,*,#5132,.F.);
#7214 = ORIENTED_EDGE('',*,*,#7208,.F.);
#7215 = CYLINDRICAL_SURFACE('',#7216,0.5);
#7216 = AXIS2_PLACEMENT_3D('',#7217,#7218,#7219);
#7217 = CARTESIAN_POINT('',(115.464284,-65.49,-4.6E-02));
#7218 = DIRECTION('',(-0.,-0.,-1.));
#7219 = DIRECTION('',(-0.,-1.,0.));
#7220 = ADVANCED_FACE('',(#7221),#7232,.F.);
#7221 = FACE_BOUND('',#7222,.T.);
#7222 = EDGE_LOOP('',(#7223,#7224,#7230,#7231));
#7223 = ORIENTED_EDGE('',*,*,#3255,.T.);
#7224 = ORIENTED_EDGE('',*,*,#7225,.T.);
#7225 = EDGE_CURVE('',#3256,#5144,#7226,.T.);
#7226 = LINE('',#7227,#7228);
#7227 = CARTESIAN_POINT('',(118.004284,-65.99,-4.6E-02));
#7228 = VECTOR('',#7229,1.);
#7229 = DIRECTION('',(0.,0.,1.));
#7230 = ORIENTED_EDGE('',*,*,#5143,.F.);
#7231 = ORIENTED_EDGE('',*,*,#7225,.F.);
#7232 = CYLINDRICAL_SURFACE('',#7233,0.5);
#7233 = AXIS2_PLACEMENT_3D('',#7234,#7235,#7236);
#7234 = CARTESIAN_POINT('',(118.004284,-65.49,-4.6E-02));
#7235 = DIRECTION('',(-0.,-0.,-1.));
#7236 = DIRECTION('',(-0.,-1.,0.));
#7237 = ADVANCED_FACE('',(#7238),#7249,.F.);
#7238 = FACE_BOUND('',#7239,.T.);
#7239 = EDGE_LOOP('',(#7240,#7241,#7247,#7248));
#7240 = ORIENTED_EDGE('',*,*,#3266,.T.);
#7241 = ORIENTED_EDGE('',*,*,#7242,.T.);
#7242 = EDGE_CURVE('',#3267,#5155,#7243,.T.);
#7243 = LINE('',#7244,#7245);
#7244 = CARTESIAN_POINT('',(122.911923,-70.43,-4.6E-02));
#7245 = VECTOR('',#7246,1.);
#7246 = DIRECTION('',(0.,0.,1.));
#7247 = ORIENTED_EDGE('',*,*,#5154,.F.);
#7248 = ORIENTED_EDGE('',*,*,#7242,.F.);
#7249 = CYLINDRICAL_SURFACE('',#7250,0.85);
#7250 = AXIS2_PLACEMENT_3D('',#7251,#7252,#7253);
#7251 = CARTESIAN_POINT('',(122.911923,-69.58,-4.6E-02));
#7252 = DIRECTION('',(-0.,-0.,-1.));
#7253 = DIRECTION('',(-0.,-1.,0.));
#7254 = ADVANCED_FACE('',(#7255),#7266,.F.);
#7255 = FACE_BOUND('',#7256,.T.);
#7256 = EDGE_LOOP('',(#7257,#7258,#7264,#7265));
#7257 = ORIENTED_EDGE('',*,*,#3277,.T.);
#7258 = ORIENTED_EDGE('',*,*,#7259,.T.);
#7259 = EDGE_CURVE('',#3278,#5166,#7260,.T.);
#7260 = LINE('',#7261,#7262);
#7261 = CARTESIAN_POINT('',(125.361923,-66.03,-4.6E-02));
#7262 = VECTOR('',#7263,1.);
#7263 = DIRECTION('',(0.,0.,1.));
#7264 = ORIENTED_EDGE('',*,*,#5165,.F.);
#7265 = ORIENTED_EDGE('',*,*,#7259,.F.);
#7266 = CYLINDRICAL_SURFACE('',#7267,0.6);
#7267 = AXIS2_PLACEMENT_3D('',#7268,#7269,#7270);
#7268 = CARTESIAN_POINT('',(125.361923,-65.43,-4.6E-02));
#7269 = DIRECTION('',(-0.,0.,-1.));
#7270 = DIRECTION('',(2.368475785867E-14,-1.,-0.));
#7271 = ADVANCED_FACE('',(#7272),#7283,.F.);
#7272 = FACE_BOUND('',#7273,.T.);
#7273 = EDGE_LOOP('',(#7274,#7275,#7281,#7282));
#7274 = ORIENTED_EDGE('',*,*,#3288,.T.);
#7275 = ORIENTED_EDGE('',*,*,#7276,.T.);
#7276 = EDGE_CURVE('',#3289,#5177,#7277,.T.);
#7277 = LINE('',#7278,#7279);
#7278 = CARTESIAN_POINT('',(128.861923,-66.03,-4.6E-02));
#7279 = VECTOR('',#7280,1.);
#7280 = DIRECTION('',(0.,0.,1.));
#7281 = ORIENTED_EDGE('',*,*,#5176,.F.);
#7282 = ORIENTED_EDGE('',*,*,#7276,.F.);
#7283 = CYLINDRICAL_SURFACE('',#7284,0.6);
#7284 = AXIS2_PLACEMENT_3D('',#7285,#7286,#7287);
#7285 = CARTESIAN_POINT('',(128.861923,-65.43,-4.6E-02));
#7286 = DIRECTION('',(-0.,-0.,-1.));
#7287 = DIRECTION('',(-0.,-1.,0.));
#7288 = ADVANCED_FACE('',(#7289),#7300,.F.);
#7289 = FACE_BOUND('',#7290,.T.);
#7290 = EDGE_LOOP('',(#7291,#7292,#7298,#7299));
#7291 = ORIENTED_EDGE('',*,*,#3299,.T.);
#7292 = ORIENTED_EDGE('',*,*,#7293,.T.);
#7293 = EDGE_CURVE('',#3300,#5188,#7294,.T.);
#7294 = LINE('',#7295,#7296);
#7295 = CARTESIAN_POINT('',(131.311923,-71.63,-4.6E-02));
#7296 = VECTOR('',#7297,1.);
#7297 = DIRECTION('',(0.,0.,1.));
#7298 = ORIENTED_EDGE('',*,*,#5187,.F.);
#7299 = ORIENTED_EDGE('',*,*,#7293,.F.);
#7300 = CYLINDRICAL_SURFACE('',#7301,0.85);
#7301 = AXIS2_PLACEMENT_3D('',#7302,#7303,#7304);
#7302 = CARTESIAN_POINT('',(131.311923,-70.78,-4.6E-02));
#7303 = DIRECTION('',(-0.,-0.,-1.));
#7304 = DIRECTION('',(-0.,-1.,0.));
#7305 = ADVANCED_FACE('',(#7306),#7317,.F.);
#7306 = FACE_BOUND('',#7307,.T.);
#7307 = EDGE_LOOP('',(#7308,#7309,#7315,#7316));
#7308 = ORIENTED_EDGE('',*,*,#3310,.T.);
#7309 = ORIENTED_EDGE('',*,*,#7310,.T.);
#7310 = EDGE_CURVE('',#3311,#5199,#7311,.T.);
#7311 = LINE('',#7312,#7313);
#7312 = CARTESIAN_POINT('',(137.497811,-66.32,-4.6E-02));
#7313 = VECTOR('',#7314,1.);
#7314 = DIRECTION('',(0.,0.,1.));
#7315 = ORIENTED_EDGE('',*,*,#5198,.F.);
#7316 = ORIENTED_EDGE('',*,*,#7310,.F.);
#7317 = CYLINDRICAL_SURFACE('',#7318,0.5);
#7318 = AXIS2_PLACEMENT_3D('',#7319,#7320,#7321);
#7319 = CARTESIAN_POINT('',(137.497811,-65.82,-4.6E-02));
#7320 = DIRECTION('',(-0.,-0.,-1.));
#7321 = DIRECTION('',(-0.,-1.,0.));
#7322 = ADVANCED_FACE('',(#7323),#7334,.F.);
#7323 = FACE_BOUND('',#7324,.T.);
#7324 = EDGE_LOOP('',(#7325,#7326,#7332,#7333));
#7325 = ORIENTED_EDGE('',*,*,#3321,.T.);
#7326 = ORIENTED_EDGE('',*,*,#7327,.T.);
#7327 = EDGE_CURVE('',#3322,#5210,#7328,.T.);
#7328 = LINE('',#7329,#7330);
#7329 = CARTESIAN_POINT('',(140.037811,-66.32,-4.6E-02));
#7330 = VECTOR('',#7331,1.);
#7331 = DIRECTION('',(0.,0.,1.));
#7332 = ORIENTED_EDGE('',*,*,#5209,.F.);
#7333 = ORIENTED_EDGE('',*,*,#7327,.F.);
#7334 = CYLINDRICAL_SURFACE('',#7335,0.5);
#7335 = AXIS2_PLACEMENT_3D('',#7336,#7337,#7338);
#7336 = CARTESIAN_POINT('',(140.037811,-65.82,-4.6E-02));
#7337 = DIRECTION('',(-0.,-0.,-1.));
#7338 = DIRECTION('',(-0.,-1.,0.));
#7339 = ADVANCED_FACE('',(#7340),#7351,.F.);
#7340 = FACE_BOUND('',#7341,.T.);
#7341 = EDGE_LOOP('',(#7342,#7343,#7349,#7350));
#7342 = ORIENTED_EDGE('',*,*,#3332,.T.);
#7343 = ORIENTED_EDGE('',*,*,#7344,.T.);
#7344 = EDGE_CURVE('',#3333,#5221,#7345,.T.);
#7345 = LINE('',#7346,#7347);
#7346 = CARTESIAN_POINT('',(142.577811,-66.32,-4.6E-02));
#7347 = VECTOR('',#7348,1.);
#7348 = DIRECTION('',(0.,0.,1.));
#7349 = ORIENTED_EDGE('',*,*,#5220,.F.);
#7350 = ORIENTED_EDGE('',*,*,#7344,.F.);
#7351 = CYLINDRICAL_SURFACE('',#7352,0.5);
#7352 = AXIS2_PLACEMENT_3D('',#7353,#7354,#7355);
#7353 = CARTESIAN_POINT('',(142.577811,-65.82,-4.6E-02));
#7354 = DIRECTION('',(-0.,-0.,-1.));
#7355 = DIRECTION('',(-0.,-1.,0.));
#7356 = ADVANCED_FACE('',(#7357),#7368,.F.);
#7357 = FACE_BOUND('',#7358,.T.);
#7358 = EDGE_LOOP('',(#7359,#7360,#7366,#7367));
#7359 = ORIENTED_EDGE('',*,*,#3343,.T.);
#7360 = ORIENTED_EDGE('',*,*,#7361,.T.);
#7361 = EDGE_CURVE('',#3344,#5232,#7362,.T.);
#7362 = LINE('',#7363,#7364);
#7363 = CARTESIAN_POINT('',(145.117811,-66.32,-4.6E-02));
#7364 = VECTOR('',#7365,1.);
#7365 = DIRECTION('',(0.,0.,1.));
#7366 = ORIENTED_EDGE('',*,*,#5231,.F.);
#7367 = ORIENTED_EDGE('',*,*,#7361,.F.);
#7368 = CYLINDRICAL_SURFACE('',#7369,0.5);
#7369 = AXIS2_PLACEMENT_3D('',#7370,#7371,#7372);
#7370 = CARTESIAN_POINT('',(145.117811,-65.82,-4.6E-02));
#7371 = DIRECTION('',(-0.,-0.,-1.));
#7372 = DIRECTION('',(-0.,-1.,0.));
#7373 = ADVANCED_FACE('',(#7374),#7385,.F.);
#7374 = FACE_BOUND('',#7375,.T.);
#7375 = EDGE_LOOP('',(#7376,#7377,#7383,#7384));
#7376 = ORIENTED_EDGE('',*,*,#3354,.T.);
#7377 = ORIENTED_EDGE('',*,*,#7378,.T.);
#7378 = EDGE_CURVE('',#3355,#5243,#7379,.T.);
#7379 = LINE('',#7380,#7381);
#7380 = CARTESIAN_POINT('',(74.389867,-59.915,-4.6E-02));
#7381 = VECTOR('',#7382,1.);
#7382 = DIRECTION('',(0.,0.,1.));
#7383 = ORIENTED_EDGE('',*,*,#5242,.F.);
#7384 = ORIENTED_EDGE('',*,*,#7378,.F.);
#7385 = CYLINDRICAL_SURFACE('',#7386,0.4);
#7386 = AXIS2_PLACEMENT_3D('',#7387,#7388,#7389);
#7387 = CARTESIAN_POINT('',(74.389867,-59.515,-4.6E-02));
#7388 = DIRECTION('',(-0.,-0.,-1.));
#7389 = DIRECTION('',(-3.552713678801E-14,-1.,0.));
#7390 = ADVANCED_FACE('',(#7391),#7402,.F.);
#7391 = FACE_BOUND('',#7392,.T.);
#7392 = EDGE_LOOP('',(#7393,#7394,#7400,#7401));
#7393 = ORIENTED_EDGE('',*,*,#3365,.T.);
#7394 = ORIENTED_EDGE('',*,*,#7395,.T.);
#7395 = EDGE_CURVE('',#3366,#5254,#7396,.T.);
#7396 = LINE('',#7397,#7398);
#7397 = CARTESIAN_POINT('',(76.889867,-59.915,-4.6E-02));
#7398 = VECTOR('',#7399,1.);
#7399 = DIRECTION('',(0.,0.,1.));
#7400 = ORIENTED_EDGE('',*,*,#5253,.F.);
#7401 = ORIENTED_EDGE('',*,*,#7395,.F.);
#7402 = CYLINDRICAL_SURFACE('',#7403,0.4);
#7403 = AXIS2_PLACEMENT_3D('',#7404,#7405,#7406);
#7404 = CARTESIAN_POINT('',(76.889867,-59.515,-4.6E-02));
#7405 = DIRECTION('',(-0.,-0.,-1.));
#7406 = DIRECTION('',(-3.552713678801E-14,-1.,0.));
#7407 = ADVANCED_FACE('',(#7408),#7419,.F.);
#7408 = FACE_BOUND('',#7409,.T.);
#7409 = EDGE_LOOP('',(#7410,#7411,#7417,#7418));
#7410 = ORIENTED_EDGE('',*,*,#3376,.T.);
#7411 = ORIENTED_EDGE('',*,*,#7412,.T.);
#7412 = EDGE_CURVE('',#3377,#5265,#7413,.T.);
#7413 = LINE('',#7414,#7415);
#7414 = CARTESIAN_POINT('',(83.085756,-59.915,-4.6E-02));
#7415 = VECTOR('',#7416,1.);
#7416 = DIRECTION('',(0.,0.,1.));
#7417 = ORIENTED_EDGE('',*,*,#5264,.F.);
#7418 = ORIENTED_EDGE('',*,*,#7412,.F.);
#7419 = CYLINDRICAL_SURFACE('',#7420,0.4);
#7420 = AXIS2_PLACEMENT_3D('',#7421,#7422,#7423);
#7421 = CARTESIAN_POINT('',(83.085756,-59.515,-4.6E-02));
#7422 = DIRECTION('',(-0.,-0.,-1.));
#7423 = DIRECTION('',(-0.,-1.,0.));
#7424 = ADVANCED_FACE('',(#7425),#7436,.F.);
#7425 = FACE_BOUND('',#7426,.T.);
#7426 = EDGE_LOOP('',(#7427,#7428,#7434,#7435));
#7427 = ORIENTED_EDGE('',*,*,#3387,.T.);
#7428 = ORIENTED_EDGE('',*,*,#7429,.T.);
#7429 = EDGE_CURVE('',#3388,#5276,#7430,.T.);
#7430 = LINE('',#7431,#7432);
#7431 = CARTESIAN_POINT('',(85.585756,-59.915,-4.6E-02));
#7432 = VECTOR('',#7433,1.);
#7433 = DIRECTION('',(0.,0.,1.));
#7434 = ORIENTED_EDGE('',*,*,#5275,.F.);
#7435 = ORIENTED_EDGE('',*,*,#7429,.F.);
#7436 = CYLINDRICAL_SURFACE('',#7437,0.4);
#7437 = AXIS2_PLACEMENT_3D('',#7438,#7439,#7440);
#7438 = CARTESIAN_POINT('',(85.585756,-59.515,-4.6E-02));
#7439 = DIRECTION('',(-0.,-0.,-1.));
#7440 = DIRECTION('',(-0.,-1.,0.));
#7441 = ADVANCED_FACE('',(#7442),#7453,.F.);
#7442 = FACE_BOUND('',#7443,.T.);
#7443 = EDGE_LOOP('',(#7444,#7445,#7451,#7452));
#7444 = ORIENTED_EDGE('',*,*,#3398,.T.);
#7445 = ORIENTED_EDGE('',*,*,#7446,.T.);
#7446 = EDGE_CURVE('',#3399,#5287,#7447,.T.);
#7447 = LINE('',#7448,#7449);
#7448 = CARTESIAN_POINT('',(87.469867,-55.5,-4.6E-02));
#7449 = VECTOR('',#7450,1.);
#7450 = DIRECTION('',(0.,0.,1.));
#7451 = ORIENTED_EDGE('',*,*,#5286,.F.);
#7452 = ORIENTED_EDGE('',*,*,#7446,.F.);
#7453 = CYLINDRICAL_SURFACE('',#7454,0.5);
#7454 = AXIS2_PLACEMENT_3D('',#7455,#7456,#7457);
#7455 = CARTESIAN_POINT('',(87.469867,-55.,-4.6E-02));
#7456 = DIRECTION('',(-0.,-0.,-1.));
#7457 = DIRECTION('',(-0.,-1.,0.));
#7458 = ADVANCED_FACE('',(#7459),#7470,.F.);
#7459 = FACE_BOUND('',#7460,.T.);
#7460 = EDGE_LOOP('',(#7461,#7462,#7468,#7469));
#7461 = ORIENTED_EDGE('',*,*,#3409,.T.);
#7462 = ORIENTED_EDGE('',*,*,#7463,.T.);
#7463 = EDGE_CURVE('',#3410,#5298,#7464,.T.);
#7464 = LINE('',#7465,#7466);
#7465 = CARTESIAN_POINT('',(101.503395,-59.915,-4.6E-02));
#7466 = VECTOR('',#7467,1.);
#7467 = DIRECTION('',(0.,0.,1.));
#7468 = ORIENTED_EDGE('',*,*,#5297,.F.);
#7469 = ORIENTED_EDGE('',*,*,#7463,.F.);
#7470 = CYLINDRICAL_SURFACE('',#7471,0.4);
#7471 = AXIS2_PLACEMENT_3D('',#7472,#7473,#7474);
#7472 = CARTESIAN_POINT('',(101.503395,-59.515,-4.6E-02));
#7473 = DIRECTION('',(-0.,-0.,-1.));
#7474 = DIRECTION('',(-3.552713678801E-14,-1.,0.));
#7475 = ADVANCED_FACE('',(#7476),#7487,.F.);
#7476 = FACE_BOUND('',#7477,.T.);
#7477 = EDGE_LOOP('',(#7478,#7479,#7485,#7486));
#7478 = ORIENTED_EDGE('',*,*,#3420,.T.);
#7479 = ORIENTED_EDGE('',*,*,#7480,.T.);
#7480 = EDGE_CURVE('',#3421,#5309,#7481,.T.);
#7481 = LINE('',#7482,#7483);
#7482 = CARTESIAN_POINT('',(104.003395,-59.915,-4.6E-02));
#7483 = VECTOR('',#7484,1.);
#7484 = DIRECTION('',(0.,0.,1.));
#7485 = ORIENTED_EDGE('',*,*,#5308,.F.);
#7486 = ORIENTED_EDGE('',*,*,#7480,.F.);
#7487 = CYLINDRICAL_SURFACE('',#7488,0.4);
#7488 = AXIS2_PLACEMENT_3D('',#7489,#7490,#7491);
#7489 = CARTESIAN_POINT('',(104.003395,-59.515,-4.6E-02));
#7490 = DIRECTION('',(-0.,-0.,-1.));
#7491 = DIRECTION('',(-3.552713678801E-14,-1.,0.));
#7492 = ADVANCED_FACE('',(#7493),#7504,.F.);
#7493 = FACE_BOUND('',#7494,.T.);
#7494 = EDGE_LOOP('',(#7495,#7496,#7502,#7503));
#7495 = ORIENTED_EDGE('',*,*,#3431,.T.);
#7496 = ORIENTED_EDGE('',*,*,#7497,.T.);
#7497 = EDGE_CURVE('',#3432,#5320,#7498,.T.);
#7498 = LINE('',#7499,#7500);
#7499 = CARTESIAN_POINT('',(90.009867,-55.5,-4.6E-02));
#7500 = VECTOR('',#7501,1.);
#7501 = DIRECTION('',(0.,0.,1.));
#7502 = ORIENTED_EDGE('',*,*,#5319,.F.);
#7503 = ORIENTED_EDGE('',*,*,#7497,.F.);
#7504 = CYLINDRICAL_SURFACE('',#7505,0.5);
#7505 = AXIS2_PLACEMENT_3D('',#7506,#7507,#7508);
#7506 = CARTESIAN_POINT('',(90.009867,-55.,-4.6E-02));
#7507 = DIRECTION('',(-0.,-0.,-1.));
#7508 = DIRECTION('',(-0.,-1.,0.));
#7509 = ADVANCED_FACE('',(#7510),#7521,.F.);
#7510 = FACE_BOUND('',#7511,.T.);
#7511 = EDGE_LOOP('',(#7512,#7513,#7519,#7520));
#7512 = ORIENTED_EDGE('',*,*,#3442,.T.);
#7513 = ORIENTED_EDGE('',*,*,#7514,.T.);
#7514 = EDGE_CURVE('',#3443,#5331,#7515,.T.);
#7515 = LINE('',#7516,#7517);
#7516 = CARTESIAN_POINT('',(92.549867,-55.5,-4.6E-02));
#7517 = VECTOR('',#7518,1.);
#7518 = DIRECTION('',(0.,0.,1.));
#7519 = ORIENTED_EDGE('',*,*,#5330,.F.);
#7520 = ORIENTED_EDGE('',*,*,#7514,.F.);
#7521 = CYLINDRICAL_SURFACE('',#7522,0.5);
#7522 = AXIS2_PLACEMENT_3D('',#7523,#7524,#7525);
#7523 = CARTESIAN_POINT('',(92.549867,-55.,-4.6E-02));
#7524 = DIRECTION('',(-0.,-0.,-1.));
#7525 = DIRECTION('',(-0.,-1.,0.));
#7526 = ADVANCED_FACE('',(#7527),#7538,.F.);
#7527 = FACE_BOUND('',#7528,.T.);
#7528 = EDGE_LOOP('',(#7529,#7530,#7536,#7537));
#7529 = ORIENTED_EDGE('',*,*,#3453,.T.);
#7530 = ORIENTED_EDGE('',*,*,#7531,.T.);
#7531 = EDGE_CURVE('',#3454,#5342,#7532,.T.);
#7532 = LINE('',#7533,#7534);
#7533 = CARTESIAN_POINT('',(95.089867,-55.5,-4.6E-02));
#7534 = VECTOR('',#7535,1.);
#7535 = DIRECTION('',(0.,0.,1.));
#7536 = ORIENTED_EDGE('',*,*,#5341,.F.);
#7537 = ORIENTED_EDGE('',*,*,#7531,.F.);
#7538 = CYLINDRICAL_SURFACE('',#7539,0.5);
#7539 = AXIS2_PLACEMENT_3D('',#7540,#7541,#7542);
#7540 = CARTESIAN_POINT('',(95.089867,-55.,-4.6E-02));
#7541 = DIRECTION('',(-0.,-0.,-1.));
#7542 = DIRECTION('',(-0.,-1.,0.));
#7543 = ADVANCED_FACE('',(#7544),#7555,.F.);
#7544 = FACE_BOUND('',#7545,.T.);
#7545 = EDGE_LOOP('',(#7546,#7547,#7553,#7554));
#7546 = ORIENTED_EDGE('',*,*,#3464,.T.);
#7547 = ORIENTED_EDGE('',*,*,#7548,.T.);
#7548 = EDGE_CURVE('',#3465,#5353,#7549,.T.);
#7549 = LINE('',#7550,#7551);
#7550 = CARTESIAN_POINT('',(97.629867,-55.5,-4.6E-02));
#7551 = VECTOR('',#7552,1.);
#7552 = DIRECTION('',(0.,0.,1.));
#7553 = ORIENTED_EDGE('',*,*,#5352,.F.);
#7554 = ORIENTED_EDGE('',*,*,#7548,.F.);
#7555 = CYLINDRICAL_SURFACE('',#7556,0.5);
#7556 = AXIS2_PLACEMENT_3D('',#7557,#7558,#7559);
#7557 = CARTESIAN_POINT('',(97.629867,-55.,-4.6E-02));
#7558 = DIRECTION('',(-0.,-0.,-1.));
#7559 = DIRECTION('',(-0.,-1.,0.));
#7560 = ADVANCED_FACE('',(#7561),#7572,.F.);
#7561 = FACE_BOUND('',#7562,.T.);
#7562 = EDGE_LOOP('',(#7563,#7564,#7570,#7571));
#7563 = ORIENTED_EDGE('',*,*,#3475,.T.);
#7564 = ORIENTED_EDGE('',*,*,#7565,.T.);
#7565 = EDGE_CURVE('',#3476,#5364,#7566,.T.);
#7566 = LINE('',#7567,#7568);
#7567 = CARTESIAN_POINT('',(100.169867,-55.5,-4.6E-02));
#7568 = VECTOR('',#7569,1.);
#7569 = DIRECTION('',(0.,0.,1.));
#7570 = ORIENTED_EDGE('',*,*,#5363,.F.);
#7571 = ORIENTED_EDGE('',*,*,#7565,.F.);
#7572 = CYLINDRICAL_SURFACE('',#7573,0.5);
#7573 = AXIS2_PLACEMENT_3D('',#7574,#7575,#7576);
#7574 = CARTESIAN_POINT('',(100.169867,-55.,-4.6E-02));
#7575 = DIRECTION('',(-0.,-0.,-1.));
#7576 = DIRECTION('',(-0.,-1.,0.));
#7577 = ADVANCED_FACE('',(#7578),#7589,.F.);
#7578 = FACE_BOUND('',#7579,.T.);
#7579 = EDGE_LOOP('',(#7580,#7581,#7587,#7588));
#7580 = ORIENTED_EDGE('',*,*,#3486,.T.);
#7581 = ORIENTED_EDGE('',*,*,#7582,.T.);
#7582 = EDGE_CURVE('',#3487,#5375,#7583,.T.);
#7583 = LINE('',#7584,#7585);
#7584 = CARTESIAN_POINT('',(102.709867,-55.5,-4.6E-02));
#7585 = VECTOR('',#7586,1.);
#7586 = DIRECTION('',(0.,0.,1.));
#7587 = ORIENTED_EDGE('',*,*,#5374,.F.);
#7588 = ORIENTED_EDGE('',*,*,#7582,.F.);
#7589 = CYLINDRICAL_SURFACE('',#7590,0.5);
#7590 = AXIS2_PLACEMENT_3D('',#7591,#7592,#7593);
#7591 = CARTESIAN_POINT('',(102.709867,-55.,-4.6E-02));
#7592 = DIRECTION('',(-0.,-0.,-1.));
#7593 = DIRECTION('',(-0.,-1.,0.));
#7594 = ADVANCED_FACE('',(#7595),#7606,.F.);
#7595 = FACE_BOUND('',#7596,.T.);
#7596 = EDGE_LOOP('',(#7597,#7598,#7604,#7605));
#7597 = ORIENTED_EDGE('',*,*,#3497,.T.);
#7598 = ORIENTED_EDGE('',*,*,#7599,.T.);
#7599 = EDGE_CURVE('',#3498,#5386,#7600,.T.);
#7600 = LINE('',#7601,#7602);
#7601 = CARTESIAN_POINT('',(105.249867,-55.5,-4.6E-02));
#7602 = VECTOR('',#7603,1.);
#7603 = DIRECTION('',(0.,0.,1.));
#7604 = ORIENTED_EDGE('',*,*,#5385,.F.);
#7605 = ORIENTED_EDGE('',*,*,#7599,.F.);
#7606 = CYLINDRICAL_SURFACE('',#7607,0.5);
#7607 = AXIS2_PLACEMENT_3D('',#7608,#7609,#7610);
#7608 = CARTESIAN_POINT('',(105.249867,-55.,-4.6E-02));
#7609 = DIRECTION('',(-0.,-0.,-1.));
#7610 = DIRECTION('',(-0.,-1.,0.));
#7611 = ADVANCED_FACE('',(#7612),#7623,.F.);
#7612 = FACE_BOUND('',#7613,.T.);
#7613 = EDGE_LOOP('',(#7614,#7615,#7621,#7622));
#7614 = ORIENTED_EDGE('',*,*,#3508,.T.);
#7615 = ORIENTED_EDGE('',*,*,#7616,.T.);
#7616 = EDGE_CURVE('',#3509,#5397,#7617,.T.);
#7617 = LINE('',#7618,#7619);
#7618 = CARTESIAN_POINT('',(107.789867,-55.5,-4.6E-02));
#7619 = VECTOR('',#7620,1.);
#7620 = DIRECTION('',(0.,0.,1.));
#7621 = ORIENTED_EDGE('',*,*,#5396,.F.);
#7622 = ORIENTED_EDGE('',*,*,#7616,.F.);
#7623 = CYLINDRICAL_SURFACE('',#7624,0.5);
#7624 = AXIS2_PLACEMENT_3D('',#7625,#7626,#7627);
#7625 = CARTESIAN_POINT('',(107.789867,-55.,-4.6E-02));
#7626 = DIRECTION('',(-0.,-0.,-1.));
#7627 = DIRECTION('',(-0.,-1.,0.));
#7628 = ADVANCED_FACE('',(#7629),#7640,.F.);
#7629 = FACE_BOUND('',#7630,.T.);
#7630 = EDGE_LOOP('',(#7631,#7632,#7638,#7639));
#7631 = ORIENTED_EDGE('',*,*,#3519,.T.);
#7632 = ORIENTED_EDGE('',*,*,#7633,.T.);
#7633 = EDGE_CURVE('',#3520,#5408,#7634,.T.);
#7634 = LINE('',#7635,#7636);
#7635 = CARTESIAN_POINT('',(80.504867,-40.16,-4.6E-02));
#7636 = VECTOR('',#7637,1.);
#7637 = DIRECTION('',(0.,0.,1.));
#7638 = ORIENTED_EDGE('',*,*,#5407,.F.);
#7639 = ORIENTED_EDGE('',*,*,#7633,.F.);
#7640 = CYLINDRICAL_SURFACE('',#7641,0.4);
#7641 = AXIS2_PLACEMENT_3D('',#7642,#7643,#7644);
#7642 = CARTESIAN_POINT('',(80.504867,-39.76,-4.6E-02));
#7643 = DIRECTION('',(-0.,0.,-1.));
#7644 = DIRECTION('',(3.5527136788E-14,-1.,-0.));
#7645 = ADVANCED_FACE('',(#7646),#7657,.F.);
#7646 = FACE_BOUND('',#7647,.T.);
#7647 = EDGE_LOOP('',(#7648,#7649,#7655,#7656));
#7648 = ORIENTED_EDGE('',*,*,#3530,.T.);
#7649 = ORIENTED_EDGE('',*,*,#7650,.T.);
#7650 = EDGE_CURVE('',#3531,#5419,#7651,.T.);
#7651 = LINE('',#7652,#7653);
#7652 = CARTESIAN_POINT('',(83.004867,-40.16,-4.6E-02));
#7653 = VECTOR('',#7654,1.);
#7654 = DIRECTION('',(0.,0.,1.));
#7655 = ORIENTED_EDGE('',*,*,#5418,.F.);
#7656 = ORIENTED_EDGE('',*,*,#7650,.F.);
#7657 = CYLINDRICAL_SURFACE('',#7658,0.4);
#7658 = AXIS2_PLACEMENT_3D('',#7659,#7660,#7661);
#7659 = CARTESIAN_POINT('',(83.004867,-39.76,-4.6E-02));
#7660 = DIRECTION('',(-0.,0.,-1.));
#7661 = DIRECTION('',(3.5527136788E-14,-1.,-0.));
#7662 = ADVANCED_FACE('',(#7663),#7674,.F.);
#7663 = FACE_BOUND('',#7664,.T.);
#7664 = EDGE_LOOP('',(#7665,#7666,#7672,#7673));
#7665 = ORIENTED_EDGE('',*,*,#3541,.T.);
#7666 = ORIENTED_EDGE('',*,*,#7667,.T.);
#7667 = EDGE_CURVE('',#3542,#5430,#7668,.T.);
#7668 = LINE('',#7669,#7670);
#7669 = CARTESIAN_POINT('',(87.469867,-40.26,-4.6E-02));
#7670 = VECTOR('',#7671,1.);
#7671 = DIRECTION('',(0.,0.,1.));
#7672 = ORIENTED_EDGE('',*,*,#5429,.F.);
#7673 = ORIENTED_EDGE('',*,*,#7667,.F.);
#7674 = CYLINDRICAL_SURFACE('',#7675,0.5);
#7675 = AXIS2_PLACEMENT_3D('',#7676,#7677,#7678);
#7676 = CARTESIAN_POINT('',(87.469867,-39.76,-4.6E-02));
#7677 = DIRECTION('',(-0.,-0.,-1.));
#7678 = DIRECTION('',(-0.,-1.,0.));
#7679 = ADVANCED_FACE('',(#7680),#7691,.F.);
#7680 = FACE_BOUND('',#7681,.T.);
#7681 = EDGE_LOOP('',(#7682,#7683,#7689,#7690));
#7682 = ORIENTED_EDGE('',*,*,#3552,.T.);
#7683 = ORIENTED_EDGE('',*,*,#7684,.T.);
#7684 = EDGE_CURVE('',#3553,#5441,#7685,.T.);
#7685 = LINE('',#7686,#7687);
#7686 = CARTESIAN_POINT('',(88.739867,-48.63,-4.6E-02));
#7687 = VECTOR('',#7688,1.);
#7688 = DIRECTION('',(0.,0.,1.));
#7689 = ORIENTED_EDGE('',*,*,#5440,.F.);
#7690 = ORIENTED_EDGE('',*,*,#7684,.F.);
#7691 = CYLINDRICAL_SURFACE('',#7692,1.25);
#7692 = AXIS2_PLACEMENT_3D('',#7693,#7694,#7695);
#7693 = CARTESIAN_POINT('',(88.739867,-47.38,-4.6E-02));
#7694 = DIRECTION('',(-0.,-0.,-1.));
#7695 = DIRECTION('',(-0.,-1.,0.));
#7696 = ADVANCED_FACE('',(#7697),#7708,.F.);
#7697 = FACE_BOUND('',#7698,.T.);
#7698 = EDGE_LOOP('',(#7699,#7700,#7706,#7707));
#7699 = ORIENTED_EDGE('',*,*,#3563,.T.);
#7700 = ORIENTED_EDGE('',*,*,#7701,.T.);
#7701 = EDGE_CURVE('',#3564,#5452,#7702,.T.);
#7702 = LINE('',#7703,#7704);
#7703 = CARTESIAN_POINT('',(90.009867,-40.26,-4.6E-02));
#7704 = VECTOR('',#7705,1.);
#7705 = DIRECTION('',(0.,0.,1.));
#7706 = ORIENTED_EDGE('',*,*,#5451,.F.);
#7707 = ORIENTED_EDGE('',*,*,#7701,.F.);
#7708 = CYLINDRICAL_SURFACE('',#7709,0.5);
#7709 = AXIS2_PLACEMENT_3D('',#7710,#7711,#7712);
#7710 = CARTESIAN_POINT('',(90.009867,-39.76,-4.6E-02));
#7711 = DIRECTION('',(-0.,-0.,-1.));
#7712 = DIRECTION('',(-0.,-1.,0.));
#7713 = ADVANCED_FACE('',(#7714),#7725,.F.);
#7714 = FACE_BOUND('',#7715,.T.);
#7715 = EDGE_LOOP('',(#7716,#7717,#7723,#7724));
#7716 = ORIENTED_EDGE('',*,*,#3574,.T.);
#7717 = ORIENTED_EDGE('',*,*,#7718,.T.);
#7718 = EDGE_CURVE('',#3575,#5463,#7719,.T.);
#7719 = LINE('',#7720,#7721);
#7720 = CARTESIAN_POINT('',(92.549867,-40.26,-4.6E-02));
#7721 = VECTOR('',#7722,1.);
#7722 = DIRECTION('',(0.,0.,1.));
#7723 = ORIENTED_EDGE('',*,*,#5462,.F.);
#7724 = ORIENTED_EDGE('',*,*,#7718,.F.);
#7725 = CYLINDRICAL_SURFACE('',#7726,0.5);
#7726 = AXIS2_PLACEMENT_3D('',#7727,#7728,#7729);
#7727 = CARTESIAN_POINT('',(92.549867,-39.76,-4.6E-02));
#7728 = DIRECTION('',(-0.,-0.,-1.));
#7729 = DIRECTION('',(-0.,-1.,0.));
#7730 = ADVANCED_FACE('',(#7731),#7742,.F.);
#7731 = FACE_BOUND('',#7732,.T.);
#7732 = EDGE_LOOP('',(#7733,#7734,#7740,#7741));
#7733 = ORIENTED_EDGE('',*,*,#3585,.T.);
#7734 = ORIENTED_EDGE('',*,*,#7735,.T.);
#7735 = EDGE_CURVE('',#3586,#5474,#7736,.T.);
#7736 = LINE('',#7737,#7738);
#7737 = CARTESIAN_POINT('',(95.089867,-40.26,-4.6E-02));
#7738 = VECTOR('',#7739,1.);
#7739 = DIRECTION('',(0.,0.,1.));
#7740 = ORIENTED_EDGE('',*,*,#5473,.F.);
#7741 = ORIENTED_EDGE('',*,*,#7735,.F.);
#7742 = CYLINDRICAL_SURFACE('',#7743,0.5);
#7743 = AXIS2_PLACEMENT_3D('',#7744,#7745,#7746);
#7744 = CARTESIAN_POINT('',(95.089867,-39.76,-4.6E-02));
#7745 = DIRECTION('',(-0.,-0.,-1.));
#7746 = DIRECTION('',(-0.,-1.,0.));
#7747 = ADVANCED_FACE('',(#7748),#7759,.F.);
#7748 = FACE_BOUND('',#7749,.T.);
#7749 = EDGE_LOOP('',(#7750,#7751,#7757,#7758));
#7750 = ORIENTED_EDGE('',*,*,#3596,.T.);
#7751 = ORIENTED_EDGE('',*,*,#7752,.T.);
#7752 = EDGE_CURVE('',#3597,#5485,#7753,.T.);
#7753 = LINE('',#7754,#7755);
#7754 = CARTESIAN_POINT('',(97.629867,-40.26,-4.6E-02));
#7755 = VECTOR('',#7756,1.);
#7756 = DIRECTION('',(0.,0.,1.));
#7757 = ORIENTED_EDGE('',*,*,#5484,.F.);
#7758 = ORIENTED_EDGE('',*,*,#7752,.F.);
#7759 = CYLINDRICAL_SURFACE('',#7760,0.5);
#7760 = AXIS2_PLACEMENT_3D('',#7761,#7762,#7763);
#7761 = CARTESIAN_POINT('',(97.629867,-39.76,-4.6E-02));
#7762 = DIRECTION('',(-0.,-0.,-1.));
#7763 = DIRECTION('',(-0.,-1.,0.));
#7764 = ADVANCED_FACE('',(#7765),#7776,.F.);
#7765 = FACE_BOUND('',#7766,.T.);
#7766 = EDGE_LOOP('',(#7767,#7768,#7774,#7775));
#7767 = ORIENTED_EDGE('',*,*,#3607,.T.);
#7768 = ORIENTED_EDGE('',*,*,#7769,.T.);
#7769 = EDGE_CURVE('',#3608,#5496,#7770,.T.);
#7770 = LINE('',#7771,#7772);
#7771 = CARTESIAN_POINT('',(100.169867,-40.26,-4.6E-02));
#7772 = VECTOR('',#7773,1.);
#7773 = DIRECTION('',(0.,0.,1.));
#7774 = ORIENTED_EDGE('',*,*,#5495,.F.);
#7775 = ORIENTED_EDGE('',*,*,#7769,.F.);
#7776 = CYLINDRICAL_SURFACE('',#7777,0.5);
#7777 = AXIS2_PLACEMENT_3D('',#7778,#7779,#7780);
#7778 = CARTESIAN_POINT('',(100.169867,-39.76,-4.6E-02));
#7779 = DIRECTION('',(-0.,-0.,-1.));
#7780 = DIRECTION('',(-0.,-1.,0.));
#7781 = ADVANCED_FACE('',(#7782),#7793,.F.);
#7782 = FACE_BOUND('',#7783,.T.);
#7783 = EDGE_LOOP('',(#7784,#7785,#7791,#7792));
#7784 = ORIENTED_EDGE('',*,*,#3618,.T.);
#7785 = ORIENTED_EDGE('',*,*,#7786,.T.);
#7786 = EDGE_CURVE('',#3619,#5507,#7787,.T.);
#7787 = LINE('',#7788,#7789);
#7788 = CARTESIAN_POINT('',(102.709867,-40.26,-4.6E-02));
#7789 = VECTOR('',#7790,1.);
#7790 = DIRECTION('',(0.,0.,1.));
#7791 = ORIENTED_EDGE('',*,*,#5506,.F.);
#7792 = ORIENTED_EDGE('',*,*,#7786,.F.);
#7793 = CYLINDRICAL_SURFACE('',#7794,0.5);
#7794 = AXIS2_PLACEMENT_3D('',#7795,#7796,#7797);
#7795 = CARTESIAN_POINT('',(102.709867,-39.76,-4.6E-02));
#7796 = DIRECTION('',(-0.,-0.,-1.));
#7797 = DIRECTION('',(-0.,-1.,0.));
#7798 = ADVANCED_FACE('',(#7799),#7810,.F.);
#7799 = FACE_BOUND('',#7800,.T.);
#7800 = EDGE_LOOP('',(#7801,#7802,#7808,#7809));
#7801 = ORIENTED_EDGE('',*,*,#3629,.T.);
#7802 = ORIENTED_EDGE('',*,*,#7803,.T.);
#7803 = EDGE_CURVE('',#3630,#5518,#7804,.T.);
#7804 = LINE('',#7805,#7806);
#7805 = CARTESIAN_POINT('',(105.249867,-40.26,-4.6E-02));
#7806 = VECTOR('',#7807,1.);
#7807 = DIRECTION('',(0.,0.,1.));
#7808 = ORIENTED_EDGE('',*,*,#5517,.F.);
#7809 = ORIENTED_EDGE('',*,*,#7803,.F.);
#7810 = CYLINDRICAL_SURFACE('',#7811,0.5);
#7811 = AXIS2_PLACEMENT_3D('',#7812,#7813,#7814);
#7812 = CARTESIAN_POINT('',(105.249867,-39.76,-4.6E-02));
#7813 = DIRECTION('',(-0.,-0.,-1.));
#7814 = DIRECTION('',(-0.,-1.,0.));
#7815 = ADVANCED_FACE('',(#7816),#7827,.F.);
#7816 = FACE_BOUND('',#7817,.T.);
#7817 = EDGE_LOOP('',(#7818,#7819,#7825,#7826));
#7818 = ORIENTED_EDGE('',*,*,#3640,.T.);
#7819 = ORIENTED_EDGE('',*,*,#7820,.T.);
#7820 = EDGE_CURVE('',#3641,#5529,#7821,.T.);
#7821 = LINE('',#7822,#7823);
#7822 = CARTESIAN_POINT('',(107.789867,-40.26,-4.6E-02));
#7823 = VECTOR('',#7824,1.);
#7824 = DIRECTION('',(0.,0.,1.));
#7825 = ORIENTED_EDGE('',*,*,#5528,.F.);
#7826 = ORIENTED_EDGE('',*,*,#7820,.F.);
#7827 = CYLINDRICAL_SURFACE('',#7828,0.5);
#7828 = AXIS2_PLACEMENT_3D('',#7829,#7830,#7831);
#7829 = CARTESIAN_POINT('',(107.789867,-39.76,-4.6E-02));
#7830 = DIRECTION('',(-0.,-0.,-1.));
#7831 = DIRECTION('',(-0.,-1.,0.));
#7832 = ADVANCED_FACE('',(#7833),#7844,.F.);
#7833 = FACE_BOUND('',#7834,.T.);
#7834 = EDGE_LOOP('',(#7835,#7836,#7842,#7843));
#7835 = ORIENTED_EDGE('',*,*,#3651,.T.);
#7836 = ORIENTED_EDGE('',*,*,#7837,.T.);
#7837 = EDGE_CURVE('',#3652,#5540,#7838,.T.);
#7838 = LINE('',#7839,#7840);
#7839 = CARTESIAN_POINT('',(109.449284,-59.665,-4.6E-02));
#7840 = VECTOR('',#7841,1.);
#7841 = DIRECTION('',(0.,0.,1.));
#7842 = ORIENTED_EDGE('',*,*,#5539,.F.);
#7843 = ORIENTED_EDGE('',*,*,#7837,.F.);
#7844 = CYLINDRICAL_SURFACE('',#7845,0.4);
#7845 = AXIS2_PLACEMENT_3D('',#7846,#7847,#7848);
#7846 = CARTESIAN_POINT('',(109.449284,-59.265,-4.6E-02));
#7847 = DIRECTION('',(-0.,-0.,-1.));
#7848 = DIRECTION('',(-0.,-1.,0.));
#7849 = ADVANCED_FACE('',(#7850),#7861,.F.);
#7850 = FACE_BOUND('',#7851,.T.);
#7851 = EDGE_LOOP('',(#7852,#7853,#7859,#7860));
#7852 = ORIENTED_EDGE('',*,*,#3662,.T.);
#7853 = ORIENTED_EDGE('',*,*,#7854,.T.);
#7854 = EDGE_CURVE('',#3663,#5551,#7855,.T.);
#7855 = LINE('',#7856,#7857);
#7856 = CARTESIAN_POINT('',(111.949284,-59.665,-4.6E-02));
#7857 = VECTOR('',#7858,1.);
#7858 = DIRECTION('',(0.,0.,1.));
#7859 = ORIENTED_EDGE('',*,*,#5550,.F.);
#7860 = ORIENTED_EDGE('',*,*,#7854,.F.);
#7861 = CYLINDRICAL_SURFACE('',#7862,0.4);
#7862 = AXIS2_PLACEMENT_3D('',#7863,#7864,#7865);
#7863 = CARTESIAN_POINT('',(111.949284,-59.265,-4.6E-02));
#7864 = DIRECTION('',(-0.,-0.,-1.));
#7865 = DIRECTION('',(-0.,-1.,0.));
#7866 = ADVANCED_FACE('',(#7867),#7878,.F.);
#7867 = FACE_BOUND('',#7868,.T.);
#7868 = EDGE_LOOP('',(#7869,#7870,#7876,#7877));
#7869 = ORIENTED_EDGE('',*,*,#3673,.T.);
#7870 = ORIENTED_EDGE('',*,*,#7871,.T.);
#7871 = EDGE_CURVE('',#3674,#5562,#7872,.T.);
#7872 = LINE('',#7873,#7874);
#7873 = CARTESIAN_POINT('',(128.636923,-59.915,-4.6E-02));
#7874 = VECTOR('',#7875,1.);
#7875 = DIRECTION('',(0.,0.,1.));
#7876 = ORIENTED_EDGE('',*,*,#5561,.F.);
#7877 = ORIENTED_EDGE('',*,*,#7871,.F.);
#7878 = CYLINDRICAL_SURFACE('',#7879,0.4);
#7879 = AXIS2_PLACEMENT_3D('',#7880,#7881,#7882);
#7880 = CARTESIAN_POINT('',(128.636923,-59.515,-4.6E-02));
#7881 = DIRECTION('',(-0.,-0.,-1.));
#7882 = DIRECTION('',(-0.,-1.,0.));
#7883 = ADVANCED_FACE('',(#7884),#7895,.F.);
#7884 = FACE_BOUND('',#7885,.T.);
#7885 = EDGE_LOOP('',(#7886,#7887,#7893,#7894));
#7886 = ORIENTED_EDGE('',*,*,#3684,.T.);
#7887 = ORIENTED_EDGE('',*,*,#7888,.T.);
#7888 = EDGE_CURVE('',#3685,#5573,#7889,.T.);
#7889 = LINE('',#7890,#7891);
#7890 = CARTESIAN_POINT('',(110.329867,-55.5,-4.6E-02));
#7891 = VECTOR('',#7892,1.);
#7892 = DIRECTION('',(0.,0.,1.));
#7893 = ORIENTED_EDGE('',*,*,#5572,.F.);
#7894 = ORIENTED_EDGE('',*,*,#7888,.F.);
#7895 = CYLINDRICAL_SURFACE('',#7896,0.5);
#7896 = AXIS2_PLACEMENT_3D('',#7897,#7898,#7899);
#7897 = CARTESIAN_POINT('',(110.329867,-55.,-4.6E-02));
#7898 = DIRECTION('',(-0.,-0.,-1.));
#7899 = DIRECTION('',(-0.,-1.,0.));
#7900 = ADVANCED_FACE('',(#7901),#7912,.F.);
#7901 = FACE_BOUND('',#7902,.T.);
#7902 = EDGE_LOOP('',(#7903,#7904,#7910,#7911));
#7903 = ORIENTED_EDGE('',*,*,#3695,.T.);
#7904 = ORIENTED_EDGE('',*,*,#7905,.T.);
#7905 = EDGE_CURVE('',#3696,#5584,#7906,.T.);
#7906 = LINE('',#7907,#7908);
#7907 = CARTESIAN_POINT('',(112.869867,-55.5,-4.6E-02));
#7908 = VECTOR('',#7909,1.);
#7909 = DIRECTION('',(0.,0.,1.));
#7910 = ORIENTED_EDGE('',*,*,#5583,.F.);
#7911 = ORIENTED_EDGE('',*,*,#7905,.F.);
#7912 = CYLINDRICAL_SURFACE('',#7913,0.5);
#7913 = AXIS2_PLACEMENT_3D('',#7914,#7915,#7916);
#7914 = CARTESIAN_POINT('',(112.869867,-55.,-4.6E-02));
#7915 = DIRECTION('',(-0.,-0.,-1.));
#7916 = DIRECTION('',(-0.,-1.,0.));
#7917 = ADVANCED_FACE('',(#7918),#7929,.F.);
#7918 = FACE_BOUND('',#7919,.T.);
#7919 = EDGE_LOOP('',(#7920,#7921,#7927,#7928));
#7920 = ORIENTED_EDGE('',*,*,#3706,.T.);
#7921 = ORIENTED_EDGE('',*,*,#7922,.T.);
#7922 = EDGE_CURVE('',#3707,#5595,#7923,.T.);
#7923 = LINE('',#7924,#7925);
#7924 = CARTESIAN_POINT('',(115.409867,-55.5,-4.6E-02));
#7925 = VECTOR('',#7926,1.);
#7926 = DIRECTION('',(0.,0.,1.));
#7927 = ORIENTED_EDGE('',*,*,#5594,.F.);
#7928 = ORIENTED_EDGE('',*,*,#7922,.F.);
#7929 = CYLINDRICAL_SURFACE('',#7930,0.5);
#7930 = AXIS2_PLACEMENT_3D('',#7931,#7932,#7933);
#7931 = CARTESIAN_POINT('',(115.409867,-55.,-4.6E-02));
#7932 = DIRECTION('',(-0.,-0.,-1.));
#7933 = DIRECTION('',(-0.,-1.,0.));
#7934 = ADVANCED_FACE('',(#7935),#7946,.F.);
#7935 = FACE_BOUND('',#7936,.T.);
#7936 = EDGE_LOOP('',(#7937,#7938,#7944,#7945));
#7937 = ORIENTED_EDGE('',*,*,#3717,.T.);
#7938 = ORIENTED_EDGE('',*,*,#7939,.T.);
#7939 = EDGE_CURVE('',#3718,#5606,#7940,.T.);
#7940 = LINE('',#7941,#7942);
#7941 = CARTESIAN_POINT('',(131.136923,-59.915,-4.6E-02));
#7942 = VECTOR('',#7943,1.);
#7943 = DIRECTION('',(0.,0.,1.));
#7944 = ORIENTED_EDGE('',*,*,#5605,.F.);
#7945 = ORIENTED_EDGE('',*,*,#7939,.F.);
#7946 = CYLINDRICAL_SURFACE('',#7947,0.4);
#7947 = AXIS2_PLACEMENT_3D('',#7948,#7949,#7950);
#7948 = CARTESIAN_POINT('',(131.136923,-59.515,-4.6E-02));
#7949 = DIRECTION('',(-0.,-0.,-1.));
#7950 = DIRECTION('',(-0.,-1.,0.));
#7951 = ADVANCED_FACE('',(#7952),#7963,.F.);
#7952 = FACE_BOUND('',#7953,.T.);
#7953 = EDGE_LOOP('',(#7954,#7955,#7961,#7962));
#7954 = ORIENTED_EDGE('',*,*,#3728,.T.);
#7955 = ORIENTED_EDGE('',*,*,#7956,.T.);
#7956 = EDGE_CURVE('',#3729,#5617,#7957,.T.);
#7957 = LINE('',#7958,#7959);
#7958 = CARTESIAN_POINT('',(136.582811,-59.915,-4.6E-02));
#7959 = VECTOR('',#7960,1.);
#7960 = DIRECTION('',(0.,0.,1.));
#7961 = ORIENTED_EDGE('',*,*,#5616,.F.);
#7962 = ORIENTED_EDGE('',*,*,#7956,.F.);
#7963 = CYLINDRICAL_SURFACE('',#7964,0.4);
#7964 = AXIS2_PLACEMENT_3D('',#7965,#7966,#7967);
#7965 = CARTESIAN_POINT('',(136.582811,-59.515,-4.6E-02));
#7966 = DIRECTION('',(-0.,-0.,-1.));
#7967 = DIRECTION('',(-0.,-1.,0.));
#7968 = ADVANCED_FACE('',(#7969),#7980,.F.);
#7969 = FACE_BOUND('',#7970,.T.);
#7970 = EDGE_LOOP('',(#7971,#7972,#7978,#7979));
#7971 = ORIENTED_EDGE('',*,*,#3739,.T.);
#7972 = ORIENTED_EDGE('',*,*,#7973,.T.);
#7973 = EDGE_CURVE('',#3740,#5628,#7974,.T.);
#7974 = LINE('',#7975,#7976);
#7975 = CARTESIAN_POINT('',(139.082811,-59.915,-4.6E-02));
#7976 = VECTOR('',#7977,1.);
#7977 = DIRECTION('',(0.,0.,1.));
#7978 = ORIENTED_EDGE('',*,*,#5627,.F.);
#7979 = ORIENTED_EDGE('',*,*,#7973,.F.);
#7980 = CYLINDRICAL_SURFACE('',#7981,0.4);
#7981 = AXIS2_PLACEMENT_3D('',#7982,#7983,#7984);
#7982 = CARTESIAN_POINT('',(139.082811,-59.515,-4.6E-02));
#7983 = DIRECTION('',(-0.,-0.,-1.));
#7984 = DIRECTION('',(-0.,-1.,0.));
#7985 = ADVANCED_FACE('',(#7986),#7997,.F.);
#7986 = FACE_BOUND('',#7987,.T.);
#7987 = EDGE_LOOP('',(#7988,#7989,#7995,#7996));
#7988 = ORIENTED_EDGE('',*,*,#3750,.T.);
#7989 = ORIENTED_EDGE('',*,*,#7990,.T.);
#7990 = EDGE_CURVE('',#3751,#5639,#7991,.T.);
#7991 = LINE('',#7992,#7993);
#7992 = CARTESIAN_POINT('',(114.139867,-48.63,-4.6E-02));
#7993 = VECTOR('',#7994,1.);
#7994 = DIRECTION('',(0.,0.,1.));
#7995 = ORIENTED_EDGE('',*,*,#5638,.F.);
#7996 = ORIENTED_EDGE('',*,*,#7990,.F.);
#7997 = CYLINDRICAL_SURFACE('',#7998,1.25);
#7998 = AXIS2_PLACEMENT_3D('',#7999,#8000,#8001);
#7999 = CARTESIAN_POINT('',(114.139867,-47.38,-4.6E-02));
#8000 = DIRECTION('',(-0.,-0.,-1.));
#8001 = DIRECTION('',(-0.,-1.,0.));
#8002 = ADVANCED_FACE('',(#8003),#8014,.F.);
#8003 = FACE_BOUND('',#8004,.T.);
#8004 = EDGE_LOOP('',(#8005,#8006,#8012,#8013));
#8005 = ORIENTED_EDGE('',*,*,#3761,.T.);
#8006 = ORIENTED_EDGE('',*,*,#8007,.T.);
#8007 = EDGE_CURVE('',#3762,#5650,#8008,.T.);
#8008 = LINE('',#8009,#8010);
#8009 = CARTESIAN_POINT('',(125.569867,-47.88,-4.6E-02));
#8010 = VECTOR('',#8011,1.);
#8011 = DIRECTION('',(0.,0.,1.));
#8012 = ORIENTED_EDGE('',*,*,#5649,.F.);
#8013 = ORIENTED_EDGE('',*,*,#8007,.F.);
#8014 = CYLINDRICAL_SURFACE('',#8015,0.5);
#8015 = AXIS2_PLACEMENT_3D('',#8016,#8017,#8018);
#8016 = CARTESIAN_POINT('',(125.569867,-47.38,-4.6E-02));
#8017 = DIRECTION('',(-0.,-0.,-1.));
#8018 = DIRECTION('',(-0.,-1.,0.));
#8019 = ADVANCED_FACE('',(#8020),#8031,.F.);
#8020 = FACE_BOUND('',#8021,.T.);
#8021 = EDGE_LOOP('',(#8022,#8023,#8029,#8030));
#8022 = ORIENTED_EDGE('',*,*,#3772,.T.);
#8023 = ORIENTED_EDGE('',*,*,#8024,.T.);
#8024 = EDGE_CURVE('',#3773,#5661,#8025,.T.);
#8025 = LINE('',#8026,#8027);
#8026 = CARTESIAN_POINT('',(125.569867,-45.38,-4.6E-02));
#8027 = VECTOR('',#8028,1.);
#8028 = DIRECTION('',(0.,0.,1.));
#8029 = ORIENTED_EDGE('',*,*,#5660,.F.);
#8030 = ORIENTED_EDGE('',*,*,#8024,.F.);
#8031 = CYLINDRICAL_SURFACE('',#8032,0.5);
#8032 = AXIS2_PLACEMENT_3D('',#8033,#8034,#8035);
#8033 = CARTESIAN_POINT('',(125.569867,-44.88,-4.6E-02));
#8034 = DIRECTION('',(-0.,-0.,-1.));
#8035 = DIRECTION('',(-0.,-1.,0.));
#8036 = ADVANCED_FACE('',(#8037),#8048,.F.);
#8037 = FACE_BOUND('',#8038,.T.);
#8038 = EDGE_LOOP('',(#8039,#8040,#8046,#8047));
#8039 = ORIENTED_EDGE('',*,*,#3783,.T.);
#8040 = ORIENTED_EDGE('',*,*,#8041,.T.);
#8041 = EDGE_CURVE('',#3784,#5672,#8042,.T.);
#8042 = LINE('',#8043,#8044);
#8043 = CARTESIAN_POINT('',(110.329867,-40.26,-4.6E-02));
#8044 = VECTOR('',#8045,1.);
#8045 = DIRECTION('',(0.,0.,1.));
#8046 = ORIENTED_EDGE('',*,*,#5671,.F.);
#8047 = ORIENTED_EDGE('',*,*,#8041,.F.);
#8048 = CYLINDRICAL_SURFACE('',#8049,0.5);
#8049 = AXIS2_PLACEMENT_3D('',#8050,#8051,#8052);
#8050 = CARTESIAN_POINT('',(110.329867,-39.76,-4.6E-02));
#8051 = DIRECTION('',(-0.,-0.,-1.));
#8052 = DIRECTION('',(-0.,-1.,0.));
#8053 = ADVANCED_FACE('',(#8054),#8065,.F.);
#8054 = FACE_BOUND('',#8055,.T.);
#8055 = EDGE_LOOP('',(#8056,#8057,#8063,#8064));
#8056 = ORIENTED_EDGE('',*,*,#3794,.T.);
#8057 = ORIENTED_EDGE('',*,*,#8058,.T.);
#8058 = EDGE_CURVE('',#3795,#5683,#8059,.T.);
#8059 = LINE('',#8060,#8061);
#8060 = CARTESIAN_POINT('',(112.869867,-40.26,-4.6E-02));
#8061 = VECTOR('',#8062,1.);
#8062 = DIRECTION('',(0.,0.,1.));
#8063 = ORIENTED_EDGE('',*,*,#5682,.F.);
#8064 = ORIENTED_EDGE('',*,*,#8058,.F.);
#8065 = CYLINDRICAL_SURFACE('',#8066,0.5);
#8066 = AXIS2_PLACEMENT_3D('',#8067,#8068,#8069);
#8067 = CARTESIAN_POINT('',(112.869867,-39.76,-4.6E-02));
#8068 = DIRECTION('',(-0.,-0.,-1.));
#8069 = DIRECTION('',(-0.,-1.,0.));
#8070 = ADVANCED_FACE('',(#8071),#8082,.F.);
#8071 = FACE_BOUND('',#8072,.T.);
#8072 = EDGE_LOOP('',(#8073,#8074,#8080,#8081));
#8073 = ORIENTED_EDGE('',*,*,#3805,.T.);
#8074 = ORIENTED_EDGE('',*,*,#8075,.T.);
#8075 = EDGE_CURVE('',#3806,#5694,#8076,.T.);
#8076 = LINE('',#8077,#8078);
#8077 = CARTESIAN_POINT('',(115.409867,-40.26,-4.6E-02));
#8078 = VECTOR('',#8079,1.);
#8079 = DIRECTION('',(0.,0.,1.));
#8080 = ORIENTED_EDGE('',*,*,#5693,.F.);
#8081 = ORIENTED_EDGE('',*,*,#8075,.F.);
#8082 = CYLINDRICAL_SURFACE('',#8083,0.5);
#8083 = AXIS2_PLACEMENT_3D('',#8084,#8085,#8086);
#8084 = CARTESIAN_POINT('',(115.409867,-39.76,-4.6E-02));
#8085 = DIRECTION('',(-0.,-0.,-1.));
#8086 = DIRECTION('',(-0.,-1.,0.));
#8087 = ADVANCED_FACE('',(#8088),#8099,.F.);
#8088 = FACE_BOUND('',#8089,.T.);
#8089 = EDGE_LOOP('',(#8090,#8091,#8097,#8098));
#8090 = ORIENTED_EDGE('',*,*,#3816,.T.);
#8091 = ORIENTED_EDGE('',*,*,#8092,.T.);
#8092 = EDGE_CURVE('',#3817,#5705,#8093,.T.);
#8093 = LINE('',#8094,#8095);
#8094 = CARTESIAN_POINT('',(125.569867,-42.88,-4.6E-02));
#8095 = VECTOR('',#8096,1.);
#8096 = DIRECTION('',(0.,0.,1.));
#8097 = ORIENTED_EDGE('',*,*,#5704,.F.);
#8098 = ORIENTED_EDGE('',*,*,#8092,.F.);
#8099 = CYLINDRICAL_SURFACE('',#8100,0.5);
#8100 = AXIS2_PLACEMENT_3D('',#8101,#8102,#8103);
#8101 = CARTESIAN_POINT('',(125.569867,-42.38,-4.6E-02));
#8102 = DIRECTION('',(-0.,-0.,-1.));
#8103 = DIRECTION('',(-0.,-1.,0.));
#8104 = ADVANCED_FACE('',(#8105),#8121,.F.);
#8105 = FACE_BOUND('',#8106,.T.);
#8106 = EDGE_LOOP('',(#8107,#8108,#8114,#8115));
#8107 = ORIENTED_EDGE('',*,*,#3827,.T.);
#8108 = ORIENTED_EDGE('',*,*,#8109,.T.);
#8109 = EDGE_CURVE('',#3830,#5718,#8110,.T.);
#8110 = LINE('',#8111,#8112);
#8111 = CARTESIAN_POINT('',(133.719867,-51.23,-4.6E-02));
#8112 = VECTOR('',#8113,1.);
#8113 = DIRECTION('',(0.,0.,1.));
#8114 = ORIENTED_EDGE('',*,*,#5715,.F.);
#8115 = ORIENTED_EDGE('',*,*,#8116,.F.);
#8116 = EDGE_CURVE('',#3828,#5716,#8117,.T.);
#8117 = LINE('',#8118,#8119);
#8118 = CARTESIAN_POINT('',(133.719867,-49.73,-4.6E-02));
#8119 = VECTOR('',#8120,1.);
#8120 = DIRECTION('',(0.,0.,1.));
#8121 = CYLINDRICAL_SURFACE('',#8122,0.75);
#8122 = AXIS2_PLACEMENT_3D('',#8123,#8124,#8125);
#8123 = CARTESIAN_POINT('',(133.719867,-50.48,-4.6E-02));
#8124 = DIRECTION('',(-0.,-0.,-1.));
#8125 = DIRECTION('',(-0.,-1.,0.));
#8126 = ADVANCED_FACE('',(#8127),#8138,.T.);
#8127 = FACE_BOUND('',#8128,.T.);
#8128 = EDGE_LOOP('',(#8129,#8130,#8131,#8132));
#8129 = ORIENTED_EDGE('',*,*,#3855,.T.);
#8130 = ORIENTED_EDGE('',*,*,#8116,.T.);
#8131 = ORIENTED_EDGE('',*,*,#5743,.F.);
#8132 = ORIENTED_EDGE('',*,*,#8133,.F.);
#8133 = EDGE_CURVE('',#3847,#5735,#8134,.T.);
#8134 = LINE('',#8135,#8136);
#8135 = CARTESIAN_POINT('',(132.419867,-49.73,-4.6E-02));
#8136 = VECTOR('',#8137,1.);
#8137 = DIRECTION('',(0.,0.,1.));
#8138 = PLANE('',#8139);
#8139 = AXIS2_PLACEMENT_3D('',#8140,#8141,#8142);
#8140 = CARTESIAN_POINT('',(133.719867,-49.73,-4.6E-02));
#8141 = DIRECTION('',(0.,-1.,0.));
#8142 = DIRECTION('',(-1.,0.,0.));
#8143 = ADVANCED_FACE('',(#8144),#8155,.F.);
#8144 = FACE_BOUND('',#8145,.T.);
#8145 = EDGE_LOOP('',(#8146,#8147,#8148,#8149));
#8146 = ORIENTED_EDGE('',*,*,#3846,.T.);
#8147 = ORIENTED_EDGE('',*,*,#8133,.T.);
#8148 = ORIENTED_EDGE('',*,*,#5734,.F.);
#8149 = ORIENTED_EDGE('',*,*,#8150,.F.);
#8150 = EDGE_CURVE('',#3839,#5727,#8151,.T.);
#8151 = LINE('',#8152,#8153);
#8152 = CARTESIAN_POINT('',(132.419867,-51.23,-4.6E-02));
#8153 = VECTOR('',#8154,1.);
#8154 = DIRECTION('',(0.,0.,1.));
#8155 = CYLINDRICAL_SURFACE('',#8156,0.75);
#8156 = AXIS2_PLACEMENT_3D('',#8157,#8158,#8159);
#8157 = CARTESIAN_POINT('',(132.419867,-50.48,-4.6E-02));
#8158 = DIRECTION('',(-0.,0.,-1.));
#8159 = DIRECTION('',(0.,1.,0.));
#8160 = ADVANCED_FACE('',(#8161),#8167,.T.);
#8161 = FACE_BOUND('',#8162,.T.);
#8162 = EDGE_LOOP('',(#8163,#8164,#8165,#8166));
#8163 = ORIENTED_EDGE('',*,*,#3838,.T.);
#8164 = ORIENTED_EDGE('',*,*,#8150,.T.);
#8165 = ORIENTED_EDGE('',*,*,#5726,.F.);
#8166 = ORIENTED_EDGE('',*,*,#8109,.F.);
#8167 = PLANE('',#8168);
#8168 = AXIS2_PLACEMENT_3D('',#8169,#8170,#8171);
#8169 = CARTESIAN_POINT('',(132.419867,-51.23,-4.6E-02));
#8170 = DIRECTION('',(0.,1.,0.));
#8171 = DIRECTION('',(1.,0.,0.));
#8172 = ADVANCED_FACE('',(#8173),#8184,.F.);
#8173 = FACE_BOUND('',#8174,.T.);
#8174 = EDGE_LOOP('',(#8175,#8176,#8182,#8183));
#8175 = ORIENTED_EDGE('',*,*,#3863,.T.);
#8176 = ORIENTED_EDGE('',*,*,#8177,.T.);
#8177 = EDGE_CURVE('',#3864,#5752,#8178,.T.);
#8178 = LINE('',#8179,#8180);
#8179 = CARTESIAN_POINT('',(140.069867,-47.88,-4.6E-02));
#8180 = VECTOR('',#8181,1.);
#8181 = DIRECTION('',(0.,0.,1.));
#8182 = ORIENTED_EDGE('',*,*,#5751,.F.);
#8183 = ORIENTED_EDGE('',*,*,#8177,.F.);
#8184 = CYLINDRICAL_SURFACE('',#8185,0.5);
#8185 = AXIS2_PLACEMENT_3D('',#8186,#8187,#8188);
#8186 = CARTESIAN_POINT('',(140.069867,-47.38,-4.6E-02));
#8187 = DIRECTION('',(-0.,-0.,-1.));
#8188 = DIRECTION('',(-0.,-1.,0.));
#8189 = ADVANCED_FACE('',(#8190),#8206,.F.);
#8190 = FACE_BOUND('',#8191,.T.);
#8191 = EDGE_LOOP('',(#8192,#8193,#8199,#8200));
#8192 = ORIENTED_EDGE('',*,*,#3874,.T.);
#8193 = ORIENTED_EDGE('',*,*,#8194,.T.);
#8194 = EDGE_CURVE('',#3877,#5765,#8195,.T.);
#8195 = LINE('',#8196,#8197);
#8196 = CARTESIAN_POINT('',(133.719867,-40.03,-4.6E-02));
#8197 = VECTOR('',#8198,1.);
#8198 = DIRECTION('',(0.,0.,1.));
#8199 = ORIENTED_EDGE('',*,*,#5762,.F.);
#8200 = ORIENTED_EDGE('',*,*,#8201,.F.);
#8201 = EDGE_CURVE('',#3875,#5763,#8202,.T.);
#8202 = LINE('',#8203,#8204);
#8203 = CARTESIAN_POINT('',(133.719867,-38.53,-4.6E-02));
#8204 = VECTOR('',#8205,1.);
#8205 = DIRECTION('',(0.,0.,1.));
#8206 = CYLINDRICAL_SURFACE('',#8207,0.75);
#8207 = AXIS2_PLACEMENT_3D('',#8208,#8209,#8210);
#8208 = CARTESIAN_POINT('',(133.719867,-39.28,-4.6E-02));
#8209 = DIRECTION('',(-0.,-0.,-1.));
#8210 = DIRECTION('',(-0.,-1.,0.));
#8211 = ADVANCED_FACE('',(#8212),#8223,.T.);
#8212 = FACE_BOUND('',#8213,.T.);
#8213 = EDGE_LOOP('',(#8214,#8215,#8216,#8217));
#8214 = ORIENTED_EDGE('',*,*,#3902,.T.);
#8215 = ORIENTED_EDGE('',*,*,#8201,.T.);
#8216 = ORIENTED_EDGE('',*,*,#5790,.F.);
#8217 = ORIENTED_EDGE('',*,*,#8218,.F.);
#8218 = EDGE_CURVE('',#3894,#5782,#8219,.T.);
#8219 = LINE('',#8220,#8221);
#8220 = CARTESIAN_POINT('',(132.419867,-38.53,-4.6E-02));
#8221 = VECTOR('',#8222,1.);
#8222 = DIRECTION('',(0.,0.,1.));
#8223 = PLANE('',#8224);
#8224 = AXIS2_PLACEMENT_3D('',#8225,#8226,#8227);
#8225 = CARTESIAN_POINT('',(133.719867,-38.53,-4.6E-02));
#8226 = DIRECTION('',(0.,-1.,0.));
#8227 = DIRECTION('',(-1.,0.,0.));
#8228 = ADVANCED_FACE('',(#8229),#8240,.F.);
#8229 = FACE_BOUND('',#8230,.T.);
#8230 = EDGE_LOOP('',(#8231,#8232,#8233,#8234));
#8231 = ORIENTED_EDGE('',*,*,#3893,.T.);
#8232 = ORIENTED_EDGE('',*,*,#8218,.T.);
#8233 = ORIENTED_EDGE('',*,*,#5781,.F.);
#8234 = ORIENTED_EDGE('',*,*,#8235,.F.);
#8235 = EDGE_CURVE('',#3886,#5774,#8236,.T.);
#8236 = LINE('',#8237,#8238);
#8237 = CARTESIAN_POINT('',(132.419867,-40.03,-4.6E-02));
#8238 = VECTOR('',#8239,1.);
#8239 = DIRECTION('',(0.,0.,1.));
#8240 = CYLINDRICAL_SURFACE('',#8241,0.75);
#8241 = AXIS2_PLACEMENT_3D('',#8242,#8243,#8244);
#8242 = CARTESIAN_POINT('',(132.419867,-39.28,-4.6E-02));
#8243 = DIRECTION('',(-0.,0.,-1.));
#8244 = DIRECTION('',(0.,1.,0.));
#8245 = ADVANCED_FACE('',(#8246),#8252,.T.);
#8246 = FACE_BOUND('',#8247,.T.);
#8247 = EDGE_LOOP('',(#8248,#8249,#8250,#8251));
#8248 = ORIENTED_EDGE('',*,*,#3885,.T.);
#8249 = ORIENTED_EDGE('',*,*,#8235,.T.);
#8250 = ORIENTED_EDGE('',*,*,#5773,.F.);
#8251 = ORIENTED_EDGE('',*,*,#8194,.F.);
#8252 = PLANE('',#8253);
#8253 = AXIS2_PLACEMENT_3D('',#8254,#8255,#8256);
#8254 = CARTESIAN_POINT('',(132.419867,-40.03,-4.6E-02));
#8255 = DIRECTION('',(0.,1.,0.));
#8256 = DIRECTION('',(1.,0.,0.));
#8257 = ADVANCED_FACE('',(#8258),#8269,.F.);
#8258 = FACE_BOUND('',#8259,.T.);
#8259 = EDGE_LOOP('',(#8260,#8261,#8267,#8268));
#8260 = ORIENTED_EDGE('',*,*,#3910,.T.);
#8261 = ORIENTED_EDGE('',*,*,#8262,.T.);
#8262 = EDGE_CURVE('',#3911,#5799,#8263,.T.);
#8263 = LINE('',#8264,#8265);
#8264 = CARTESIAN_POINT('',(140.069867,-42.88,-4.6E-02));
#8265 = VECTOR('',#8266,1.);
#8266 = DIRECTION('',(0.,0.,1.));
#8267 = ORIENTED_EDGE('',*,*,#5798,.F.);
#8268 = ORIENTED_EDGE('',*,*,#8262,.F.);
#8269 = CYLINDRICAL_SURFACE('',#8270,0.5);
#8270 = AXIS2_PLACEMENT_3D('',#8271,#8272,#8273);
#8271 = CARTESIAN_POINT('',(140.069867,-42.38,-4.6E-02));
#8272 = DIRECTION('',(-0.,-0.,-1.));
#8273 = DIRECTION('',(-0.,-1.,0.));
#8274 = ADVANCED_FACE('',(#8275),#8286,.F.);
#8275 = FACE_BOUND('',#8276,.T.);
#8276 = EDGE_LOOP('',(#8277,#8278,#8284,#8285));
#8277 = ORIENTED_EDGE('',*,*,#3921,.T.);
#8278 = ORIENTED_EDGE('',*,*,#8279,.T.);
#8279 = EDGE_CURVE('',#3922,#5810,#8280,.T.);
#8280 = LINE('',#8281,#8282);
#8281 = CARTESIAN_POINT('',(150.02545,-69.835,-4.6E-02));
#8282 = VECTOR('',#8283,1.);
#8283 = DIRECTION('',(0.,0.,1.));
#8284 = ORIENTED_EDGE('',*,*,#5809,.F.);
#8285 = ORIENTED_EDGE('',*,*,#8279,.F.);
#8286 = CYLINDRICAL_SURFACE('',#8287,0.85);
#8287 = AXIS2_PLACEMENT_3D('',#8288,#8289,#8290);
#8288 = CARTESIAN_POINT('',(150.02545,-68.985,-4.6E-02));
#8289 = DIRECTION('',(-0.,-0.,-1.));
#8290 = DIRECTION('',(-0.,-1.,0.));
#8291 = ADVANCED_FACE('',(#8292),#8303,.F.);
#8292 = FACE_BOUND('',#8293,.T.);
#8293 = EDGE_LOOP('',(#8294,#8295,#8301,#8302));
#8294 = ORIENTED_EDGE('',*,*,#3932,.T.);
#8295 = ORIENTED_EDGE('',*,*,#8296,.T.);
#8296 = EDGE_CURVE('',#3933,#5821,#8297,.T.);
#8297 = LINE('',#8298,#8299);
#8298 = CARTESIAN_POINT('',(158.42545,-71.035,-4.6E-02));
#8299 = VECTOR('',#8300,1.);
#8300 = DIRECTION('',(0.,0.,1.));
#8301 = ORIENTED_EDGE('',*,*,#5820,.F.);
#8302 = ORIENTED_EDGE('',*,*,#8296,.F.);
#8303 = CYLINDRICAL_SURFACE('',#8304,0.85);
#8304 = AXIS2_PLACEMENT_3D('',#8305,#8306,#8307);
#8305 = CARTESIAN_POINT('',(158.42545,-70.185,-4.6E-02));
#8306 = DIRECTION('',(-0.,-0.,-1.));
#8307 = DIRECTION('',(-0.,-1.,0.));
#8308 = ADVANCED_FACE('',(#8309),#8320,.F.);
#8309 = FACE_BOUND('',#8310,.T.);
#8310 = EDGE_LOOP('',(#8311,#8312,#8318,#8319));
#8311 = ORIENTED_EDGE('',*,*,#3943,.T.);
#8312 = ORIENTED_EDGE('',*,*,#8313,.T.);
#8313 = EDGE_CURVE('',#3944,#5832,#8314,.T.);
#8314 = LINE('',#8315,#8316);
#8315 = CARTESIAN_POINT('',(152.47545,-65.435,-4.6E-02));
#8316 = VECTOR('',#8317,1.);
#8317 = DIRECTION('',(0.,0.,1.));
#8318 = ORIENTED_EDGE('',*,*,#5831,.F.);
#8319 = ORIENTED_EDGE('',*,*,#8313,.F.);
#8320 = CYLINDRICAL_SURFACE('',#8321,0.6);
#8321 = AXIS2_PLACEMENT_3D('',#8322,#8323,#8324);
#8322 = CARTESIAN_POINT('',(152.47545,-64.835,-4.6E-02));
#8323 = DIRECTION('',(-0.,-0.,-1.));
#8324 = DIRECTION('',(-0.,-1.,0.));
#8325 = ADVANCED_FACE('',(#8326),#8337,.F.);
#8326 = FACE_BOUND('',#8327,.T.);
#8327 = EDGE_LOOP('',(#8328,#8329,#8335,#8336));
#8328 = ORIENTED_EDGE('',*,*,#3954,.T.);
#8329 = ORIENTED_EDGE('',*,*,#8330,.T.);
#8330 = EDGE_CURVE('',#3955,#5843,#8331,.T.);
#8331 = LINE('',#8332,#8333);
#8332 = CARTESIAN_POINT('',(155.97545,-65.435,-4.6E-02));
#8333 = VECTOR('',#8334,1.);
#8334 = DIRECTION('',(0.,0.,1.));
#8335 = ORIENTED_EDGE('',*,*,#5842,.F.);
#8336 = ORIENTED_EDGE('',*,*,#8330,.F.);
#8337 = CYLINDRICAL_SURFACE('',#8338,0.6);
#8338 = AXIS2_PLACEMENT_3D('',#8339,#8340,#8341);
#8339 = CARTESIAN_POINT('',(155.97545,-64.835,-4.6E-02));
#8340 = DIRECTION('',(-0.,-0.,-1.));
#8341 = DIRECTION('',(-0.,-1.,0.));
#8342 = ADVANCED_FACE('',(#8343),#8354,.F.);
#8343 = FACE_BOUND('',#8344,.T.);
#8344 = EDGE_LOOP('',(#8345,#8346,#8352,#8353));
#8345 = ORIENTED_EDGE('',*,*,#3965,.T.);
#8346 = ORIENTED_EDGE('',*,*,#8347,.T.);
#8347 = EDGE_CURVE('',#3966,#5854,#8348,.T.);
#8348 = LINE('',#8349,#8350);
#8349 = CARTESIAN_POINT('',(164.611339,-65.825,-4.6E-02));
#8350 = VECTOR('',#8351,1.);
#8351 = DIRECTION('',(0.,0.,1.));
#8352 = ORIENTED_EDGE('',*,*,#5853,.F.);
#8353 = ORIENTED_EDGE('',*,*,#8347,.F.);
#8354 = CYLINDRICAL_SURFACE('',#8355,0.5);
#8355 = AXIS2_PLACEMENT_3D('',#8356,#8357,#8358);
#8356 = CARTESIAN_POINT('',(164.611339,-65.325,-4.6E-02));
#8357 = DIRECTION('',(-0.,-0.,-1.));
#8358 = DIRECTION('',(-0.,-1.,0.));
#8359 = ADVANCED_FACE('',(#8360),#8371,.F.);
#8360 = FACE_BOUND('',#8361,.T.);
#8361 = EDGE_LOOP('',(#8362,#8363,#8369,#8370));
#8362 = ORIENTED_EDGE('',*,*,#3976,.T.);
#8363 = ORIENTED_EDGE('',*,*,#8364,.T.);
#8364 = EDGE_CURVE('',#3977,#5865,#8365,.T.);
#8365 = LINE('',#8366,#8367);
#8366 = CARTESIAN_POINT('',(167.151339,-65.825,-4.6E-02));
#8367 = VECTOR('',#8368,1.);
#8368 = DIRECTION('',(0.,0.,1.));
#8369 = ORIENTED_EDGE('',*,*,#5864,.F.);
#8370 = ORIENTED_EDGE('',*,*,#8364,.F.);
#8371 = CYLINDRICAL_SURFACE('',#8372,0.5);
#8372 = AXIS2_PLACEMENT_3D('',#8373,#8374,#8375);
#8373 = CARTESIAN_POINT('',(167.151339,-65.325,-4.6E-02));
#8374 = DIRECTION('',(-0.,-0.,-1.));
#8375 = DIRECTION('',(-0.,-1.,0.));
#8376 = ADVANCED_FACE('',(#8377),#8388,.F.);
#8377 = FACE_BOUND('',#8378,.T.);
#8378 = EDGE_LOOP('',(#8379,#8380,#8386,#8387));
#8379 = ORIENTED_EDGE('',*,*,#3987,.T.);
#8380 = ORIENTED_EDGE('',*,*,#8381,.T.);
#8381 = EDGE_CURVE('',#3988,#5876,#8382,.T.);
#8382 = LINE('',#8383,#8384);
#8383 = CARTESIAN_POINT('',(169.691339,-65.825,-4.6E-02));
#8384 = VECTOR('',#8385,1.);
#8385 = DIRECTION('',(0.,0.,1.));
#8386 = ORIENTED_EDGE('',*,*,#5875,.F.);
#8387 = ORIENTED_EDGE('',*,*,#8381,.F.);
#8388 = CYLINDRICAL_SURFACE('',#8389,0.5);
#8389 = AXIS2_PLACEMENT_3D('',#8390,#8391,#8392);
#8390 = CARTESIAN_POINT('',(169.691339,-65.325,-4.6E-02));
#8391 = DIRECTION('',(-0.,-0.,-1.));
#8392 = DIRECTION('',(-0.,-1.,0.));
#8393 = ADVANCED_FACE('',(#8394),#8405,.F.);
#8394 = FACE_BOUND('',#8395,.T.);
#8395 = EDGE_LOOP('',(#8396,#8397,#8403,#8404));
#8396 = ORIENTED_EDGE('',*,*,#3998,.T.);
#8397 = ORIENTED_EDGE('',*,*,#8398,.T.);
#8398 = EDGE_CURVE('',#3999,#5887,#8399,.T.);
#8399 = LINE('',#8400,#8401);
#8400 = CARTESIAN_POINT('',(185.538978,-71.67,-4.6E-02));
#8401 = VECTOR('',#8402,1.);
#8402 = DIRECTION('',(0.,0.,1.));
#8403 = ORIENTED_EDGE('',*,*,#5886,.F.);
#8404 = ORIENTED_EDGE('',*,*,#8398,.F.);
#8405 = CYLINDRICAL_SURFACE('',#8406,0.85);
#8406 = AXIS2_PLACEMENT_3D('',#8407,#8408,#8409);
#8407 = CARTESIAN_POINT('',(185.538978,-70.82,-4.6E-02));
#8408 = DIRECTION('',(-0.,-0.,-1.));
#8409 = DIRECTION('',(-0.,-1.,0.));
#8410 = ADVANCED_FACE('',(#8411),#8422,.F.);
#8411 = FACE_BOUND('',#8412,.T.);
#8412 = EDGE_LOOP('',(#8413,#8414,#8420,#8421));
#8413 = ORIENTED_EDGE('',*,*,#4009,.T.);
#8414 = ORIENTED_EDGE('',*,*,#8415,.T.);
#8415 = EDGE_CURVE('',#4010,#5898,#8416,.T.);
#8416 = LINE('',#8417,#8418);
#8417 = CARTESIAN_POINT('',(177.138978,-70.47,-4.6E-02));
#8418 = VECTOR('',#8419,1.);
#8419 = DIRECTION('',(0.,0.,1.));
#8420 = ORIENTED_EDGE('',*,*,#5897,.F.);
#8421 = ORIENTED_EDGE('',*,*,#8415,.F.);
#8422 = CYLINDRICAL_SURFACE('',#8423,0.85);
#8423 = AXIS2_PLACEMENT_3D('',#8424,#8425,#8426);
#8424 = CARTESIAN_POINT('',(177.138978,-69.62,-4.6E-02));
#8425 = DIRECTION('',(-0.,-0.,-1.));
#8426 = DIRECTION('',(-0.,-1.,0.));
#8427 = ADVANCED_FACE('',(#8428),#8439,.F.);
#8428 = FACE_BOUND('',#8429,.T.);
#8429 = EDGE_LOOP('',(#8430,#8431,#8437,#8438));
#8430 = ORIENTED_EDGE('',*,*,#4020,.T.);
#8431 = ORIENTED_EDGE('',*,*,#8432,.T.);
#8432 = EDGE_CURVE('',#4021,#5909,#8433,.T.);
#8433 = LINE('',#8434,#8435);
#8434 = CARTESIAN_POINT('',(172.231339,-65.825,-4.6E-02));
#8435 = VECTOR('',#8436,1.);
#8436 = DIRECTION('',(0.,0.,1.));
#8437 = ORIENTED_EDGE('',*,*,#5908,.F.);
#8438 = ORIENTED_EDGE('',*,*,#8432,.F.);
#8439 = CYLINDRICAL_SURFACE('',#8440,0.5);
#8440 = AXIS2_PLACEMENT_3D('',#8441,#8442,#8443);
#8441 = CARTESIAN_POINT('',(172.231339,-65.325,-4.6E-02));
#8442 = DIRECTION('',(-0.,-0.,-1.));
#8443 = DIRECTION('',(-0.,-1.,0.));
#8444 = ADVANCED_FACE('',(#8445),#8456,.F.);
#8445 = FACE_BOUND('',#8446,.T.);
#8446 = EDGE_LOOP('',(#8447,#8448,#8454,#8455));
#8447 = ORIENTED_EDGE('',*,*,#4031,.T.);
#8448 = ORIENTED_EDGE('',*,*,#8449,.T.);
#8449 = EDGE_CURVE('',#4032,#5920,#8450,.T.);
#8450 = LINE('',#8451,#8452);
#8451 = CARTESIAN_POINT('',(179.588978,-66.07,-4.6E-02));
#8452 = VECTOR('',#8453,1.);
#8453 = DIRECTION('',(0.,0.,1.));
#8454 = ORIENTED_EDGE('',*,*,#5919,.F.);
#8455 = ORIENTED_EDGE('',*,*,#8449,.F.);
#8456 = CYLINDRICAL_SURFACE('',#8457,0.6);
#8457 = AXIS2_PLACEMENT_3D('',#8458,#8459,#8460);
#8458 = CARTESIAN_POINT('',(179.588978,-65.47,-4.6E-02));
#8459 = DIRECTION('',(-0.,-0.,-1.));
#8460 = DIRECTION('',(-0.,-1.,0.));
#8461 = ADVANCED_FACE('',(#8462),#8473,.F.);
#8462 = FACE_BOUND('',#8463,.T.);
#8463 = EDGE_LOOP('',(#8464,#8465,#8471,#8472));
#8464 = ORIENTED_EDGE('',*,*,#4042,.T.);
#8465 = ORIENTED_EDGE('',*,*,#8466,.T.);
#8466 = EDGE_CURVE('',#4043,#5931,#8467,.T.);
#8467 = LINE('',#8468,#8469);
#8468 = CARTESIAN_POINT('',(183.088978,-66.07,-4.6E-02));
#8469 = VECTOR('',#8470,1.);
#8470 = DIRECTION('',(0.,0.,1.));
#8471 = ORIENTED_EDGE('',*,*,#5930,.F.);
#8472 = ORIENTED_EDGE('',*,*,#8466,.F.);
#8473 = CYLINDRICAL_SURFACE('',#8474,0.6);
#8474 = AXIS2_PLACEMENT_3D('',#8475,#8476,#8477);
#8475 = CARTESIAN_POINT('',(183.088978,-65.47,-4.6E-02));
#8476 = DIRECTION('',(-0.,-0.,-1.));
#8477 = DIRECTION('',(-0.,-1.,0.));
#8478 = ADVANCED_FACE('',(#8479),#8490,.F.);
#8479 = FACE_BOUND('',#8480,.T.);
#8480 = EDGE_LOOP('',(#8481,#8482,#8488,#8489));
#8481 = ORIENTED_EDGE('',*,*,#4053,.T.);
#8482 = ORIENTED_EDGE('',*,*,#8483,.T.);
#8483 = EDGE_CURVE('',#4054,#5942,#8484,.T.);
#8484 = LINE('',#8485,#8486);
#8485 = CARTESIAN_POINT('',(205.579867,-88.20156,-4.6E-02));
#8486 = VECTOR('',#8487,1.);
#8487 = DIRECTION('',(0.,0.,1.));
#8488 = ORIENTED_EDGE('',*,*,#5941,.F.);
#8489 = ORIENTED_EDGE('',*,*,#8483,.F.);
#8490 = CYLINDRICAL_SURFACE('',#8491,0.4);
#8491 = AXIS2_PLACEMENT_3D('',#8492,#8493,#8494);
#8492 = CARTESIAN_POINT('',(205.579867,-87.80156,-4.6E-02));
#8493 = DIRECTION('',(-0.,-0.,-1.));
#8494 = DIRECTION('',(-0.,-1.,0.));
#8495 = ADVANCED_FACE('',(#8496),#8507,.F.);
#8496 = FACE_BOUND('',#8497,.T.);
#8497 = EDGE_LOOP('',(#8498,#8499,#8505,#8506));
#8498 = ORIENTED_EDGE('',*,*,#4064,.T.);
#8499 = ORIENTED_EDGE('',*,*,#8500,.T.);
#8500 = EDGE_CURVE('',#4065,#5953,#8501,.T.);
#8501 = LINE('',#8502,#8503);
#8502 = CARTESIAN_POINT('',(205.579867,-85.66156,-4.6E-02));
#8503 = VECTOR('',#8504,1.);
#8504 = DIRECTION('',(0.,0.,1.));
#8505 = ORIENTED_EDGE('',*,*,#5952,.F.);
#8506 = ORIENTED_EDGE('',*,*,#8500,.F.);
#8507 = CYLINDRICAL_SURFACE('',#8508,0.4);
#8508 = AXIS2_PLACEMENT_3D('',#8509,#8510,#8511);
#8509 = CARTESIAN_POINT('',(205.579867,-85.26156,-4.6E-02));
#8510 = DIRECTION('',(-0.,-0.,-1.));
#8511 = DIRECTION('',(-0.,-1.,0.));
#8512 = ADVANCED_FACE('',(#8513),#8524,.F.);
#8513 = FACE_BOUND('',#8514,.T.);
#8514 = EDGE_LOOP('',(#8515,#8516,#8522,#8523));
#8515 = ORIENTED_EDGE('',*,*,#4075,.T.);
#8516 = ORIENTED_EDGE('',*,*,#8517,.T.);
#8517 = EDGE_CURVE('',#4076,#5964,#8518,.T.);
#8518 = LINE('',#8519,#8520);
#8519 = CARTESIAN_POINT('',(205.579867,-83.12156,-4.6E-02));
#8520 = VECTOR('',#8521,1.);
#8521 = DIRECTION('',(0.,0.,1.));
#8522 = ORIENTED_EDGE('',*,*,#5963,.F.);
#8523 = ORIENTED_EDGE('',*,*,#8517,.F.);
#8524 = CYLINDRICAL_SURFACE('',#8525,0.4);
#8525 = AXIS2_PLACEMENT_3D('',#8526,#8527,#8528);
#8526 = CARTESIAN_POINT('',(205.579867,-82.72156,-4.6E-02));
#8527 = DIRECTION('',(-0.,-0.,-1.));
#8528 = DIRECTION('',(-0.,-1.,0.));
#8529 = ADVANCED_FACE('',(#8530),#8541,.F.);
#8530 = FACE_BOUND('',#8531,.T.);
#8531 = EDGE_LOOP('',(#8532,#8533,#8539,#8540));
#8532 = ORIENTED_EDGE('',*,*,#4086,.T.);
#8533 = ORIENTED_EDGE('',*,*,#8534,.T.);
#8534 = EDGE_CURVE('',#4087,#5975,#8535,.T.);
#8535 = LINE('',#8536,#8537);
#8536 = CARTESIAN_POINT('',(205.579867,-80.58156,-4.6E-02));
#8537 = VECTOR('',#8538,1.);
#8538 = DIRECTION('',(0.,0.,1.));
#8539 = ORIENTED_EDGE('',*,*,#5974,.F.);
#8540 = ORIENTED_EDGE('',*,*,#8534,.F.);
#8541 = CYLINDRICAL_SURFACE('',#8542,0.4);
#8542 = AXIS2_PLACEMENT_3D('',#8543,#8544,#8545);
#8543 = CARTESIAN_POINT('',(205.579867,-80.18156,-4.6E-02));
#8544 = DIRECTION('',(-0.,-0.,-1.));
#8545 = DIRECTION('',(-0.,-1.,0.));
#8546 = ADVANCED_FACE('',(#8547),#8558,.F.);
#8547 = FACE_BOUND('',#8548,.T.);
#8548 = EDGE_LOOP('',(#8549,#8550,#8556,#8557));
#8549 = ORIENTED_EDGE('',*,*,#4097,.T.);
#8550 = ORIENTED_EDGE('',*,*,#8551,.T.);
#8551 = EDGE_CURVE('',#4098,#5986,#8552,.T.);
#8552 = LINE('',#8553,#8554);
#8553 = CARTESIAN_POINT('',(205.579867,-78.04156,-4.6E-02));
#8554 = VECTOR('',#8555,1.);
#8555 = DIRECTION('',(0.,0.,1.));
#8556 = ORIENTED_EDGE('',*,*,#5985,.F.);
#8557 = ORIENTED_EDGE('',*,*,#8551,.F.);
#8558 = CYLINDRICAL_SURFACE('',#8559,0.4);
#8559 = AXIS2_PLACEMENT_3D('',#8560,#8561,#8562);
#8560 = CARTESIAN_POINT('',(205.579867,-77.64156,-4.6E-02));
#8561 = DIRECTION('',(-0.,-0.,-1.));
#8562 = DIRECTION('',(-0.,-1.,0.));
#8563 = ADVANCED_FACE('',(#8564),#8575,.F.);
#8564 = FACE_BOUND('',#8565,.T.);
#8565 = EDGE_LOOP('',(#8566,#8567,#8573,#8574));
#8566 = ORIENTED_EDGE('',*,*,#4108,.T.);
#8567 = ORIENTED_EDGE('',*,*,#8568,.T.);
#8568 = EDGE_CURVE('',#4109,#5997,#8569,.T.);
#8569 = LINE('',#8570,#8571);
#8570 = CARTESIAN_POINT('',(230.976187,-88.19884,-4.6E-02));
#8571 = VECTOR('',#8572,1.);
#8572 = DIRECTION('',(0.,0.,1.));
#8573 = ORIENTED_EDGE('',*,*,#5996,.F.);
#8574 = ORIENTED_EDGE('',*,*,#8568,.F.);
#8575 = CYLINDRICAL_SURFACE('',#8576,0.4);
#8576 = AXIS2_PLACEMENT_3D('',#8577,#8578,#8579);
#8577 = CARTESIAN_POINT('',(230.976187,-87.79884,-4.6E-02));
#8578 = DIRECTION('',(-0.,0.,-1.));
#8579 = DIRECTION('',(7.105427357601E-14,-1.,-0.));
#8580 = ADVANCED_FACE('',(#8581),#8592,.F.);
#8581 = FACE_BOUND('',#8582,.T.);
#8582 = EDGE_LOOP('',(#8583,#8584,#8590,#8591));
#8583 = ORIENTED_EDGE('',*,*,#4119,.T.);
#8584 = ORIENTED_EDGE('',*,*,#8585,.T.);
#8585 = EDGE_CURVE('',#4120,#6008,#8586,.T.);
#8586 = LINE('',#8587,#8588);
#8587 = CARTESIAN_POINT('',(230.979867,-85.66156,-4.6E-02));
#8588 = VECTOR('',#8589,1.);
#8589 = DIRECTION('',(0.,0.,1.));
#8590 = ORIENTED_EDGE('',*,*,#6007,.F.);
#8591 = ORIENTED_EDGE('',*,*,#8585,.F.);
#8592 = CYLINDRICAL_SURFACE('',#8593,0.4);
#8593 = AXIS2_PLACEMENT_3D('',#8594,#8595,#8596);
#8594 = CARTESIAN_POINT('',(230.979867,-85.26156,-4.6E-02));
#8595 = DIRECTION('',(-0.,-0.,-1.));
#8596 = DIRECTION('',(-0.,-1.,0.));
#8597 = ADVANCED_FACE('',(#8598),#8609,.F.);
#8598 = FACE_BOUND('',#8599,.T.);
#8599 = EDGE_LOOP('',(#8600,#8601,#8607,#8608));
#8600 = ORIENTED_EDGE('',*,*,#4130,.T.);
#8601 = ORIENTED_EDGE('',*,*,#8602,.T.);
#8602 = EDGE_CURVE('',#4131,#6019,#8603,.T.);
#8603 = LINE('',#8604,#8605);
#8604 = CARTESIAN_POINT('',(230.979867,-83.12156,-4.6E-02));
#8605 = VECTOR('',#8606,1.);
#8606 = DIRECTION('',(0.,0.,1.));
#8607 = ORIENTED_EDGE('',*,*,#6018,.F.);
#8608 = ORIENTED_EDGE('',*,*,#8602,.F.);
#8609 = CYLINDRICAL_SURFACE('',#8610,0.4);
#8610 = AXIS2_PLACEMENT_3D('',#8611,#8612,#8613);
#8611 = CARTESIAN_POINT('',(230.979867,-82.72156,-4.6E-02));
#8612 = DIRECTION('',(-0.,-0.,-1.));
#8613 = DIRECTION('',(-0.,-1.,0.));
#8614 = ADVANCED_FACE('',(#8615),#8626,.F.);
#8615 = FACE_BOUND('',#8616,.T.);
#8616 = EDGE_LOOP('',(#8617,#8618,#8624,#8625));
#8617 = ORIENTED_EDGE('',*,*,#4141,.T.);
#8618 = ORIENTED_EDGE('',*,*,#8619,.T.);
#8619 = EDGE_CURVE('',#4142,#6030,#8620,.T.);
#8620 = LINE('',#8621,#8622);
#8621 = CARTESIAN_POINT('',(230.979867,-80.58156,-4.6E-02));
#8622 = VECTOR('',#8623,1.);
#8623 = DIRECTION('',(0.,0.,1.));
#8624 = ORIENTED_EDGE('',*,*,#6029,.F.);
#8625 = ORIENTED_EDGE('',*,*,#8619,.F.);
#8626 = CYLINDRICAL_SURFACE('',#8627,0.4);
#8627 = AXIS2_PLACEMENT_3D('',#8628,#8629,#8630);
#8628 = CARTESIAN_POINT('',(230.979867,-80.18156,-4.6E-02));
#8629 = DIRECTION('',(-0.,-0.,-1.));
#8630 = DIRECTION('',(-0.,-1.,0.));
#8631 = ADVANCED_FACE('',(#8632),#8643,.F.);
#8632 = FACE_BOUND('',#8633,.T.);
#8633 = EDGE_LOOP('',(#8634,#8635,#8641,#8642));
#8634 = ORIENTED_EDGE('',*,*,#4152,.T.);
#8635 = ORIENTED_EDGE('',*,*,#8636,.T.);
#8636 = EDGE_CURVE('',#4153,#6041,#8637,.T.);
#8637 = LINE('',#8638,#8639);
#8638 = CARTESIAN_POINT('',(230.979867,-78.04156,-4.6E-02));
#8639 = VECTOR('',#8640,1.);
#8640 = DIRECTION('',(0.,0.,1.));
#8641 = ORIENTED_EDGE('',*,*,#6040,.F.);
#8642 = ORIENTED_EDGE('',*,*,#8636,.F.);
#8643 = CYLINDRICAL_SURFACE('',#8644,0.4);
#8644 = AXIS2_PLACEMENT_3D('',#8645,#8646,#8647);
#8645 = CARTESIAN_POINT('',(230.979867,-77.64156,-4.6E-02));
#8646 = DIRECTION('',(-0.,-0.,-1.));
#8647 = DIRECTION('',(-0.,-1.,0.));
#8648 = ADVANCED_FACE('',(#8649),#8660,.F.);
#8649 = FACE_BOUND('',#8650,.T.);
#8650 = EDGE_LOOP('',(#8651,#8652,#8658,#8659));
#8651 = ORIENTED_EDGE('',*,*,#4163,.T.);
#8652 = ORIENTED_EDGE('',*,*,#8653,.T.);
#8653 = EDGE_CURVE('',#4164,#6052,#8654,.T.);
#8654 = LINE('',#8655,#8656);
#8655 = CARTESIAN_POINT('',(205.579867,-75.50156,-4.6E-02));
#8656 = VECTOR('',#8657,1.);
#8657 = DIRECTION('',(0.,0.,1.));
#8658 = ORIENTED_EDGE('',*,*,#6051,.F.);
#8659 = ORIENTED_EDGE('',*,*,#8653,.F.);
#8660 = CYLINDRICAL_SURFACE('',#8661,0.4);
#8661 = AXIS2_PLACEMENT_3D('',#8662,#8663,#8664);
#8662 = CARTESIAN_POINT('',(205.579867,-75.10156,-4.6E-02));
#8663 = DIRECTION('',(-0.,-0.,-1.));
#8664 = DIRECTION('',(-0.,-1.,0.));
#8665 = ADVANCED_FACE('',(#8666),#8677,.F.);
#8666 = FACE_BOUND('',#8667,.T.);
#8667 = EDGE_LOOP('',(#8668,#8669,#8675,#8676));
#8668 = ORIENTED_EDGE('',*,*,#4174,.T.);
#8669 = ORIENTED_EDGE('',*,*,#8670,.T.);
#8670 = EDGE_CURVE('',#4175,#6063,#8671,.T.);
#8671 = LINE('',#8672,#8673);
#8672 = CARTESIAN_POINT('',(205.579867,-72.96156,-4.6E-02));
#8673 = VECTOR('',#8674,1.);
#8674 = DIRECTION('',(0.,0.,1.));
#8675 = ORIENTED_EDGE('',*,*,#6062,.F.);
#8676 = ORIENTED_EDGE('',*,*,#8670,.F.);
#8677 = CYLINDRICAL_SURFACE('',#8678,0.4);
#8678 = AXIS2_PLACEMENT_3D('',#8679,#8680,#8681);
#8679 = CARTESIAN_POINT('',(205.579867,-72.56156,-4.6E-02));
#8680 = DIRECTION('',(-0.,-0.,-1.));
#8681 = DIRECTION('',(-0.,-1.,0.));
#8682 = ADVANCED_FACE('',(#8683),#8694,.F.);
#8683 = FACE_BOUND('',#8684,.T.);
#8684 = EDGE_LOOP('',(#8685,#8686,#8692,#8693));
#8685 = ORIENTED_EDGE('',*,*,#4185,.T.);
#8686 = ORIENTED_EDGE('',*,*,#8687,.T.);
#8687 = EDGE_CURVE('',#4186,#6074,#8688,.T.);
#8688 = LINE('',#8689,#8690);
#8689 = CARTESIAN_POINT('',(191.724867,-65.825,-4.6E-02));
#8690 = VECTOR('',#8691,1.);
#8691 = DIRECTION('',(0.,0.,1.));
#8692 = ORIENTED_EDGE('',*,*,#6073,.F.);
#8693 = ORIENTED_EDGE('',*,*,#8687,.F.);
#8694 = CYLINDRICAL_SURFACE('',#8695,0.5);
#8695 = AXIS2_PLACEMENT_3D('',#8696,#8697,#8698);
#8696 = CARTESIAN_POINT('',(191.724867,-65.325,-4.6E-02));
#8697 = DIRECTION('',(-0.,-0.,-1.));
#8698 = DIRECTION('',(-0.,-1.,0.));
#8699 = ADVANCED_FACE('',(#8700),#8711,.F.);
#8700 = FACE_BOUND('',#8701,.T.);
#8701 = EDGE_LOOP('',(#8702,#8703,#8709,#8710));
#8702 = ORIENTED_EDGE('',*,*,#4196,.T.);
#8703 = ORIENTED_EDGE('',*,*,#8704,.T.);
#8704 = EDGE_CURVE('',#4197,#6085,#8705,.T.);
#8705 = LINE('',#8706,#8707);
#8706 = CARTESIAN_POINT('',(194.264867,-65.825,-4.6E-02));
#8707 = VECTOR('',#8708,1.);
#8708 = DIRECTION('',(0.,0.,1.));
#8709 = ORIENTED_EDGE('',*,*,#6084,.F.);
#8710 = ORIENTED_EDGE('',*,*,#8704,.F.);
#8711 = CYLINDRICAL_SURFACE('',#8712,0.5);
#8712 = AXIS2_PLACEMENT_3D('',#8713,#8714,#8715);
#8713 = CARTESIAN_POINT('',(194.264867,-65.325,-4.6E-02));
#8714 = DIRECTION('',(-0.,-0.,-1.));
#8715 = DIRECTION('',(-0.,-1.,0.));
#8716 = ADVANCED_FACE('',(#8717),#8728,.F.);
#8717 = FACE_BOUND('',#8718,.T.);
#8718 = EDGE_LOOP('',(#8719,#8720,#8726,#8727));
#8719 = ORIENTED_EDGE('',*,*,#4207,.T.);
#8720 = ORIENTED_EDGE('',*,*,#8721,.T.);
#8721 = EDGE_CURVE('',#4208,#6096,#8722,.T.);
#8722 = LINE('',#8723,#8724);
#8723 = CARTESIAN_POINT('',(196.804867,-65.825,-4.6E-02));
#8724 = VECTOR('',#8725,1.);
#8725 = DIRECTION('',(0.,0.,1.));
#8726 = ORIENTED_EDGE('',*,*,#6095,.F.);
#8727 = ORIENTED_EDGE('',*,*,#8721,.F.);
#8728 = CYLINDRICAL_SURFACE('',#8729,0.5);
#8729 = AXIS2_PLACEMENT_3D('',#8730,#8731,#8732);
#8730 = CARTESIAN_POINT('',(196.804867,-65.325,-4.6E-02));
#8731 = DIRECTION('',(-0.,-0.,-1.));
#8732 = DIRECTION('',(-0.,-1.,0.));
#8733 = ADVANCED_FACE('',(#8734),#8745,.F.);
#8734 = FACE_BOUND('',#8735,.T.);
#8735 = EDGE_LOOP('',(#8736,#8737,#8743,#8744));
#8736 = ORIENTED_EDGE('',*,*,#4218,.T.);
#8737 = ORIENTED_EDGE('',*,*,#8738,.T.);
#8738 = EDGE_CURVE('',#4219,#6107,#8739,.T.);
#8739 = LINE('',#8740,#8741);
#8740 = CARTESIAN_POINT('',(199.344867,-65.825,-4.6E-02));
#8741 = VECTOR('',#8742,1.);
#8742 = DIRECTION('',(0.,0.,1.));
#8743 = ORIENTED_EDGE('',*,*,#6106,.F.);
#8744 = ORIENTED_EDGE('',*,*,#8738,.F.);
#8745 = CYLINDRICAL_SURFACE('',#8746,0.5);
#8746 = AXIS2_PLACEMENT_3D('',#8747,#8748,#8749);
#8747 = CARTESIAN_POINT('',(199.344867,-65.325,-4.6E-02));
#8748 = DIRECTION('',(-0.,-0.,-1.));
#8749 = DIRECTION('',(-0.,-1.,0.));
#8750 = ADVANCED_FACE('',(#8751),#8762,.F.);
#8751 = FACE_BOUND('',#8752,.T.);
#8752 = EDGE_LOOP('',(#8753,#8754,#8760,#8761));
#8753 = ORIENTED_EDGE('',*,*,#4229,.T.);
#8754 = ORIENTED_EDGE('',*,*,#8755,.T.);
#8755 = EDGE_CURVE('',#4230,#6118,#8756,.T.);
#8756 = LINE('',#8757,#8758);
#8757 = CARTESIAN_POINT('',(205.579867,-70.42156,-4.6E-02));
#8758 = VECTOR('',#8759,1.);
#8759 = DIRECTION('',(0.,0.,1.));
#8760 = ORIENTED_EDGE('',*,*,#6117,.F.);
#8761 = ORIENTED_EDGE('',*,*,#8755,.F.);
#8762 = CYLINDRICAL_SURFACE('',#8763,0.4);
#8763 = AXIS2_PLACEMENT_3D('',#8764,#8765,#8766);
#8764 = CARTESIAN_POINT('',(205.579867,-70.02156,-4.6E-02));
#8765 = DIRECTION('',(-0.,-0.,-1.));
#8766 = DIRECTION('',(-0.,-1.,0.));
#8767 = ADVANCED_FACE('',(#8768),#8779,.F.);
#8768 = FACE_BOUND('',#8769,.T.);
#8769 = EDGE_LOOP('',(#8770,#8771,#8777,#8778));
#8770 = ORIENTED_EDGE('',*,*,#4240,.T.);
#8771 = ORIENTED_EDGE('',*,*,#8772,.T.);
#8772 = EDGE_CURVE('',#4241,#6129,#8773,.T.);
#8773 = LINE('',#8774,#8775);
#8774 = CARTESIAN_POINT('',(205.579867,-67.88156,-4.6E-02));
#8775 = VECTOR('',#8776,1.);
#8776 = DIRECTION('',(0.,0.,1.));
#8777 = ORIENTED_EDGE('',*,*,#6128,.F.);
#8778 = ORIENTED_EDGE('',*,*,#8772,.F.);
#8779 = CYLINDRICAL_SURFACE('',#8780,0.4);
#8780 = AXIS2_PLACEMENT_3D('',#8781,#8782,#8783);
#8781 = CARTESIAN_POINT('',(205.579867,-67.48156,-4.6E-02));
#8782 = DIRECTION('',(-0.,-0.,-1.));
#8783 = DIRECTION('',(-0.,-1.,0.));
#8784 = ADVANCED_FACE('',(#8785),#8796,.F.);
#8785 = FACE_BOUND('',#8786,.T.);
#8786 = EDGE_LOOP('',(#8787,#8788,#8794,#8795));
#8787 = ORIENTED_EDGE('',*,*,#4251,.T.);
#8788 = ORIENTED_EDGE('',*,*,#8789,.T.);
#8789 = EDGE_CURVE('',#4252,#6140,#8790,.T.);
#8790 = LINE('',#8791,#8792);
#8791 = CARTESIAN_POINT('',(205.579867,-65.34156,-4.6E-02));
#8792 = VECTOR('',#8793,1.);
#8793 = DIRECTION('',(0.,0.,1.));
#8794 = ORIENTED_EDGE('',*,*,#6139,.F.);
#8795 = ORIENTED_EDGE('',*,*,#8789,.F.);
#8796 = CYLINDRICAL_SURFACE('',#8797,0.4);
#8797 = AXIS2_PLACEMENT_3D('',#8798,#8799,#8800);
#8798 = CARTESIAN_POINT('',(205.579867,-64.94156,-4.6E-02));
#8799 = DIRECTION('',(-0.,-0.,-1.));
#8800 = DIRECTION('',(-0.,-1.,0.));
#8801 = ADVANCED_FACE('',(#8802),#8813,.F.);
#8802 = FACE_BOUND('',#8803,.T.);
#8803 = EDGE_LOOP('',(#8804,#8805,#8811,#8812));
#8804 = ORIENTED_EDGE('',*,*,#4262,.T.);
#8805 = ORIENTED_EDGE('',*,*,#8806,.T.);
#8806 = EDGE_CURVE('',#4263,#6151,#8807,.T.);
#8807 = LINE('',#8808,#8809);
#8808 = CARTESIAN_POINT('',(230.979867,-75.50156,-4.6E-02));
#8809 = VECTOR('',#8810,1.);
#8810 = DIRECTION('',(0.,0.,1.));
#8811 = ORIENTED_EDGE('',*,*,#6150,.F.);
#8812 = ORIENTED_EDGE('',*,*,#8806,.F.);
#8813 = CYLINDRICAL_SURFACE('',#8814,0.4);
#8814 = AXIS2_PLACEMENT_3D('',#8815,#8816,#8817);
#8815 = CARTESIAN_POINT('',(230.979867,-75.10156,-4.6E-02));
#8816 = DIRECTION('',(-0.,-0.,-1.));
#8817 = DIRECTION('',(-0.,-1.,0.));
#8818 = ADVANCED_FACE('',(#8819),#8830,.F.);
#8819 = FACE_BOUND('',#8820,.T.);
#8820 = EDGE_LOOP('',(#8821,#8822,#8828,#8829));
#8821 = ORIENTED_EDGE('',*,*,#4273,.T.);
#8822 = ORIENTED_EDGE('',*,*,#8823,.T.);
#8823 = EDGE_CURVE('',#4274,#6162,#8824,.T.);
#8824 = LINE('',#8825,#8826);
#8825 = CARTESIAN_POINT('',(230.979867,-72.96156,-4.6E-02));
#8826 = VECTOR('',#8827,1.);
#8827 = DIRECTION('',(0.,0.,1.));
#8828 = ORIENTED_EDGE('',*,*,#6161,.F.);
#8829 = ORIENTED_EDGE('',*,*,#8823,.F.);
#8830 = CYLINDRICAL_SURFACE('',#8831,0.4);
#8831 = AXIS2_PLACEMENT_3D('',#8832,#8833,#8834);
#8832 = CARTESIAN_POINT('',(230.979867,-72.56156,-4.6E-02));
#8833 = DIRECTION('',(-0.,-0.,-1.));
#8834 = DIRECTION('',(-0.,-1.,0.));
#8835 = ADVANCED_FACE('',(#8836),#8847,.F.);
#8836 = FACE_BOUND('',#8837,.T.);
#8837 = EDGE_LOOP('',(#8838,#8839,#8845,#8846));
#8838 = ORIENTED_EDGE('',*,*,#4284,.T.);
#8839 = ORIENTED_EDGE('',*,*,#8840,.T.);
#8840 = EDGE_CURVE('',#4285,#6173,#8841,.T.);
#8841 = LINE('',#8842,#8843);
#8842 = CARTESIAN_POINT('',(230.979867,-70.42156,-4.6E-02));
#8843 = VECTOR('',#8844,1.);
#8844 = DIRECTION('',(0.,0.,1.));
#8845 = ORIENTED_EDGE('',*,*,#6172,.F.);
#8846 = ORIENTED_EDGE('',*,*,#8840,.F.);
#8847 = CYLINDRICAL_SURFACE('',#8848,0.4);
#8848 = AXIS2_PLACEMENT_3D('',#8849,#8850,#8851);
#8849 = CARTESIAN_POINT('',(230.979867,-70.02156,-4.6E-02));
#8850 = DIRECTION('',(-0.,-0.,-1.));
#8851 = DIRECTION('',(-0.,-1.,0.));
#8852 = ADVANCED_FACE('',(#8853),#8864,.F.);
#8853 = FACE_BOUND('',#8854,.T.);
#8854 = EDGE_LOOP('',(#8855,#8856,#8862,#8863));
#8855 = ORIENTED_EDGE('',*,*,#4295,.T.);
#8856 = ORIENTED_EDGE('',*,*,#8857,.T.);
#8857 = EDGE_CURVE('',#4296,#6184,#8858,.T.);
#8858 = LINE('',#8859,#8860);
#8859 = CARTESIAN_POINT('',(230.979867,-67.88156,-4.6E-02));
#8860 = VECTOR('',#8861,1.);
#8861 = DIRECTION('',(0.,0.,1.));
#8862 = ORIENTED_EDGE('',*,*,#6183,.F.);
#8863 = ORIENTED_EDGE('',*,*,#8857,.F.);
#8864 = CYLINDRICAL_SURFACE('',#8865,0.4);
#8865 = AXIS2_PLACEMENT_3D('',#8866,#8867,#8868);
#8866 = CARTESIAN_POINT('',(230.979867,-67.48156,-4.6E-02));
#8867 = DIRECTION('',(-0.,-0.,-1.));
#8868 = DIRECTION('',(-0.,-1.,0.));
#8869 = ADVANCED_FACE('',(#8870),#8881,.F.);
#8870 = FACE_BOUND('',#8871,.T.);
#8871 = EDGE_LOOP('',(#8872,#8873,#8879,#8880));
#8872 = ORIENTED_EDGE('',*,*,#4306,.T.);
#8873 = ORIENTED_EDGE('',*,*,#8874,.T.);
#8874 = EDGE_CURVE('',#4307,#6195,#8875,.T.);
#8875 = LINE('',#8876,#8877);
#8876 = CARTESIAN_POINT('',(230.979867,-65.34156,-4.6E-02));
#8877 = VECTOR('',#8878,1.);
#8878 = DIRECTION('',(0.,0.,1.));
#8879 = ORIENTED_EDGE('',*,*,#6194,.F.);
#8880 = ORIENTED_EDGE('',*,*,#8874,.F.);
#8881 = CYLINDRICAL_SURFACE('',#8882,0.4);
#8882 = AXIS2_PLACEMENT_3D('',#8883,#8884,#8885);
#8883 = CARTESIAN_POINT('',(230.979867,-64.94156,-4.6E-02));
#8884 = DIRECTION('',(-0.,-0.,-1.));
#8885 = DIRECTION('',(-0.,-1.,0.));
#8886 = ADVANCED_FACE('',(#8887),#8898,.F.);
#8887 = FACE_BOUND('',#8888,.T.);
#8888 = EDGE_LOOP('',(#8889,#8890,#8896,#8897));
#8889 = ORIENTED_EDGE('',*,*,#4317,.T.);
#8890 = ORIENTED_EDGE('',*,*,#8891,.T.);
#8891 = EDGE_CURVE('',#4318,#6206,#8892,.T.);
#8892 = LINE('',#8893,#8894);
#8893 = CARTESIAN_POINT('',(155.75045,-59.16,-4.6E-02));
#8894 = VECTOR('',#8895,1.);
#8895 = DIRECTION('',(0.,0.,1.));
#8896 = ORIENTED_EDGE('',*,*,#6205,.F.);
#8897 = ORIENTED_EDGE('',*,*,#8891,.F.);
#8898 = CYLINDRICAL_SURFACE('',#8899,0.4);
#8899 = AXIS2_PLACEMENT_3D('',#8900,#8901,#8902);
#8900 = CARTESIAN_POINT('',(155.75045,-58.76,-4.6E-02));
#8901 = DIRECTION('',(-0.,-0.,-1.));
#8902 = DIRECTION('',(-0.,-1.,0.));
#8903 = ADVANCED_FACE('',(#8904),#8915,.F.);
#8904 = FACE_BOUND('',#8905,.T.);
#8905 = EDGE_LOOP('',(#8906,#8907,#8913,#8914));
#8906 = ORIENTED_EDGE('',*,*,#4328,.T.);
#8907 = ORIENTED_EDGE('',*,*,#8908,.T.);
#8908 = EDGE_CURVE('',#4329,#6217,#8909,.T.);
#8909 = LINE('',#8910,#8911);
#8910 = CARTESIAN_POINT('',(158.25045,-59.16,-4.6E-02));
#8911 = VECTOR('',#8912,1.);
#8912 = DIRECTION('',(0.,0.,1.));
#8913 = ORIENTED_EDGE('',*,*,#6216,.F.);
#8914 = ORIENTED_EDGE('',*,*,#8908,.F.);
#8915 = CYLINDRICAL_SURFACE('',#8916,0.4);
#8916 = AXIS2_PLACEMENT_3D('',#8917,#8918,#8919);
#8917 = CARTESIAN_POINT('',(158.25045,-58.76,-4.6E-02));
#8918 = DIRECTION('',(-0.,-0.,-1.));
#8919 = DIRECTION('',(-0.,-1.,0.));
#8920 = ADVANCED_FACE('',(#8921),#8932,.F.);
#8921 = FACE_BOUND('',#8922,.T.);
#8922 = EDGE_LOOP('',(#8923,#8924,#8930,#8931));
#8923 = ORIENTED_EDGE('',*,*,#4339,.T.);
#8924 = ORIENTED_EDGE('',*,*,#8925,.T.);
#8925 = EDGE_CURVE('',#4340,#6228,#8926,.T.);
#8926 = LINE('',#8927,#8928);
#8927 = CARTESIAN_POINT('',(163.696339,-59.5,-4.6E-02));
#8928 = VECTOR('',#8929,1.);
#8929 = DIRECTION('',(0.,0.,1.));
#8930 = ORIENTED_EDGE('',*,*,#6227,.F.);
#8931 = ORIENTED_EDGE('',*,*,#8925,.F.);
#8932 = CYLINDRICAL_SURFACE('',#8933,0.4);
#8933 = AXIS2_PLACEMENT_3D('',#8934,#8935,#8936);
#8934 = CARTESIAN_POINT('',(163.696339,-59.1,-4.6E-02));
#8935 = DIRECTION('',(-0.,-0.,-1.));
#8936 = DIRECTION('',(-0.,-1.,0.));
#8937 = ADVANCED_FACE('',(#8938),#8949,.F.);
#8938 = FACE_BOUND('',#8939,.T.);
#8939 = EDGE_LOOP('',(#8940,#8941,#8947,#8948));
#8940 = ORIENTED_EDGE('',*,*,#4350,.T.);
#8941 = ORIENTED_EDGE('',*,*,#8942,.T.);
#8942 = EDGE_CURVE('',#4351,#6239,#8943,.T.);
#8943 = LINE('',#8944,#8945);
#8944 = CARTESIAN_POINT('',(166.196339,-59.5,-4.6E-02));
#8945 = VECTOR('',#8946,1.);
#8946 = DIRECTION('',(0.,0.,1.));
#8947 = ORIENTED_EDGE('',*,*,#6238,.F.);
#8948 = ORIENTED_EDGE('',*,*,#8942,.F.);
#8949 = CYLINDRICAL_SURFACE('',#8950,0.4);
#8950 = AXIS2_PLACEMENT_3D('',#8951,#8952,#8953);
#8951 = CARTESIAN_POINT('',(166.196339,-59.1,-4.6E-02));
#8952 = DIRECTION('',(-0.,-0.,-1.));
#8953 = DIRECTION('',(-0.,-1.,0.));
#8954 = ADVANCED_FACE('',(#8955),#8966,.F.);
#8955 = FACE_BOUND('',#8956,.T.);
#8956 = EDGE_LOOP('',(#8957,#8958,#8964,#8965));
#8957 = ORIENTED_EDGE('',*,*,#4361,.T.);
#8958 = ORIENTED_EDGE('',*,*,#8959,.T.);
#8959 = EDGE_CURVE('',#4362,#6250,#8960,.T.);
#8960 = LINE('',#8961,#8962);
#8961 = CARTESIAN_POINT('',(182.863978,-59.86,-4.6E-02));
#8962 = VECTOR('',#8963,1.);
#8963 = DIRECTION('',(0.,0.,1.));
#8964 = ORIENTED_EDGE('',*,*,#6249,.F.);
#8965 = ORIENTED_EDGE('',*,*,#8959,.F.);
#8966 = CYLINDRICAL_SURFACE('',#8967,0.4);
#8967 = AXIS2_PLACEMENT_3D('',#8968,#8969,#8970);
#8968 = CARTESIAN_POINT('',(182.863978,-59.46,-4.6E-02));
#8969 = DIRECTION('',(-0.,-0.,-1.));
#8970 = DIRECTION('',(-0.,-1.,0.));
#8971 = ADVANCED_FACE('',(#8972),#8983,.F.);
#8972 = FACE_BOUND('',#8973,.T.);
#8973 = EDGE_LOOP('',(#8974,#8975,#8981,#8982));
#8974 = ORIENTED_EDGE('',*,*,#4372,.T.);
#8975 = ORIENTED_EDGE('',*,*,#8976,.T.);
#8976 = EDGE_CURVE('',#4373,#6261,#8977,.T.);
#8977 = LINE('',#8978,#8979);
#8978 = CARTESIAN_POINT('',(185.363978,-59.86,-4.6E-02));
#8979 = VECTOR('',#8980,1.);
#8980 = DIRECTION('',(0.,0.,1.));
#8981 = ORIENTED_EDGE('',*,*,#6260,.F.);
#8982 = ORIENTED_EDGE('',*,*,#8976,.F.);
#8983 = CYLINDRICAL_SURFACE('',#8984,0.4);
#8984 = AXIS2_PLACEMENT_3D('',#8985,#8986,#8987);
#8985 = CARTESIAN_POINT('',(185.363978,-59.46,-4.6E-02));
#8986 = DIRECTION('',(-0.,-0.,-1.));
#8987 = DIRECTION('',(-0.,-1.,0.));
#8988 = ADVANCED_FACE('',(#8989),#9005,.F.);
#8989 = FACE_BOUND('',#8990,.T.);
#8990 = EDGE_LOOP('',(#8991,#8992,#8998,#8999));
#8991 = ORIENTED_EDGE('',*,*,#4383,.T.);
#8992 = ORIENTED_EDGE('',*,*,#8993,.T.);
#8993 = EDGE_CURVE('',#4386,#6274,#8994,.T.);
#8994 = LINE('',#8995,#8996);
#8995 = CARTESIAN_POINT('',(157.849867,-51.23,-4.6E-02));
#8996 = VECTOR('',#8997,1.);
#8997 = DIRECTION('',(0.,0.,1.));
#8998 = ORIENTED_EDGE('',*,*,#6271,.F.);
#8999 = ORIENTED_EDGE('',*,*,#9000,.F.);
#9000 = EDGE_CURVE('',#4384,#6272,#9001,.T.);
#9001 = LINE('',#9002,#9003);
#9002 = CARTESIAN_POINT('',(157.849867,-49.73,-4.6E-02));
#9003 = VECTOR('',#9004,1.);
#9004 = DIRECTION('',(0.,0.,1.));
#9005 = CYLINDRICAL_SURFACE('',#9006,0.75);
#9006 = AXIS2_PLACEMENT_3D('',#9007,#9008,#9009);
#9007 = CARTESIAN_POINT('',(157.849867,-50.48,-4.6E-02));
#9008 = DIRECTION('',(-0.,-0.,-1.));
#9009 = DIRECTION('',(-0.,-1.,0.));
#9010 = ADVANCED_FACE('',(#9011),#9022,.T.);
#9011 = FACE_BOUND('',#9012,.T.);
#9012 = EDGE_LOOP('',(#9013,#9014,#9015,#9016));
#9013 = ORIENTED_EDGE('',*,*,#4411,.T.);
#9014 = ORIENTED_EDGE('',*,*,#9000,.T.);
#9015 = ORIENTED_EDGE('',*,*,#6299,.F.);
#9016 = ORIENTED_EDGE('',*,*,#9017,.F.);
#9017 = EDGE_CURVE('',#4403,#6291,#9018,.T.);
#9018 = LINE('',#9019,#9020);
#9019 = CARTESIAN_POINT('',(156.549867,-49.73,-4.6E-02));
#9020 = VECTOR('',#9021,1.);
#9021 = DIRECTION('',(0.,0.,1.));
#9022 = PLANE('',#9023);
#9023 = AXIS2_PLACEMENT_3D('',#9024,#9025,#9026);
#9024 = CARTESIAN_POINT('',(157.849867,-49.73,-4.6E-02));
#9025 = DIRECTION('',(0.,-1.,0.));
#9026 = DIRECTION('',(-1.,0.,0.));
#9027 = ADVANCED_FACE('',(#9028),#9039,.F.);
#9028 = FACE_BOUND('',#9029,.T.);
#9029 = EDGE_LOOP('',(#9030,#9031,#9032,#9033));
#9030 = ORIENTED_EDGE('',*,*,#4402,.T.);
#9031 = ORIENTED_EDGE('',*,*,#9017,.T.);
#9032 = ORIENTED_EDGE('',*,*,#6290,.F.);
#9033 = ORIENTED_EDGE('',*,*,#9034,.F.);
#9034 = EDGE_CURVE('',#4395,#6283,#9035,.T.);
#9035 = LINE('',#9036,#9037);
#9036 = CARTESIAN_POINT('',(156.549867,-51.23,-4.6E-02));
#9037 = VECTOR('',#9038,1.);
#9038 = DIRECTION('',(0.,0.,1.));
#9039 = CYLINDRICAL_SURFACE('',#9040,0.75);
#9040 = AXIS2_PLACEMENT_3D('',#9041,#9042,#9043);
#9041 = CARTESIAN_POINT('',(156.549867,-50.48,-4.6E-02));
#9042 = DIRECTION('',(-0.,0.,-1.));
#9043 = DIRECTION('',(0.,1.,0.));
#9044 = ADVANCED_FACE('',(#9045),#9051,.T.);
#9045 = FACE_BOUND('',#9046,.T.);
#9046 = EDGE_LOOP('',(#9047,#9048,#9049,#9050));
#9047 = ORIENTED_EDGE('',*,*,#4394,.T.);
#9048 = ORIENTED_EDGE('',*,*,#9034,.T.);
#9049 = ORIENTED_EDGE('',*,*,#6282,.F.);
#9050 = ORIENTED_EDGE('',*,*,#8993,.F.);
#9051 = PLANE('',#9052);
#9052 = AXIS2_PLACEMENT_3D('',#9053,#9054,#9055);
#9053 = CARTESIAN_POINT('',(156.549867,-51.23,-4.6E-02));
#9054 = DIRECTION('',(0.,1.,0.));
#9055 = DIRECTION('',(1.,0.,0.));
#9056 = ADVANCED_FACE('',(#9057),#9068,.F.);
#9057 = FACE_BOUND('',#9058,.T.);
#9058 = EDGE_LOOP('',(#9059,#9060,#9066,#9067));
#9059 = ORIENTED_EDGE('',*,*,#4419,.T.);
#9060 = ORIENTED_EDGE('',*,*,#9061,.T.);
#9061 = EDGE_CURVE('',#4420,#6308,#9062,.T.);
#9062 = LINE('',#9063,#9064);
#9063 = CARTESIAN_POINT('',(149.699867,-47.88,-4.6E-02));
#9064 = VECTOR('',#9065,1.);
#9065 = DIRECTION('',(0.,0.,1.));
#9066 = ORIENTED_EDGE('',*,*,#6307,.F.);
#9067 = ORIENTED_EDGE('',*,*,#9061,.F.);
#9068 = CYLINDRICAL_SURFACE('',#9069,0.5);
#9069 = AXIS2_PLACEMENT_3D('',#9070,#9071,#9072);
#9070 = CARTESIAN_POINT('',(149.699867,-47.38,-4.6E-02));
#9071 = DIRECTION('',(-0.,-0.,-1.));
#9072 = DIRECTION('',(-0.,-1.,0.));
#9073 = ADVANCED_FACE('',(#9074),#9085,.F.);
#9074 = FACE_BOUND('',#9075,.T.);
#9075 = EDGE_LOOP('',(#9076,#9077,#9083,#9084));
#9076 = ORIENTED_EDGE('',*,*,#4430,.T.);
#9077 = ORIENTED_EDGE('',*,*,#9078,.T.);
#9078 = EDGE_CURVE('',#4431,#6319,#9079,.T.);
#9079 = LINE('',#9080,#9081);
#9080 = CARTESIAN_POINT('',(149.699867,-45.38,-4.6E-02));
#9081 = VECTOR('',#9082,1.);
#9082 = DIRECTION('',(0.,0.,1.));
#9083 = ORIENTED_EDGE('',*,*,#6318,.F.);
#9084 = ORIENTED_EDGE('',*,*,#9078,.F.);
#9085 = CYLINDRICAL_SURFACE('',#9086,0.5);
#9086 = AXIS2_PLACEMENT_3D('',#9087,#9088,#9089);
#9087 = CARTESIAN_POINT('',(149.699867,-44.88,-4.6E-02));
#9088 = DIRECTION('',(-0.,-0.,-1.));
#9089 = DIRECTION('',(-0.,-1.,0.));
#9090 = ADVANCED_FACE('',(#9091),#9102,.F.);
#9091 = FACE_BOUND('',#9092,.T.);
#9092 = EDGE_LOOP('',(#9093,#9094,#9100,#9101));
#9093 = ORIENTED_EDGE('',*,*,#4441,.T.);
#9094 = ORIENTED_EDGE('',*,*,#9095,.T.);
#9095 = EDGE_CURVE('',#4442,#6330,#9096,.T.);
#9096 = LINE('',#9097,#9098);
#9097 = CARTESIAN_POINT('',(164.199867,-47.88,-4.6E-02));
#9098 = VECTOR('',#9099,1.);
#9099 = DIRECTION('',(0.,0.,1.));
#9100 = ORIENTED_EDGE('',*,*,#6329,.F.);
#9101 = ORIENTED_EDGE('',*,*,#9095,.F.);
#9102 = CYLINDRICAL_SURFACE('',#9103,0.5);
#9103 = AXIS2_PLACEMENT_3D('',#9104,#9105,#9106);
#9104 = CARTESIAN_POINT('',(164.199867,-47.38,-4.6E-02));
#9105 = DIRECTION('',(-0.,-0.,-1.));
#9106 = DIRECTION('',(-0.,-1.,0.));
#9107 = ADVANCED_FACE('',(#9108),#9119,.F.);
#9108 = FACE_BOUND('',#9109,.T.);
#9109 = EDGE_LOOP('',(#9110,#9111,#9117,#9118));
#9110 = ORIENTED_EDGE('',*,*,#4452,.T.);
#9111 = ORIENTED_EDGE('',*,*,#9112,.T.);
#9112 = EDGE_CURVE('',#4453,#6341,#9113,.T.);
#9113 = LINE('',#9114,#9115);
#9114 = CARTESIAN_POINT('',(149.699867,-42.88,-4.6E-02));
#9115 = VECTOR('',#9116,1.);
#9116 = DIRECTION('',(0.,0.,1.));
#9117 = ORIENTED_EDGE('',*,*,#6340,.F.);
#9118 = ORIENTED_EDGE('',*,*,#9112,.F.);
#9119 = CYLINDRICAL_SURFACE('',#9120,0.5);
#9120 = AXIS2_PLACEMENT_3D('',#9121,#9122,#9123);
#9121 = CARTESIAN_POINT('',(149.699867,-42.38,-4.6E-02));
#9122 = DIRECTION('',(-0.,-0.,-1.));
#9123 = DIRECTION('',(-0.,-1.,0.));
#9124 = ADVANCED_FACE('',(#9125),#9141,.F.);
#9125 = FACE_BOUND('',#9126,.T.);
#9126 = EDGE_LOOP('',(#9127,#9128,#9134,#9135));
#9127 = ORIENTED_EDGE('',*,*,#4463,.T.);
#9128 = ORIENTED_EDGE('',*,*,#9129,.T.);
#9129 = EDGE_CURVE('',#4466,#6354,#9130,.T.);
#9130 = LINE('',#9131,#9132);
#9131 = CARTESIAN_POINT('',(157.849867,-40.03,-4.6E-02));
#9132 = VECTOR('',#9133,1.);
#9133 = DIRECTION('',(0.,0.,1.));
#9134 = ORIENTED_EDGE('',*,*,#6351,.F.);
#9135 = ORIENTED_EDGE('',*,*,#9136,.F.);
#9136 = EDGE_CURVE('',#4464,#6352,#9137,.T.);
#9137 = LINE('',#9138,#9139);
#9138 = CARTESIAN_POINT('',(157.849867,-38.53,-4.6E-02));
#9139 = VECTOR('',#9140,1.);
#9140 = DIRECTION('',(0.,0.,1.));
#9141 = CYLINDRICAL_SURFACE('',#9142,0.75);
#9142 = AXIS2_PLACEMENT_3D('',#9143,#9144,#9145);
#9143 = CARTESIAN_POINT('',(157.849867,-39.28,-4.6E-02));
#9144 = DIRECTION('',(-0.,-0.,-1.));
#9145 = DIRECTION('',(-0.,-1.,0.));
#9146 = ADVANCED_FACE('',(#9147),#9158,.T.);
#9147 = FACE_BOUND('',#9148,.T.);
#9148 = EDGE_LOOP('',(#9149,#9150,#9151,#9152));
#9149 = ORIENTED_EDGE('',*,*,#4491,.T.);
#9150 = ORIENTED_EDGE('',*,*,#9136,.T.);
#9151 = ORIENTED_EDGE('',*,*,#6379,.F.);
#9152 = ORIENTED_EDGE('',*,*,#9153,.F.);
#9153 = EDGE_CURVE('',#4483,#6371,#9154,.T.);
#9154 = LINE('',#9155,#9156);
#9155 = CARTESIAN_POINT('',(156.549867,-38.53,-4.6E-02));
#9156 = VECTOR('',#9157,1.);
#9157 = DIRECTION('',(0.,0.,1.));
#9158 = PLANE('',#9159);
#9159 = AXIS2_PLACEMENT_3D('',#9160,#9161,#9162);
#9160 = CARTESIAN_POINT('',(157.849867,-38.53,-4.6E-02));
#9161 = DIRECTION('',(0.,-1.,0.));
#9162 = DIRECTION('',(-1.,0.,0.));
#9163 = ADVANCED_FACE('',(#9164),#9175,.F.);
#9164 = FACE_BOUND('',#9165,.T.);
#9165 = EDGE_LOOP('',(#9166,#9167,#9168,#9169));
#9166 = ORIENTED_EDGE('',*,*,#4482,.T.);
#9167 = ORIENTED_EDGE('',*,*,#9153,.T.);
#9168 = ORIENTED_EDGE('',*,*,#6370,.F.);
#9169 = ORIENTED_EDGE('',*,*,#9170,.F.);
#9170 = EDGE_CURVE('',#4475,#6363,#9171,.T.);
#9171 = LINE('',#9172,#9173);
#9172 = CARTESIAN_POINT('',(156.549867,-40.03,-4.6E-02));
#9173 = VECTOR('',#9174,1.);
#9174 = DIRECTION('',(0.,0.,1.));
#9175 = CYLINDRICAL_SURFACE('',#9176,0.75);
#9176 = AXIS2_PLACEMENT_3D('',#9177,#9178,#9179);
#9177 = CARTESIAN_POINT('',(156.549867,-39.28,-4.6E-02));
#9178 = DIRECTION('',(-0.,0.,-1.));
#9179 = DIRECTION('',(0.,1.,0.));
#9180 = ADVANCED_FACE('',(#9181),#9187,.T.);
#9181 = FACE_BOUND('',#9182,.T.);
#9182 = EDGE_LOOP('',(#9183,#9184,#9185,#9186));
#9183 = ORIENTED_EDGE('',*,*,#4474,.T.);
#9184 = ORIENTED_EDGE('',*,*,#9170,.T.);
#9185 = ORIENTED_EDGE('',*,*,#6362,.F.);
#9186 = ORIENTED_EDGE('',*,*,#9129,.F.);
#9187 = PLANE('',#9188);
#9188 = AXIS2_PLACEMENT_3D('',#9189,#9190,#9191);
#9189 = CARTESIAN_POINT('',(156.549867,-40.03,-4.6E-02));
#9190 = DIRECTION('',(0.,1.,0.));
#9191 = DIRECTION('',(1.,0.,0.));
#9192 = ADVANCED_FACE('',(#9193),#9204,.F.);
#9193 = FACE_BOUND('',#9194,.T.);
#9194 = EDGE_LOOP('',(#9195,#9196,#9202,#9203));
#9195 = ORIENTED_EDGE('',*,*,#4499,.T.);
#9196 = ORIENTED_EDGE('',*,*,#9197,.T.);
#9197 = EDGE_CURVE('',#4500,#6388,#9198,.T.);
#9198 = LINE('',#9199,#9200);
#9199 = CARTESIAN_POINT('',(164.199867,-42.88,-4.6E-02));
#9200 = VECTOR('',#9201,1.);
#9201 = DIRECTION('',(0.,0.,1.));
#9202 = ORIENTED_EDGE('',*,*,#6387,.F.);
#9203 = ORIENTED_EDGE('',*,*,#9197,.F.);
#9204 = CYLINDRICAL_SURFACE('',#9205,0.5);
#9205 = AXIS2_PLACEMENT_3D('',#9206,#9207,#9208);
#9206 = CARTESIAN_POINT('',(164.199867,-42.38,-4.6E-02));
#9207 = DIRECTION('',(-0.,-0.,-1.));
#9208 = DIRECTION('',(-0.,-1.,0.));
#9209 = ADVANCED_FACE('',(#9210),#9221,.F.);
#9210 = FACE_BOUND('',#9211,.T.);
#9211 = EDGE_LOOP('',(#9212,#9213,#9219,#9220));
#9212 = ORIENTED_EDGE('',*,*,#4510,.T.);
#9213 = ORIENTED_EDGE('',*,*,#9214,.T.);
#9214 = EDGE_CURVE('',#4511,#6399,#9215,.T.);
#9215 = LINE('',#9216,#9217);
#9216 = CARTESIAN_POINT('',(170.654867,-47.145,-4.6E-02));
#9217 = VECTOR('',#9218,1.);
#9218 = DIRECTION('',(0.,0.,1.));
#9219 = ORIENTED_EDGE('',*,*,#6398,.F.);
#9220 = ORIENTED_EDGE('',*,*,#9214,.F.);
#9221 = CYLINDRICAL_SURFACE('',#9222,0.4);
#9222 = AXIS2_PLACEMENT_3D('',#9223,#9224,#9225);
#9223 = CARTESIAN_POINT('',(170.654867,-46.745,-4.6E-02));
#9224 = DIRECTION('',(-0.,-0.,-1.));
#9225 = DIRECTION('',(-0.,-1.,0.));
#9226 = ADVANCED_FACE('',(#9227),#9238,.F.);
#9227 = FACE_BOUND('',#9228,.T.);
#9228 = EDGE_LOOP('',(#9229,#9230,#9236,#9237));
#9229 = ORIENTED_EDGE('',*,*,#4521,.T.);
#9230 = ORIENTED_EDGE('',*,*,#9231,.T.);
#9231 = EDGE_CURVE('',#4522,#6410,#9232,.T.);
#9232 = LINE('',#9233,#9234);
#9233 = CARTESIAN_POINT('',(180.814867,-47.145,-4.6E-02));
#9234 = VECTOR('',#9235,1.);
#9235 = DIRECTION('',(0.,0.,1.));
#9236 = ORIENTED_EDGE('',*,*,#6409,.F.);
#9237 = ORIENTED_EDGE('',*,*,#9231,.F.);
#9238 = CYLINDRICAL_SURFACE('',#9239,0.4);
#9239 = AXIS2_PLACEMENT_3D('',#9240,#9241,#9242);
#9240 = CARTESIAN_POINT('',(180.814867,-46.745,-4.6E-02));
#9241 = DIRECTION('',(-0.,-0.,-1.));
#9242 = DIRECTION('',(-0.,-1.,0.));
#9243 = ADVANCED_FACE('',(#9244),#9255,.F.);
#9244 = FACE_BOUND('',#9245,.T.);
#9245 = EDGE_LOOP('',(#9246,#9247,#9253,#9254));
#9246 = ORIENTED_EDGE('',*,*,#4532,.T.);
#9247 = ORIENTED_EDGE('',*,*,#9248,.T.);
#9248 = EDGE_CURVE('',#4533,#6421,#9249,.T.);
#9249 = LINE('',#9250,#9251);
#9250 = CARTESIAN_POINT('',(171.289867,-39.525,-4.6E-02));
#9251 = VECTOR('',#9252,1.);
#9252 = DIRECTION('',(0.,0.,1.));
#9253 = ORIENTED_EDGE('',*,*,#6420,.F.);
#9254 = ORIENTED_EDGE('',*,*,#9248,.F.);
#9255 = CYLINDRICAL_SURFACE('',#9256,0.4);
#9256 = AXIS2_PLACEMENT_3D('',#9257,#9258,#9259);
#9257 = CARTESIAN_POINT('',(171.289867,-39.125,-4.6E-02));
#9258 = DIRECTION('',(-0.,-0.,-1.));
#9259 = DIRECTION('',(-7.105427357601E-14,-1.,0.));
#9260 = ADVANCED_FACE('',(#9261),#9272,.F.);
#9261 = FACE_BOUND('',#9262,.T.);
#9262 = EDGE_LOOP('',(#9263,#9264,#9270,#9271));
#9263 = ORIENTED_EDGE('',*,*,#4543,.T.);
#9264 = ORIENTED_EDGE('',*,*,#9265,.T.);
#9265 = EDGE_CURVE('',#4544,#6432,#9266,.T.);
#9266 = LINE('',#9267,#9268);
#9267 = CARTESIAN_POINT('',(181.449867,-39.525,-4.6E-02));
#9268 = VECTOR('',#9269,1.);
#9269 = DIRECTION('',(0.,0.,1.));
#9270 = ORIENTED_EDGE('',*,*,#6431,.F.);
#9271 = ORIENTED_EDGE('',*,*,#9265,.F.);
#9272 = CYLINDRICAL_SURFACE('',#9273,0.4);
#9273 = AXIS2_PLACEMENT_3D('',#9274,#9275,#9276);
#9274 = CARTESIAN_POINT('',(181.449867,-39.125,-4.6E-02));
#9275 = DIRECTION('',(-0.,0.,-1.));
#9276 = DIRECTION('',(7.105427357601E-14,-1.,-0.));
#9277 = ADVANCED_FACE('',(#9278),#9289,.F.);
#9278 = FACE_BOUND('',#9279,.T.);
#9279 = EDGE_LOOP('',(#9280,#9281,#9287,#9288));
#9280 = ORIENTED_EDGE('',*,*,#4554,.T.);
#9281 = ORIENTED_EDGE('',*,*,#9282,.T.);
#9282 = EDGE_CURVE('',#4555,#6443,#9283,.T.);
#9283 = LINE('',#9284,#9285);
#9284 = CARTESIAN_POINT('',(187.164867,-41.43,-4.6E-02));
#9285 = VECTOR('',#9286,1.);
#9286 = DIRECTION('',(0.,0.,1.));
#9287 = ORIENTED_EDGE('',*,*,#6442,.F.);
#9288 = ORIENTED_EDGE('',*,*,#9282,.F.);
#9289 = CYLINDRICAL_SURFACE('',#9290,0.4);
#9290 = AXIS2_PLACEMENT_3D('',#9291,#9292,#9293);
#9291 = CARTESIAN_POINT('',(187.164867,-41.03,-4.6E-02));
#9292 = DIRECTION('',(-0.,-0.,-1.));
#9293 = DIRECTION('',(-7.105427357601E-14,-1.,0.));
#9294 = ADVANCED_FACE('',(#9295),#9306,.F.);
#9295 = FACE_BOUND('',#9296,.T.);
#9296 = EDGE_LOOP('',(#9297,#9298,#9304,#9305));
#9297 = ORIENTED_EDGE('',*,*,#4565,.T.);
#9298 = ORIENTED_EDGE('',*,*,#9299,.T.);
#9299 = EDGE_CURVE('',#4566,#6454,#9300,.T.);
#9300 = LINE('',#9301,#9302);
#9301 = CARTESIAN_POINT('',(189.664867,-41.43,-4.6E-02));
#9302 = VECTOR('',#9303,1.);
#9303 = DIRECTION('',(0.,0.,1.));
#9304 = ORIENTED_EDGE('',*,*,#6453,.F.);
#9305 = ORIENTED_EDGE('',*,*,#9299,.F.);
#9306 = CYLINDRICAL_SURFACE('',#9307,0.4);
#9307 = AXIS2_PLACEMENT_3D('',#9308,#9309,#9310);
#9308 = CARTESIAN_POINT('',(189.664867,-41.03,-4.6E-02));
#9309 = DIRECTION('',(-0.,-0.,-1.));
#9310 = DIRECTION('',(-7.105427357601E-14,-1.,0.));
#9311 = ADVANCED_FACE('',(#9312),#9323,.F.);
#9312 = FACE_BOUND('',#9313,.T.);
#9313 = EDGE_LOOP('',(#9314,#9315,#9321,#9322));
#9314 = ORIENTED_EDGE('',*,*,#4576,.T.);
#9315 = ORIENTED_EDGE('',*,*,#9316,.T.);
#9316 = EDGE_CURVE('',#4577,#6465,#9317,.T.);
#9317 = LINE('',#9318,#9319);
#9318 = CARTESIAN_POINT('',(190.809867,-59.5,-4.6E-02));
#9319 = VECTOR('',#9320,1.);
#9320 = DIRECTION('',(0.,0.,1.));
#9321 = ORIENTED_EDGE('',*,*,#6464,.F.);
#9322 = ORIENTED_EDGE('',*,*,#9316,.F.);
#9323 = CYLINDRICAL_SURFACE('',#9324,0.4);
#9324 = AXIS2_PLACEMENT_3D('',#9325,#9326,#9327);
#9325 = CARTESIAN_POINT('',(190.809867,-59.1,-4.6E-02));
#9326 = DIRECTION('',(-0.,-0.,-1.));
#9327 = DIRECTION('',(-0.,-1.,0.));
#9328 = ADVANCED_FACE('',(#9329),#9340,.F.);
#9329 = FACE_BOUND('',#9330,.T.);
#9330 = EDGE_LOOP('',(#9331,#9332,#9338,#9339));
#9331 = ORIENTED_EDGE('',*,*,#4587,.T.);
#9332 = ORIENTED_EDGE('',*,*,#9333,.T.);
#9333 = EDGE_CURVE('',#4588,#6476,#9334,.T.);
#9334 = LINE('',#9335,#9336);
#9335 = CARTESIAN_POINT('',(193.309867,-59.5,-4.6E-02));
#9336 = VECTOR('',#9337,1.);
#9337 = DIRECTION('',(0.,0.,1.));
#9338 = ORIENTED_EDGE('',*,*,#6475,.F.);
#9339 = ORIENTED_EDGE('',*,*,#9333,.F.);
#9340 = CYLINDRICAL_SURFACE('',#9341,0.4);
#9341 = AXIS2_PLACEMENT_3D('',#9342,#9343,#9344);
#9342 = CARTESIAN_POINT('',(193.309867,-59.1,-4.6E-02));
#9343 = DIRECTION('',(-0.,-0.,-1.));
#9344 = DIRECTION('',(-0.,-1.,0.));
#9345 = ADVANCED_FACE('',(#9346),#9357,.F.);
#9346 = FACE_BOUND('',#9347,.T.);
#9347 = EDGE_LOOP('',(#9348,#9349,#9355,#9356));
#9348 = ORIENTED_EDGE('',*,*,#4598,.T.);
#9349 = ORIENTED_EDGE('',*,*,#9350,.T.);
#9350 = EDGE_CURVE('',#4599,#6487,#9351,.T.);
#9351 = LINE('',#9352,#9353);
#9352 = CARTESIAN_POINT('',(205.579867,-62.80156,-4.6E-02));
#9353 = VECTOR('',#9354,1.);
#9354 = DIRECTION('',(0.,0.,1.));
#9355 = ORIENTED_EDGE('',*,*,#6486,.F.);
#9356 = ORIENTED_EDGE('',*,*,#9350,.F.);
#9357 = CYLINDRICAL_SURFACE('',#9358,0.4);
#9358 = AXIS2_PLACEMENT_3D('',#9359,#9360,#9361);
#9359 = CARTESIAN_POINT('',(205.579867,-62.40156,-4.6E-02));
#9360 = DIRECTION('',(-0.,-0.,-1.));
#9361 = DIRECTION('',(-0.,-1.,0.));
#9362 = ADVANCED_FACE('',(#9363),#9374,.F.);
#9363 = FACE_BOUND('',#9364,.T.);
#9364 = EDGE_LOOP('',(#9365,#9366,#9372,#9373));
#9365 = ORIENTED_EDGE('',*,*,#4609,.T.);
#9366 = ORIENTED_EDGE('',*,*,#9367,.T.);
#9367 = EDGE_CURVE('',#4610,#6498,#9368,.T.);
#9368 = LINE('',#9369,#9370);
#9369 = CARTESIAN_POINT('',(205.579867,-60.26156,-4.6E-02));
#9370 = VECTOR('',#9371,1.);
#9371 = DIRECTION('',(0.,0.,1.));
#9372 = ORIENTED_EDGE('',*,*,#6497,.F.);
#9373 = ORIENTED_EDGE('',*,*,#9367,.F.);
#9374 = CYLINDRICAL_SURFACE('',#9375,0.4);
#9375 = AXIS2_PLACEMENT_3D('',#9376,#9377,#9378);
#9376 = CARTESIAN_POINT('',(205.579867,-59.86156,-4.6E-02));
#9377 = DIRECTION('',(-0.,-0.,-1.));
#9378 = DIRECTION('',(-0.,-1.,0.));
#9379 = ADVANCED_FACE('',(#9380),#9391,.F.);
#9380 = FACE_BOUND('',#9381,.T.);
#9381 = EDGE_LOOP('',(#9382,#9383,#9389,#9390));
#9382 = ORIENTED_EDGE('',*,*,#4620,.T.);
#9383 = ORIENTED_EDGE('',*,*,#9384,.T.);
#9384 = EDGE_CURVE('',#4621,#6509,#9385,.T.);
#9385 = LINE('',#9386,#9387);
#9386 = CARTESIAN_POINT('',(205.579867,-57.72156,-4.6E-02));
#9387 = VECTOR('',#9388,1.);
#9388 = DIRECTION('',(0.,0.,1.));
#9389 = ORIENTED_EDGE('',*,*,#6508,.F.);
#9390 = ORIENTED_EDGE('',*,*,#9384,.F.);
#9391 = CYLINDRICAL_SURFACE('',#9392,0.4);
#9392 = AXIS2_PLACEMENT_3D('',#9393,#9394,#9395);
#9393 = CARTESIAN_POINT('',(205.579867,-57.32156,-4.6E-02));
#9394 = DIRECTION('',(-0.,-0.,-1.));
#9395 = DIRECTION('',(-0.,-1.,0.));
#9396 = ADVANCED_FACE('',(#9397),#9408,.F.);
#9397 = FACE_BOUND('',#9398,.T.);
#9398 = EDGE_LOOP('',(#9399,#9400,#9406,#9407));
#9399 = ORIENTED_EDGE('',*,*,#4631,.T.);
#9400 = ORIENTED_EDGE('',*,*,#9401,.T.);
#9401 = EDGE_CURVE('',#4632,#6520,#9402,.T.);
#9402 = LINE('',#9403,#9404);
#9403 = CARTESIAN_POINT('',(205.579867,-55.18156,-4.6E-02));
#9404 = VECTOR('',#9405,1.);
#9405 = DIRECTION('',(0.,0.,1.));
#9406 = ORIENTED_EDGE('',*,*,#6519,.F.);
#9407 = ORIENTED_EDGE('',*,*,#9401,.F.);
#9408 = CYLINDRICAL_SURFACE('',#9409,0.4);
#9409 = AXIS2_PLACEMENT_3D('',#9410,#9411,#9412);
#9410 = CARTESIAN_POINT('',(205.579867,-54.78156,-4.6E-02));
#9411 = DIRECTION('',(-0.,-0.,-1.));
#9412 = DIRECTION('',(-0.,-1.,0.));
#9413 = ADVANCED_FACE('',(#9414),#9425,.F.);
#9414 = FACE_BOUND('',#9415,.T.);
#9415 = EDGE_LOOP('',(#9416,#9417,#9423,#9424));
#9416 = ORIENTED_EDGE('',*,*,#4642,.T.);
#9417 = ORIENTED_EDGE('',*,*,#9418,.T.);
#9418 = EDGE_CURVE('',#4643,#6531,#9419,.T.);
#9419 = LINE('',#9420,#9421);
#9420 = CARTESIAN_POINT('',(205.579867,-52.64156,-4.6E-02));
#9421 = VECTOR('',#9422,1.);
#9422 = DIRECTION('',(0.,0.,1.));
#9423 = ORIENTED_EDGE('',*,*,#6530,.F.);
#9424 = ORIENTED_EDGE('',*,*,#9418,.F.);
#9425 = CYLINDRICAL_SURFACE('',#9426,0.4);
#9426 = AXIS2_PLACEMENT_3D('',#9427,#9428,#9429);
#9427 = CARTESIAN_POINT('',(205.579867,-52.24156,-4.6E-02));
#9428 = DIRECTION('',(-0.,-0.,-1.));
#9429 = DIRECTION('',(-0.,-1.,0.));
#9430 = ADVANCED_FACE('',(#9431),#9442,.F.);
#9431 = FACE_BOUND('',#9432,.T.);
#9432 = EDGE_LOOP('',(#9433,#9434,#9440,#9441));
#9433 = ORIENTED_EDGE('',*,*,#4653,.T.);
#9434 = ORIENTED_EDGE('',*,*,#9435,.T.);
#9435 = EDGE_CURVE('',#4654,#6542,#9436,.T.);
#9436 = LINE('',#9437,#9438);
#9437 = CARTESIAN_POINT('',(230.979867,-62.80156,-4.6E-02));
#9438 = VECTOR('',#9439,1.);
#9439 = DIRECTION('',(0.,0.,1.));
#9440 = ORIENTED_EDGE('',*,*,#6541,.F.);
#9441 = ORIENTED_EDGE('',*,*,#9435,.F.);
#9442 = CYLINDRICAL_SURFACE('',#9443,0.4);
#9443 = AXIS2_PLACEMENT_3D('',#9444,#9445,#9446);
#9444 = CARTESIAN_POINT('',(230.979867,-62.40156,-4.6E-02));
#9445 = DIRECTION('',(-0.,-0.,-1.));
#9446 = DIRECTION('',(-0.,-1.,0.));
#9447 = ADVANCED_FACE('',(#9448),#9459,.F.);
#9448 = FACE_BOUND('',#9449,.T.);
#9449 = EDGE_LOOP('',(#9450,#9451,#9457,#9458));
#9450 = ORIENTED_EDGE('',*,*,#4664,.T.);
#9451 = ORIENTED_EDGE('',*,*,#9452,.T.);
#9452 = EDGE_CURVE('',#4665,#6553,#9453,.T.);
#9453 = LINE('',#9454,#9455);
#9454 = CARTESIAN_POINT('',(230.979867,-60.26156,-4.6E-02));
#9455 = VECTOR('',#9456,1.);
#9456 = DIRECTION('',(0.,0.,1.));
#9457 = ORIENTED_EDGE('',*,*,#6552,.F.);
#9458 = ORIENTED_EDGE('',*,*,#9452,.F.);
#9459 = CYLINDRICAL_SURFACE('',#9460,0.4);
#9460 = AXIS2_PLACEMENT_3D('',#9461,#9462,#9463);
#9461 = CARTESIAN_POINT('',(230.979867,-59.86156,-4.6E-02));
#9462 = DIRECTION('',(-0.,-0.,-1.));
#9463 = DIRECTION('',(-0.,-1.,0.));
#9464 = ADVANCED_FACE('',(#9465),#9476,.F.);
#9465 = FACE_BOUND('',#9466,.T.);
#9466 = EDGE_LOOP('',(#9467,#9468,#9474,#9475));
#9467 = ORIENTED_EDGE('',*,*,#4675,.T.);
#9468 = ORIENTED_EDGE('',*,*,#9469,.T.);
#9469 = EDGE_CURVE('',#4676,#6564,#9470,.T.);
#9470 = LINE('',#9471,#9472);
#9471 = CARTESIAN_POINT('',(230.979867,-57.72156,-4.6E-02));
#9472 = VECTOR('',#9473,1.);
#9473 = DIRECTION('',(0.,0.,1.));
#9474 = ORIENTED_EDGE('',*,*,#6563,.F.);
#9475 = ORIENTED_EDGE('',*,*,#9469,.F.);
#9476 = CYLINDRICAL_SURFACE('',#9477,0.4);
#9477 = AXIS2_PLACEMENT_3D('',#9478,#9479,#9480);
#9478 = CARTESIAN_POINT('',(230.979867,-57.32156,-4.6E-02));
#9479 = DIRECTION('',(-0.,-0.,-1.));
#9480 = DIRECTION('',(-0.,-1.,0.));
#9481 = ADVANCED_FACE('',(#9482),#9493,.F.);
#9482 = FACE_BOUND('',#9483,.T.);
#9483 = EDGE_LOOP('',(#9484,#9485,#9491,#9492));
#9484 = ORIENTED_EDGE('',*,*,#4686,.T.);
#9485 = ORIENTED_EDGE('',*,*,#9486,.T.);
#9486 = EDGE_CURVE('',#4687,#6575,#9487,.T.);
#9487 = LINE('',#9488,#9489);
#9488 = CARTESIAN_POINT('',(230.979867,-55.18156,-4.6E-02));
#9489 = VECTOR('',#9490,1.);
#9490 = DIRECTION('',(0.,0.,1.));
#9491 = ORIENTED_EDGE('',*,*,#6574,.F.);
#9492 = ORIENTED_EDGE('',*,*,#9486,.F.);
#9493 = CYLINDRICAL_SURFACE('',#9494,0.4);
#9494 = AXIS2_PLACEMENT_3D('',#9495,#9496,#9497);
#9495 = CARTESIAN_POINT('',(230.979867,-54.78156,-4.6E-02));
#9496 = DIRECTION('',(-0.,-0.,-1.));
#9497 = DIRECTION('',(-0.,-1.,0.));
#9498 = ADVANCED_FACE('',(#9499),#9510,.F.);
#9499 = FACE_BOUND('',#9500,.T.);
#9500 = EDGE_LOOP('',(#9501,#9502,#9508,#9509));
#9501 = ORIENTED_EDGE('',*,*,#4697,.T.);
#9502 = ORIENTED_EDGE('',*,*,#9503,.T.);
#9503 = EDGE_CURVE('',#4698,#6586,#9504,.T.);
#9504 = LINE('',#9505,#9506);
#9505 = CARTESIAN_POINT('',(230.979867,-52.64156,-4.6E-02));
#9506 = VECTOR('',#9507,1.);
#9507 = DIRECTION('',(0.,0.,1.));
#9508 = ORIENTED_EDGE('',*,*,#6585,.F.);
#9509 = ORIENTED_EDGE('',*,*,#9503,.F.);
#9510 = CYLINDRICAL_SURFACE('',#9511,0.4);
#9511 = AXIS2_PLACEMENT_3D('',#9512,#9513,#9514);
#9512 = CARTESIAN_POINT('',(230.979867,-52.24156,-4.6E-02));
#9513 = DIRECTION('',(-0.,-0.,-1.));
#9514 = DIRECTION('',(-0.,-1.,0.));
#9515 = ADVANCED_FACE('',(#9516),#9527,.F.);
#9516 = FACE_BOUND('',#9517,.T.);
#9517 = EDGE_LOOP('',(#9518,#9519,#9525,#9526));
#9518 = ORIENTED_EDGE('',*,*,#4708,.T.);
#9519 = ORIENTED_EDGE('',*,*,#9520,.T.);
#9520 = EDGE_CURVE('',#4709,#6597,#9521,.T.);
#9521 = LINE('',#9522,#9523);
#9522 = CARTESIAN_POINT('',(205.579867,-50.10156,-4.6E-02));
#9523 = VECTOR('',#9524,1.);
#9524 = DIRECTION('',(0.,0.,1.));
#9525 = ORIENTED_EDGE('',*,*,#6596,.F.);
#9526 = ORIENTED_EDGE('',*,*,#9520,.F.);
#9527 = CYLINDRICAL_SURFACE('',#9528,0.4);
#9528 = AXIS2_PLACEMENT_3D('',#9529,#9530,#9531);
#9529 = CARTESIAN_POINT('',(205.579867,-49.70156,-4.6E-02));
#9530 = DIRECTION('',(-0.,-0.,-1.));
#9531 = DIRECTION('',(-0.,-1.,0.));
#9532 = ADVANCED_FACE('',(#9533),#9544,.F.);
#9533 = FACE_BOUND('',#9534,.T.);
#9534 = EDGE_LOOP('',(#9535,#9536,#9542,#9543));
#9535 = ORIENTED_EDGE('',*,*,#4719,.T.);
#9536 = ORIENTED_EDGE('',*,*,#9537,.T.);
#9537 = EDGE_CURVE('',#4720,#6608,#9538,.T.);
#9538 = LINE('',#9539,#9540);
#9539 = CARTESIAN_POINT('',(205.579867,-47.56156,-4.6E-02));
#9540 = VECTOR('',#9541,1.);
#9541 = DIRECTION('',(0.,0.,1.));
#9542 = ORIENTED_EDGE('',*,*,#6607,.F.);
#9543 = ORIENTED_EDGE('',*,*,#9537,.F.);
#9544 = CYLINDRICAL_SURFACE('',#9545,0.4);
#9545 = AXIS2_PLACEMENT_3D('',#9546,#9547,#9548);
#9546 = CARTESIAN_POINT('',(205.579867,-47.16156,-4.6E-02));
#9547 = DIRECTION('',(-0.,-0.,-1.));
#9548 = DIRECTION('',(-0.,-1.,0.));
#9549 = ADVANCED_FACE('',(#9550),#9561,.F.);
#9550 = FACE_BOUND('',#9551,.T.);
#9551 = EDGE_LOOP('',(#9552,#9553,#9559,#9560));
#9552 = ORIENTED_EDGE('',*,*,#4730,.T.);
#9553 = ORIENTED_EDGE('',*,*,#9554,.T.);
#9554 = EDGE_CURVE('',#4731,#6619,#9555,.T.);
#9555 = LINE('',#9556,#9557);
#9556 = CARTESIAN_POINT('',(205.579867,-45.02156,-4.6E-02));
#9557 = VECTOR('',#9558,1.);
#9558 = DIRECTION('',(0.,0.,1.));
#9559 = ORIENTED_EDGE('',*,*,#6618,.F.);
#9560 = ORIENTED_EDGE('',*,*,#9554,.F.);
#9561 = CYLINDRICAL_SURFACE('',#9562,0.4);
#9562 = AXIS2_PLACEMENT_3D('',#9563,#9564,#9565);
#9563 = CARTESIAN_POINT('',(205.579867,-44.62156,-4.6E-02));
#9564 = DIRECTION('',(-0.,-0.,-1.));
#9565 = DIRECTION('',(-0.,-1.,0.));
#9566 = ADVANCED_FACE('',(#9567),#9578,.F.);
#9567 = FACE_BOUND('',#9568,.T.);
#9568 = EDGE_LOOP('',(#9569,#9570,#9576,#9577));
#9569 = ORIENTED_EDGE('',*,*,#4741,.T.);
#9570 = ORIENTED_EDGE('',*,*,#9571,.T.);
#9571 = EDGE_CURVE('',#4742,#6630,#9572,.T.);
#9572 = LINE('',#9573,#9574);
#9573 = CARTESIAN_POINT('',(230.979867,-50.10156,-4.6E-02));
#9574 = VECTOR('',#9575,1.);
#9575 = DIRECTION('',(0.,0.,1.));
#9576 = ORIENTED_EDGE('',*,*,#6629,.F.);
#9577 = ORIENTED_EDGE('',*,*,#9571,.F.);
#9578 = CYLINDRICAL_SURFACE('',#9579,0.4);
#9579 = AXIS2_PLACEMENT_3D('',#9580,#9581,#9582);
#9580 = CARTESIAN_POINT('',(230.979867,-49.70156,-4.6E-02));
#9581 = DIRECTION('',(-0.,-0.,-1.));
#9582 = DIRECTION('',(-0.,-1.,0.));
#9583 = ADVANCED_FACE('',(#9584),#9595,.F.);
#9584 = FACE_BOUND('',#9585,.T.);
#9585 = EDGE_LOOP('',(#9586,#9587,#9593,#9594));
#9586 = ORIENTED_EDGE('',*,*,#4752,.T.);
#9587 = ORIENTED_EDGE('',*,*,#9588,.T.);
#9588 = EDGE_CURVE('',#4753,#6641,#9589,.T.);
#9589 = LINE('',#9590,#9591);
#9590 = CARTESIAN_POINT('',(230.979867,-47.56156,-4.6E-02));
#9591 = VECTOR('',#9592,1.);
#9592 = DIRECTION('',(0.,0.,1.));
#9593 = ORIENTED_EDGE('',*,*,#6640,.F.);
#9594 = ORIENTED_EDGE('',*,*,#9588,.F.);
#9595 = CYLINDRICAL_SURFACE('',#9596,0.4);
#9596 = AXIS2_PLACEMENT_3D('',#9597,#9598,#9599);
#9597 = CARTESIAN_POINT('',(230.979867,-47.16156,-4.6E-02));
#9598 = DIRECTION('',(-0.,-0.,-1.));
#9599 = DIRECTION('',(-0.,-1.,0.));
#9600 = ADVANCED_FACE('',(#9601),#9612,.F.);
#9601 = FACE_BOUND('',#9602,.T.);
#9602 = EDGE_LOOP('',(#9603,#9604,#9610,#9611));
#9603 = ORIENTED_EDGE('',*,*,#4763,.T.);
#9604 = ORIENTED_EDGE('',*,*,#9605,.T.);
#9605 = EDGE_CURVE('',#4764,#6652,#9606,.T.);
#9606 = LINE('',#9607,#9608);
#9607 = CARTESIAN_POINT('',(230.979867,-45.02156,-4.6E-02));
#9608 = VECTOR('',#9609,1.);
#9609 = DIRECTION('',(0.,0.,1.));
#9610 = ORIENTED_EDGE('',*,*,#6651,.F.);
#9611 = ORIENTED_EDGE('',*,*,#9605,.F.);
#9612 = CYLINDRICAL_SURFACE('',#9613,0.4);
#9613 = AXIS2_PLACEMENT_3D('',#9614,#9615,#9616);
#9614 = CARTESIAN_POINT('',(230.979867,-44.62156,-4.6E-02));
#9615 = DIRECTION('',(-0.,-0.,-1.));
#9616 = DIRECTION('',(-0.,-1.,0.));
#9617 = ( GEOMETRIC_REPRESENTATION_CONTEXT(3) 
GLOBAL_UNCERTAINTY_ASSIGNED_CONTEXT((#9621)) 
GLOBAL_UNIT_ASSIGNED_CONTEXT((#9618,#9619,#9620)) REPRESENTATION_CONTEXT
('Context #1','3D Context with UNIT and UNCERTAINTY') );
#9618 = ( LENGTH_UNIT() NAMED_UNIT(*) SI_UNIT(.MILLI.,.METRE.) );
#9619 = ( NAMED_UNIT(*) PLANE_ANGLE_UNIT() SI_UNIT($,.RADIAN.) );
#9620 = ( NAMED_UNIT(*) SI_UNIT($,.STERADIAN.) SOLID_ANGLE_UNIT() );
#9621 = UNCERTAINTY_MEASURE_WITH_UNIT(LENGTH_MEASURE(1.E-07),#9618,
  'distance_accuracy_value','confusion accuracy');
#9622 = CONTEXT_DEPENDENT_SHAPE_REPRESENTATION(#9623,#9625);
#9623 = ( REPRESENTATION_RELATIONSHIP('','',#2783,#10) 
REPRESENTATION_RELATIONSHIP_WITH_TRANSFORMATION(#9624) 
SHAPE_REPRESENTATION_RELATIONSHIP() );
#9624 = ITEM_DEFINED_TRANSFORMATION('','',#11,#71);
#9625 = PRODUCT_DEFINITION_SHAPE('Placement','Placement of an item',
  #9626);
#9626 = NEXT_ASSEMBLY_USAGE_OCCURRENCE('15','=>[0:1:1:5]','',#5,#2778,$
  );
#9627 = PRODUCT_RELATED_PRODUCT_CATEGORY('part',$,(#2780));
#9628 = MECHANICAL_DESIGN_GEOMETRIC_PRESENTATION_REPRESENTATION('',(
    #9629),#9617);
#9629 = STYLED_ITEM('color',(#9630),#2784);
#9630 = PRESENTATION_STYLE_ASSIGNMENT((#9631));
#9631 = SURFACE_STYLE_USAGE(.BOTH.,#9632);
#9632 = SURFACE_SIDE_STYLE('',(#9633));
#9633 = SURFACE_STYLE_FILL_AREA(#9634);
#9634 = FILL_AREA_STYLE('',(#9635));
#9635 = FILL_AREA_STYLE_COLOUR('',#9636);
#9636 = COLOUR_RGB('',0.313304153717,0.484529207832,0.410020903123);
#9637 = MECHANICAL_DESIGN_GEOMETRIC_PRESENTATION_REPRESENTATION('',(
    #9638,#9646,#9653,#9661,#9668,#9676,#9683,#9690,#9697,#9704,#9711,
    #9718,#9725,#9732,#9739,#9746,#9753,#9760,#9767,#9774,#9781,#9788,
    #9795,#9802,#9810,#9817,#9824,#9831,#9838,#9845,#9852,#9859,#9866,
    #9873,#9880,#9887,#9894,#9901,#9908,#9915,#9922,#9929,#9936,#9943,
    #9950,#9957),#2740);
#9638 = STYLED_ITEM('color',(#9639),#918);
#9639 = PRESENTATION_STYLE_ASSIGNMENT((#9640));
#9640 = SURFACE_STYLE_USAGE(.BOTH.,#9641);
#9641 = SURFACE_SIDE_STYLE('',(#9642));
#9642 = SURFACE_STYLE_FILL_AREA(#9643);
#9643 = FILL_AREA_STYLE('',(#9644));
#9644 = FILL_AREA_STYLE_COLOUR('',#9645);
#9645 = COLOUR_RGB('',0.823999987314,0.819999987296,0.781000009244);
#9646 = STYLED_ITEM('color',(#9647),#935);
#9647 = PRESENTATION_STYLE_ASSIGNMENT((#9648));
#9648 = SURFACE_STYLE_USAGE(.BOTH.,#9649);
#9649 = SURFACE_SIDE_STYLE('',(#9650));
#9650 = SURFACE_STYLE_FILL_AREA(#9651);
#9651 = FILL_AREA_STYLE('',(#9652));
#9652 = FILL_AREA_STYLE_COLOUR('',#9645);
#9653 = STYLED_ITEM('color',(#9654),#960);
#9654 = PRESENTATION_STYLE_ASSIGNMENT((#9655));
#9655 = SURFACE_STYLE_USAGE(.BOTH.,#9656);
#9656 = SURFACE_SIDE_STYLE('',(#9657));
#9657 = SURFACE_STYLE_FILL_AREA(#9658);
#9658 = FILL_AREA_STYLE('',(#9659));
#9659 = FILL_AREA_STYLE_COLOUR('',#9660);
#9660 = COLOUR_RGB('',0.136999991899,0.40200001271,0.726999997272);
#9661 = STYLED_ITEM('color',(#9662),#1009);
#9662 = PRESENTATION_STYLE_ASSIGNMENT((#9663));
#9663 = SURFACE_STYLE_USAGE(.BOTH.,#9664);
#9664 = SURFACE_SIDE_STYLE('',(#9665));
#9665 = SURFACE_STYLE_FILL_AREA(#9666);
#9666 = FILL_AREA_STYLE('',(#9667));
#9667 = FILL_AREA_STYLE_COLOUR('',#9660);
#9668 = STYLED_ITEM('color',(#9669),#1042);
#9669 = PRESENTATION_STYLE_ASSIGNMENT((#9670));
#9670 = SURFACE_STYLE_USAGE(.BOTH.,#9671);
#9671 = SURFACE_SIDE_STYLE('',(#9672));
#9672 = SURFACE_STYLE_FILL_AREA(#9673);
#9673 = FILL_AREA_STYLE('',(#9674));
#9674 = FILL_AREA_STYLE_COLOUR('',#9675);
#9675 = COLOUR_RGB('',0.690999977303,0.663999984767,0.597999987832);
#9676 = STYLED_ITEM('color',(#9677),#1060);
#9677 = PRESENTATION_STYLE_ASSIGNMENT((#9678));
#9678 = SURFACE_STYLE_USAGE(.BOTH.,#9679);
#9679 = SURFACE_SIDE_STYLE('',(#9680));
#9680 = SURFACE_STYLE_FILL_AREA(#9681);
#9681 = FILL_AREA_STYLE('',(#9682));
#9682 = FILL_AREA_STYLE_COLOUR('',#9645);
#9683 = STYLED_ITEM('color',(#9684),#1085);
#9684 = PRESENTATION_STYLE_ASSIGNMENT((#9685));
#9685 = SURFACE_STYLE_USAGE(.BOTH.,#9686);
#9686 = SURFACE_SIDE_STYLE('',(#9687));
#9687 = SURFACE_STYLE_FILL_AREA(#9688);
#9688 = FILL_AREA_STYLE('',(#9689));
#9689 = FILL_AREA_STYLE_COLOUR('',#9660);
#9690 = STYLED_ITEM('color',(#9691),#1117);
#9691 = PRESENTATION_STYLE_ASSIGNMENT((#9692));
#9692 = SURFACE_STYLE_USAGE(.BOTH.,#9693);
#9693 = SURFACE_SIDE_STYLE('',(#9694));
#9694 = SURFACE_STYLE_FILL_AREA(#9695);
#9695 = FILL_AREA_STYLE('',(#9696));
#9696 = FILL_AREA_STYLE_COLOUR('',#9675);
#9697 = STYLED_ITEM('color',(#9698),#1135);
#9698 = PRESENTATION_STYLE_ASSIGNMENT((#9699));
#9699 = SURFACE_STYLE_USAGE(.BOTH.,#9700);
#9700 = SURFACE_SIDE_STYLE('',(#9701));
#9701 = SURFACE_STYLE_FILL_AREA(#9702);
#9702 = FILL_AREA_STYLE('',(#9703));
#9703 = FILL_AREA_STYLE_COLOUR('',#9645);
#9704 = STYLED_ITEM('color',(#9705),#1144);
#9705 = PRESENTATION_STYLE_ASSIGNMENT((#9706));
#9706 = SURFACE_STYLE_USAGE(.BOTH.,#9707);
#9707 = SURFACE_SIDE_STYLE('',(#9708));
#9708 = SURFACE_STYLE_FILL_AREA(#9709);
#9709 = FILL_AREA_STYLE('',(#9710));
#9710 = FILL_AREA_STYLE_COLOUR('',#9660);
#9711 = STYLED_ITEM('color',(#9712),#1182);
#9712 = PRESENTATION_STYLE_ASSIGNMENT((#9713));
#9713 = SURFACE_STYLE_USAGE(.BOTH.,#9714);
#9714 = SURFACE_SIDE_STYLE('',(#9715));
#9715 = SURFACE_STYLE_FILL_AREA(#9716);
#9716 = FILL_AREA_STYLE('',(#9717));
#9717 = FILL_AREA_STYLE_COLOUR('',#9675);
#9718 = STYLED_ITEM('color',(#9719),#1204);
#9719 = PRESENTATION_STYLE_ASSIGNMENT((#9720));
#9720 = SURFACE_STYLE_USAGE(.BOTH.,#9721);
#9721 = SURFACE_SIDE_STYLE('',(#9722));
#9722 = SURFACE_STYLE_FILL_AREA(#9723);
#9723 = FILL_AREA_STYLE('',(#9724));
#9724 = FILL_AREA_STYLE_COLOUR('',#9660);
#9725 = STYLED_ITEM('color',(#9726),#1267);
#9726 = PRESENTATION_STYLE_ASSIGNMENT((#9727));
#9727 = SURFACE_STYLE_USAGE(.BOTH.,#9728);
#9728 = SURFACE_SIDE_STYLE('',(#9729));
#9729 = SURFACE_STYLE_FILL_AREA(#9730);
#9730 = FILL_AREA_STYLE('',(#9731));
#9731 = FILL_AREA_STYLE_COLOUR('',#9675);
#9732 = STYLED_ITEM('color',(#9733),#1295);
#9733 = PRESENTATION_STYLE_ASSIGNMENT((#9734));
#9734 = SURFACE_STYLE_USAGE(.BOTH.,#9735);
#9735 = SURFACE_SIDE_STYLE('',(#9736));
#9736 = SURFACE_STYLE_FILL_AREA(#9737);
#9737 = FILL_AREA_STYLE('',(#9738));
#9738 = FILL_AREA_STYLE_COLOUR('',#9660);
#9739 = STYLED_ITEM('color',(#9740),#1473);
#9740 = PRESENTATION_STYLE_ASSIGNMENT((#9741));
#9741 = SURFACE_STYLE_USAGE(.BOTH.,#9742);
#9742 = SURFACE_SIDE_STYLE('',(#9743));
#9743 = SURFACE_STYLE_FILL_AREA(#9744);
#9744 = FILL_AREA_STYLE('',(#9745));
#9745 = FILL_AREA_STYLE_COLOUR('',#9675);
#9746 = STYLED_ITEM('color',(#9747),#1539);
#9747 = PRESENTATION_STYLE_ASSIGNMENT((#9748));
#9748 = SURFACE_STYLE_USAGE(.BOTH.,#9749);
#9749 = SURFACE_SIDE_STYLE('',(#9750));
#9750 = SURFACE_STYLE_FILL_AREA(#9751);
#9751 = FILL_AREA_STYLE('',(#9752));
#9752 = FILL_AREA_STYLE_COLOUR('',#9660);
#9753 = STYLED_ITEM('color',(#9754),#1608);
#9754 = PRESENTATION_STYLE_ASSIGNMENT((#9755));
#9755 = SURFACE_STYLE_USAGE(.BOTH.,#9756);
#9756 = SURFACE_SIDE_STYLE('',(#9757));
#9757 = SURFACE_STYLE_FILL_AREA(#9758);
#9758 = FILL_AREA_STYLE('',(#9759));
#9759 = FILL_AREA_STYLE_COLOUR('',#9675);
#9760 = STYLED_ITEM('color',(#9761),#1640);
#9761 = PRESENTATION_STYLE_ASSIGNMENT((#9762));
#9762 = SURFACE_STYLE_USAGE(.BOTH.,#9763);
#9763 = SURFACE_SIDE_STYLE('',(#9764));
#9764 = SURFACE_STYLE_FILL_AREA(#9765);
#9765 = FILL_AREA_STYLE('',(#9766));
#9766 = FILL_AREA_STYLE_COLOUR('',#9660);
#9767 = STYLED_ITEM('color',(#9768),#1818);
#9768 = PRESENTATION_STYLE_ASSIGNMENT((#9769));
#9769 = SURFACE_STYLE_USAGE(.BOTH.,#9770);
#9770 = SURFACE_SIDE_STYLE('',(#9771));
#9771 = SURFACE_STYLE_FILL_AREA(#9772);
#9772 = FILL_AREA_STYLE('',(#9773));
#9773 = FILL_AREA_STYLE_COLOUR('',#9675);
#9774 = STYLED_ITEM('color',(#9775),#1884);
#9775 = PRESENTATION_STYLE_ASSIGNMENT((#9776));
#9776 = SURFACE_STYLE_USAGE(.BOTH.,#9777);
#9777 = SURFACE_SIDE_STYLE('',(#9778));
#9778 = SURFACE_STYLE_FILL_AREA(#9779);
#9779 = FILL_AREA_STYLE('',(#9780));
#9780 = FILL_AREA_STYLE_COLOUR('',#9660);
#9781 = STYLED_ITEM('color',(#9782),#1916);
#9782 = PRESENTATION_STYLE_ASSIGNMENT((#9783));
#9783 = SURFACE_STYLE_USAGE(.BOTH.,#9784);
#9784 = SURFACE_SIDE_STYLE('',(#9785));
#9785 = SURFACE_STYLE_FILL_AREA(#9786);
#9786 = FILL_AREA_STYLE('',(#9787));
#9787 = FILL_AREA_STYLE_COLOUR('',#9675);
#9788 = STYLED_ITEM('color',(#9789),#2026);
#9789 = PRESENTATION_STYLE_ASSIGNMENT((#9790));
#9790 = SURFACE_STYLE_USAGE(.BOTH.,#9791);
#9791 = SURFACE_SIDE_STYLE('',(#9792));
#9792 = SURFACE_STYLE_FILL_AREA(#9793);
#9793 = FILL_AREA_STYLE('',(#9794));
#9794 = FILL_AREA_STYLE_COLOUR('',#9660);
#9795 = STYLED_ITEM('color',(#9796),#2060);
#9796 = PRESENTATION_STYLE_ASSIGNMENT((#9797));
#9797 = SURFACE_STYLE_USAGE(.BOTH.,#9798);
#9798 = SURFACE_SIDE_STYLE('',(#9799));
#9799 = SURFACE_STYLE_FILL_AREA(#9800);
#9800 = FILL_AREA_STYLE('',(#9801));
#9801 = FILL_AREA_STYLE_COLOUR('',#9675);
#9802 = STYLED_ITEM('color',(#9803),#2078);
#9803 = PRESENTATION_STYLE_ASSIGNMENT((#9804));
#9804 = SURFACE_STYLE_USAGE(.BOTH.,#9805);
#9805 = SURFACE_SIDE_STYLE('',(#9806));
#9806 = SURFACE_STYLE_FILL_AREA(#9807);
#9807 = FILL_AREA_STYLE('',(#9808));
#9808 = FILL_AREA_STYLE_COLOUR('',#9809);
#9809 = COLOUR_RGB('',0.147999998088,0.144999993226,0.144999993226);
#9810 = STYLED_ITEM('color',(#9811),#2094);
#9811 = PRESENTATION_STYLE_ASSIGNMENT((#9812));
#9812 = SURFACE_STYLE_USAGE(.BOTH.,#9813);
#9813 = SURFACE_SIDE_STYLE('',(#9814));
#9814 = SURFACE_STYLE_FILL_AREA(#9815);
#9815 = FILL_AREA_STYLE('',(#9816));
#9816 = FILL_AREA_STYLE_COLOUR('',#9660);
#9817 = STYLED_ITEM('color',(#9818),#2126);
#9818 = PRESENTATION_STYLE_ASSIGNMENT((#9819));
#9819 = SURFACE_STYLE_USAGE(.BOTH.,#9820);
#9820 = SURFACE_SIDE_STYLE('',(#9821));
#9821 = SURFACE_STYLE_FILL_AREA(#9822);
#9822 = FILL_AREA_STYLE('',(#9823));
#9823 = FILL_AREA_STYLE_COLOUR('',#9675);
#9824 = STYLED_ITEM('color',(#9825),#2144);
#9825 = PRESENTATION_STYLE_ASSIGNMENT((#9826));
#9826 = SURFACE_STYLE_USAGE(.BOTH.,#9827);
#9827 = SURFACE_SIDE_STYLE('',(#9828));
#9828 = SURFACE_STYLE_FILL_AREA(#9829);
#9829 = FILL_AREA_STYLE('',(#9830));
#9830 = FILL_AREA_STYLE_COLOUR('',#9660);
#9831 = STYLED_ITEM('color',(#9832),#2287);
#9832 = PRESENTATION_STYLE_ASSIGNMENT((#9833));
#9833 = SURFACE_STYLE_USAGE(.BOTH.,#9834);
#9834 = SURFACE_SIDE_STYLE('',(#9835));
#9835 = SURFACE_STYLE_FILL_AREA(#9836);
#9836 = FILL_AREA_STYLE('',(#9837));
#9837 = FILL_AREA_STYLE_COLOUR('',#9675);
#9838 = STYLED_ITEM('color',(#9839),#2339);
#9839 = PRESENTATION_STYLE_ASSIGNMENT((#9840));
#9840 = SURFACE_STYLE_USAGE(.BOTH.,#9841);
#9841 = SURFACE_SIDE_STYLE('',(#9842));
#9842 = SURFACE_STYLE_FILL_AREA(#9843);
#9843 = FILL_AREA_STYLE('',(#9844));
#9844 = FILL_AREA_STYLE_COLOUR('',#9645);
#9845 = STYLED_ITEM('color',(#9846),#2363);
#9846 = PRESENTATION_STYLE_ASSIGNMENT((#9847));
#9847 = SURFACE_STYLE_USAGE(.BOTH.,#9848);
#9848 = SURFACE_SIDE_STYLE('',(#9849));
#9849 = SURFACE_STYLE_FILL_AREA(#9850);
#9850 = FILL_AREA_STYLE('',(#9851));
#9851 = FILL_AREA_STYLE_COLOUR('',#9645);
#9852 = STYLED_ITEM('color',(#9853),#2387);
#9853 = PRESENTATION_STYLE_ASSIGNMENT((#9854));
#9854 = SURFACE_STYLE_USAGE(.BOTH.,#9855);
#9855 = SURFACE_SIDE_STYLE('',(#9856));
#9856 = SURFACE_STYLE_FILL_AREA(#9857);
#9857 = FILL_AREA_STYLE('',(#9858));
#9858 = FILL_AREA_STYLE_COLOUR('',#9645);
#9859 = STYLED_ITEM('color',(#9860),#2411);
#9860 = PRESENTATION_STYLE_ASSIGNMENT((#9861));
#9861 = SURFACE_STYLE_USAGE(.BOTH.,#9862);
#9862 = SURFACE_SIDE_STYLE('',(#9863));
#9863 = SURFACE_STYLE_FILL_AREA(#9864);
#9864 = FILL_AREA_STYLE('',(#9865));
#9865 = FILL_AREA_STYLE_COLOUR('',#9645);
#9866 = STYLED_ITEM('color',(#9867),#2473);
#9867 = PRESENTATION_STYLE_ASSIGNMENT((#9868));
#9868 = SURFACE_STYLE_USAGE(.BOTH.,#9869);
#9869 = SURFACE_SIDE_STYLE('',(#9870));
#9870 = SURFACE_STYLE_FILL_AREA(#9871);
#9871 = FILL_AREA_STYLE('',(#9872));
#9872 = FILL_AREA_STYLE_COLOUR('',#9645);
#9873 = STYLED_ITEM('color',(#9874),#2490);
#9874 = PRESENTATION_STYLE_ASSIGNMENT((#9875));
#9875 = SURFACE_STYLE_USAGE(.BOTH.,#9876);
#9876 = SURFACE_SIDE_STYLE('',(#9877));
#9877 = SURFACE_STYLE_FILL_AREA(#9878);
#9878 = FILL_AREA_STYLE('',(#9879));
#9879 = FILL_AREA_STYLE_COLOUR('',#9645);
#9880 = STYLED_ITEM('color',(#9881),#2514);
#9881 = PRESENTATION_STYLE_ASSIGNMENT((#9882));
#9882 = SURFACE_STYLE_USAGE(.BOTH.,#9883);
#9883 = SURFACE_SIDE_STYLE('',(#9884));
#9884 = SURFACE_STYLE_FILL_AREA(#9885);
#9885 = FILL_AREA_STYLE('',(#9886));
#9886 = FILL_AREA_STYLE_COLOUR('',#9645);
#9887 = STYLED_ITEM('color',(#9888),#2530);
#9888 = PRESENTATION_STYLE_ASSIGNMENT((#9889));
#9889 = SURFACE_STYLE_USAGE(.BOTH.,#9890);
#9890 = SURFACE_SIDE_STYLE('',(#9891));
#9891 = SURFACE_STYLE_FILL_AREA(#9892);
#9892 = FILL_AREA_STYLE('',(#9893));
#9893 = FILL_AREA_STYLE_COLOUR('',#9645);
#9894 = STYLED_ITEM('color',(#9895),#2554);
#9895 = PRESENTATION_STYLE_ASSIGNMENT((#9896));
#9896 = SURFACE_STYLE_USAGE(.BOTH.,#9897);
#9897 = SURFACE_SIDE_STYLE('',(#9898));
#9898 = SURFACE_STYLE_FILL_AREA(#9899);
#9899 = FILL_AREA_STYLE('',(#9900));
#9900 = FILL_AREA_STYLE_COLOUR('',#9645);
#9901 = STYLED_ITEM('color',(#9902),#2566);
#9902 = PRESENTATION_STYLE_ASSIGNMENT((#9903));
#9903 = SURFACE_STYLE_USAGE(.BOTH.,#9904);
#9904 = SURFACE_SIDE_STYLE('',(#9905));
#9905 = SURFACE_STYLE_FILL_AREA(#9906);
#9906 = FILL_AREA_STYLE('',(#9907));
#9907 = FILL_AREA_STYLE_COLOUR('',#9645);
#9908 = STYLED_ITEM('color',(#9909),#2582);
#9909 = PRESENTATION_STYLE_ASSIGNMENT((#9910));
#9910 = SURFACE_STYLE_USAGE(.BOTH.,#9911);
#9911 = SURFACE_SIDE_STYLE('',(#9912));
#9912 = SURFACE_STYLE_FILL_AREA(#9913);
#9913 = FILL_AREA_STYLE('',(#9914));
#9914 = FILL_AREA_STYLE_COLOUR('',#9645);
#9915 = STYLED_ITEM('color',(#9916),#2594);
#9916 = PRESENTATION_STYLE_ASSIGNMENT((#9917));
#9917 = SURFACE_STYLE_USAGE(.BOTH.,#9918);
#9918 = SURFACE_SIDE_STYLE('',(#9919));
#9919 = SURFACE_STYLE_FILL_AREA(#9920);
#9920 = FILL_AREA_STYLE('',(#9921));
#9921 = FILL_AREA_STYLE_COLOUR('',#9645);
#9922 = STYLED_ITEM('color',(#9923),#2606);
#9923 = PRESENTATION_STYLE_ASSIGNMENT((#9924));
#9924 = SURFACE_STYLE_USAGE(.BOTH.,#9925);
#9925 = SURFACE_SIDE_STYLE('',(#9926));
#9926 = SURFACE_STYLE_FILL_AREA(#9927);
#9927 = FILL_AREA_STYLE('',(#9928));
#9928 = FILL_AREA_STYLE_COLOUR('',#9645);
#9929 = STYLED_ITEM('color',(#9930),#2620);
#9930 = PRESENTATION_STYLE_ASSIGNMENT((#9931));
#9931 = SURFACE_STYLE_USAGE(.BOTH.,#9932);
#9932 = SURFACE_SIDE_STYLE('',(#9933));
#9933 = SURFACE_STYLE_FILL_AREA(#9934);
#9934 = FILL_AREA_STYLE('',(#9935));
#9935 = FILL_AREA_STYLE_COLOUR('',#9675);
#9936 = STYLED_ITEM('color',(#9937),#2653);
#9937 = PRESENTATION_STYLE_ASSIGNMENT((#9938));
#9938 = SURFACE_STYLE_USAGE(.BOTH.,#9939);
#9939 = SURFACE_SIDE_STYLE('',(#9940));
#9940 = SURFACE_STYLE_FILL_AREA(#9941);
#9941 = FILL_AREA_STYLE('',(#9942));
#9942 = FILL_AREA_STYLE_COLOUR('',#9675);
#9943 = STYLED_ITEM('color',(#9944),#2685);
#9944 = PRESENTATION_STYLE_ASSIGNMENT((#9945));
#9945 = SURFACE_STYLE_USAGE(.BOTH.,#9946);
#9946 = SURFACE_SIDE_STYLE('',(#9947));
#9947 = SURFACE_STYLE_FILL_AREA(#9948);
#9948 = FILL_AREA_STYLE('',(#9949));
#9949 = FILL_AREA_STYLE_COLOUR('',#9660);
#9950 = STYLED_ITEM('color',(#9951),#2702);
#9951 = PRESENTATION_STYLE_ASSIGNMENT((#9952));
#9952 = SURFACE_STYLE_USAGE(.BOTH.,#9953);
#9953 = SURFACE_SIDE_STYLE('',(#9954));
#9954 = SURFACE_STYLE_FILL_AREA(#9955);
#9955 = FILL_AREA_STYLE('',(#9956));
#9956 = FILL_AREA_STYLE_COLOUR('',#9660);
#9957 = STYLED_ITEM('color',(#9958),#2729);
#9958 = PRESENTATION_STYLE_ASSIGNMENT((#9959));
#9959 = SURFACE_STYLE_USAGE(.BOTH.,#9960);
#9960 = SURFACE_SIDE_STYLE('',(#9961));
#9961 = SURFACE_STYLE_FILL_AREA(#9962);
#9962 = FILL_AREA_STYLE('',(#9963));
#9963 = FILL_AREA_STYLE_COLOUR('',#9645);
#9964 = MECHANICAL_DESIGN_GEOMETRIC_PRESENTATION_REPRESENTATION('',(
    #9965,#9972,#9979,#9987,#9994,#10001),#461);
#9965 = STYLED_ITEM('color',(#9966),#91);
#9966 = PRESENTATION_STYLE_ASSIGNMENT((#9967));
#9967 = SURFACE_STYLE_USAGE(.BOTH.,#9968);
#9968 = SURFACE_SIDE_STYLE('',(#9969));
#9969 = SURFACE_STYLE_FILL_AREA(#9970);
#9970 = FILL_AREA_STYLE('',(#9971));
#9971 = FILL_AREA_STYLE_COLOUR('',#9645);
#9972 = STYLED_ITEM('color',(#9973),#108);
#9973 = PRESENTATION_STYLE_ASSIGNMENT((#9974));
#9974 = SURFACE_STYLE_USAGE(.BOTH.,#9975);
#9975 = SURFACE_SIDE_STYLE('',(#9976));
#9976 = SURFACE_STYLE_FILL_AREA(#9977);
#9977 = FILL_AREA_STYLE('',(#9978));
#9978 = FILL_AREA_STYLE_COLOUR('',#9645);
#9979 = STYLED_ITEM('color',(#9980),#242);
#9980 = PRESENTATION_STYLE_ASSIGNMENT((#9981));
#9981 = SURFACE_STYLE_USAGE(.BOTH.,#9982);
#9982 = SURFACE_SIDE_STYLE('',(#9983));
#9983 = SURFACE_STYLE_FILL_AREA(#9984);
#9984 = FILL_AREA_STYLE('',(#9985));
#9985 = FILL_AREA_STYLE_COLOUR('',#9986);
#9986 = COLOUR_RGB('',0.809000013735,0.426000008053,0.147999998088);
#9987 = STYLED_ITEM('color',(#9988),#343);
#9988 = PRESENTATION_STYLE_ASSIGNMENT((#9989));
#9989 = SURFACE_STYLE_USAGE(.BOTH.,#9990);
#9990 = SURFACE_SIDE_STYLE('',(#9991));
#9991 = SURFACE_STYLE_FILL_AREA(#9992);
#9992 = FILL_AREA_STYLE('',(#9993));
#9993 = FILL_AREA_STYLE_COLOUR('',#9986);
#9994 = STYLED_ITEM('color',(#9995),#425);
#9995 = PRESENTATION_STYLE_ASSIGNMENT((#9996));
#9996 = SURFACE_STYLE_USAGE(.BOTH.,#9997);
#9997 = SURFACE_SIDE_STYLE('',(#9998));
#9998 = SURFACE_STYLE_FILL_AREA(#9999);
#9999 = FILL_AREA_STYLE('',(#10000));
#10000 = FILL_AREA_STYLE_COLOUR('',#9645);
#10001 = STYLED_ITEM('color',(#10002),#452);
#10002 = PRESENTATION_STYLE_ASSIGNMENT((#10003));
#10003 = SURFACE_STYLE_USAGE(.BOTH.,#10004);
#10004 = SURFACE_SIDE_STYLE('',(#10005));
#10005 = SURFACE_STYLE_FILL_AREA(#10006);
#10006 = FILL_AREA_STYLE('',(#10007));
#10007 = FILL_AREA_STYLE_COLOUR('',#9645);
#10008 = MECHANICAL_DESIGN_GEOMETRIC_PRESENTATION_REPRESENTATION('',(
    #10009,#10017,#10024,#10031,#10038,#10045,#10052,#10059,#10066,
    #10073,#10080,#10087,#10094,#10101,#10108,#10115,#10122),#877);
#10009 = STYLED_ITEM('color',(#10010),#492);
#10010 = PRESENTATION_STYLE_ASSIGNMENT((#10011));
#10011 = SURFACE_STYLE_USAGE(.BOTH.,#10012);
#10012 = SURFACE_SIDE_STYLE('',(#10013));
#10013 = SURFACE_STYLE_FILL_AREA(#10014);
#10014 = FILL_AREA_STYLE('',(#10015));
#10015 = FILL_AREA_STYLE_COLOUR('',#10016);
#10016 = COLOUR_RGB('',0.883000012551,0.711000022565,0.492000011028);
#10017 = STYLED_ITEM('color',(#10018),#525);
#10018 = PRESENTATION_STYLE_ASSIGNMENT((#10019));
#10019 = SURFACE_STYLE_USAGE(.BOTH.,#10020);
#10020 = SURFACE_SIDE_STYLE('',(#10021));
#10021 = SURFACE_STYLE_FILL_AREA(#10022);
#10022 = FILL_AREA_STYLE('',(#10023));
#10023 = FILL_AREA_STYLE_COLOUR('',#10016);
#10024 = STYLED_ITEM('color',(#10025),#551);
#10025 = PRESENTATION_STYLE_ASSIGNMENT((#10026));
#10026 = SURFACE_STYLE_USAGE(.BOTH.,#10027);
#10027 = SURFACE_SIDE_STYLE('',(#10028));
#10028 = SURFACE_STYLE_FILL_AREA(#10029);
#10029 = FILL_AREA_STYLE('',(#10030));
#10030 = FILL_AREA_STYLE_COLOUR('',#10016);
#10031 = STYLED_ITEM('color',(#10032),#571);
#10032 = PRESENTATION_STYLE_ASSIGNMENT((#10033));
#10033 = SURFACE_STYLE_USAGE(.BOTH.,#10034);
#10034 = SURFACE_SIDE_STYLE('',(#10035));
#10035 = SURFACE_STYLE_FILL_AREA(#10036);
#10036 = FILL_AREA_STYLE('',(#10037));
#10037 = FILL_AREA_STYLE_COLOUR('',#10016);
#10038 = STYLED_ITEM('color',(#10039),#591);
#10039 = PRESENTATION_STYLE_ASSIGNMENT((#10040));
#10040 = SURFACE_STYLE_USAGE(.BOTH.,#10041);
#10041 = SURFACE_SIDE_STYLE('',(#10042));
#10042 = SURFACE_STYLE_FILL_AREA(#10043);
#10043 = FILL_AREA_STYLE('',(#10044));
#10044 = FILL_AREA_STYLE_COLOUR('',#10016);
#10045 = STYLED_ITEM('color',(#10046),#616);
#10046 = PRESENTATION_STYLE_ASSIGNMENT((#10047));
#10047 = SURFACE_STYLE_USAGE(.BOTH.,#10048);
#10048 = SURFACE_SIDE_STYLE('',(#10049));
#10049 = SURFACE_STYLE_FILL_AREA(#10050);
#10050 = FILL_AREA_STYLE('',(#10051));
#10051 = FILL_AREA_STYLE_COLOUR('',#9645);
#10052 = STYLED_ITEM('color',(#10053),#641);
#10053 = PRESENTATION_STYLE_ASSIGNMENT((#10054));
#10054 = SURFACE_STYLE_USAGE(.BOTH.,#10055);
#10055 = SURFACE_SIDE_STYLE('',(#10056));
#10056 = SURFACE_STYLE_FILL_AREA(#10057);
#10057 = FILL_AREA_STYLE('',(#10058));
#10058 = FILL_AREA_STYLE_COLOUR('',#10016);
#10059 = STYLED_ITEM('color',(#10060),#661);
#10060 = PRESENTATION_STYLE_ASSIGNMENT((#10061));
#10061 = SURFACE_STYLE_USAGE(.BOTH.,#10062);
#10062 = SURFACE_SIDE_STYLE('',(#10063));
#10063 = SURFACE_STYLE_FILL_AREA(#10064);
#10064 = FILL_AREA_STYLE('',(#10065));
#10065 = FILL_AREA_STYLE_COLOUR('',#9645);
#10066 = STYLED_ITEM('color',(#10067),#687);
#10067 = PRESENTATION_STYLE_ASSIGNMENT((#10068));
#10068 = SURFACE_STYLE_USAGE(.BOTH.,#10069);
#10069 = SURFACE_SIDE_STYLE('',(#10070));
#10070 = SURFACE_STYLE_FILL_AREA(#10071);
#10071 = FILL_AREA_STYLE('',(#10072));
#10072 = FILL_AREA_STYLE_COLOUR('',#10016);
#10073 = STYLED_ITEM('color',(#10074),#712);
#10074 = PRESENTATION_STYLE_ASSIGNMENT((#10075));
#10075 = SURFACE_STYLE_USAGE(.BOTH.,#10076);
#10076 = SURFACE_SIDE_STYLE('',(#10077));
#10077 = SURFACE_STYLE_FILL_AREA(#10078);
#10078 = FILL_AREA_STYLE('',(#10079));
#10079 = FILL_AREA_STYLE_COLOUR('',#9645);
#10080 = STYLED_ITEM('color',(#10081),#737);
#10081 = PRESENTATION_STYLE_ASSIGNMENT((#10082));
#10082 = SURFACE_STYLE_USAGE(.BOTH.,#10083);
#10083 = SURFACE_SIDE_STYLE('',(#10084));
#10084 = SURFACE_STYLE_FILL_AREA(#10085);
#10085 = FILL_AREA_STYLE('',(#10086));
#10086 = FILL_AREA_STYLE_COLOUR('',#10016);
#10087 = STYLED_ITEM('color',(#10088),#763);
#10088 = PRESENTATION_STYLE_ASSIGNMENT((#10089));
#10089 = SURFACE_STYLE_USAGE(.BOTH.,#10090);
#10090 = SURFACE_SIDE_STYLE('',(#10091));
#10091 = SURFACE_STYLE_FILL_AREA(#10092);
#10092 = FILL_AREA_STYLE('',(#10093));
#10093 = FILL_AREA_STYLE_COLOUR('',#9645);
#10094 = STYLED_ITEM('color',(#10095),#772);
#10095 = PRESENTATION_STYLE_ASSIGNMENT((#10096));
#10096 = SURFACE_STYLE_USAGE(.BOTH.,#10097);
#10097 = SURFACE_SIDE_STYLE('',(#10098));
#10098 = SURFACE_STYLE_FILL_AREA(#10099);
#10099 = FILL_AREA_STYLE('',(#10100));
#10100 = FILL_AREA_STYLE_COLOUR('',#10016);
#10101 = STYLED_ITEM('color',(#10102),#792);
#10102 = PRESENTATION_STYLE_ASSIGNMENT((#10103));
#10103 = SURFACE_STYLE_USAGE(.BOTH.,#10104);
#10104 = SURFACE_SIDE_STYLE('',(#10105));
#10105 = SURFACE_STYLE_FILL_AREA(#10106);
#10106 = FILL_AREA_STYLE('',(#10107));
#10107 = FILL_AREA_STYLE_COLOUR('',#9645);
#10108 = STYLED_ITEM('color',(#10109),#817);
#10109 = PRESENTATION_STYLE_ASSIGNMENT((#10110));
#10110 = SURFACE_STYLE_USAGE(.BOTH.,#10111);
#10111 = SURFACE_SIDE_STYLE('',(#10112));
#10112 = SURFACE_STYLE_FILL_AREA(#10113);
#10113 = FILL_AREA_STYLE('',(#10114));
#10114 = FILL_AREA_STYLE_COLOUR('',#9645);
#10115 = STYLED_ITEM('color',(#10116),#843);
#10116 = PRESENTATION_STYLE_ASSIGNMENT((#10117));
#10117 = SURFACE_STYLE_USAGE(.BOTH.,#10118);
#10118 = SURFACE_SIDE_STYLE('',(#10119));
#10119 = SURFACE_STYLE_FILL_AREA(#10120);
#10120 = FILL_AREA_STYLE('',(#10121));
#10121 = FILL_AREA_STYLE_COLOUR('',#9645);
#10122 = STYLED_ITEM('color',(#10123),#868);
#10123 = PRESENTATION_STYLE_ASSIGNMENT((#10124));
#10124 = SURFACE_STYLE_USAGE(.BOTH.,#10125);
#10125 = SURFACE_SIDE_STYLE('',(#10126));
#10126 = SURFACE_STYLE_FILL_AREA(#10127);
#10127 = FILL_AREA_STYLE('',(#10128));
#10128 = FILL_AREA_STYLE_COLOUR('',#9645);
ENDSEC;
END-ISO-10303-21;
