ISO-10303-21;
HEADER;
/* Generated by software containing ST-Developer
 * from STEP Tools, Inc. (www.steptools.com) 
 */

FILE_DESCRIPTION(
/* description */ ('KiCad electronic assembly'),
/* implementation_level */ '2;1');

FILE_NAME(
/* name */ 'Container.step',
/* time_stamp */ '2026-01-25T12:42:23Z',
/* author */ (''),
/* organization */ (''),
/* preprocessor_version */ 'ST-DEVELOPER v20.1',
/* originating_system */ 'Autodesk Translation Framework v14.21.0.0',
/* authorisation */ '');

FILE_SCHEMA (('AUTOMOTIVE_DESIGN { 1 0 10303 214 3 1 1 }'));
ENDSEC;

DATA;
#10=MECHANICAL_DESIGN_GEOMETRIC_PRESENTATION_REPRESENTATION('',(#13,#14),
#3447);
#11=SHAPE_REPRESENTATION_RELATIONSHIP('SRR','None',#3454,#12);
#12=ADVANCED_BREP_SHAPE_REPRESENTATION('',(#15,#16),#3446);
#13=STYLED_ITEM('',(#3463),#15);
#14=STYLED_ITEM('',(#3463),#16);
#15=MANIFOLD_SOLID_BREP('Body4',#2066);
#16=MANIFOLD_SOLID_BREP('Body8',#2067);
#17=ELLIPSE('',#2115,1.41421356237308,1.);
#18=ELLIPSE('',#2138,1.4142135623731,1.);
#19=ELLIPSE('',#2153,1.4142135623731,1.);
#20=ELLIPSE('',#2177,1.41421356237309,1.);
#21=SPHERICAL_SURFACE('',#2097,1.);
#22=SPHERICAL_SURFACE('',#2102,0.999999999999996);
#23=SPHERICAL_SURFACE('',#2108,0.999999999999996);
#24=SPHERICAL_SURFACE('',#2139,1.00000000000001);
#25=SPHERICAL_SURFACE('',#2146,1.);
#26=SPHERICAL_SURFACE('',#2154,0.999999999999996);
#27=SPHERICAL_SURFACE('',#2160,1.00000000000001);
#28=SPHERICAL_SURFACE('',#2167,0.999999999999996);
#29=FACE_BOUND('',#238,.T.);
#30=FACE_BOUND('',#239,.T.);
#31=FACE_BOUND('',#240,.T.);
#32=FACE_BOUND('',#241,.T.);
#33=FACE_BOUND('',#257,.T.);
#34=FACE_BOUND('',#258,.T.);
#35=FACE_BOUND('',#259,.T.);
#36=FACE_BOUND('',#260,.T.);
#37=FACE_BOUND('',#351,.T.);
#38=FACE_BOUND('',#352,.T.);
#39=FACE_BOUND('',#353,.T.);
#40=FACE_BOUND('',#354,.T.);
#41=FACE_BOUND('',#355,.T.);
#42=FACE_BOUND('',#356,.T.);
#43=FACE_BOUND('',#357,.T.);
#44=FACE_BOUND('',#358,.T.);
#45=FACE_BOUND('',#359,.T.);
#46=FACE_BOUND('',#360,.T.);
#47=FACE_BOUND('',#361,.T.);
#48=FACE_BOUND('',#362,.T.);
#49=FACE_BOUND('',#363,.T.);
#50=FACE_BOUND('',#364,.T.);
#51=FACE_BOUND('',#365,.T.);
#52=FACE_BOUND('',#366,.T.);
#53=FACE_BOUND('',#368,.T.);
#54=FACE_BOUND('',#369,.T.);
#55=FACE_BOUND('',#370,.T.);
#56=FACE_BOUND('',#371,.T.);
#57=FACE_BOUND('',#372,.T.);
#58=FACE_BOUND('',#373,.T.);
#59=FACE_BOUND('',#374,.T.);
#60=FACE_BOUND('',#375,.T.);
#61=FACE_BOUND('',#376,.T.);
#62=FACE_BOUND('',#377,.T.);
#63=FACE_BOUND('',#378,.T.);
#64=FACE_BOUND('',#379,.T.);
#65=FACE_BOUND('',#380,.T.);
#66=FACE_BOUND('',#381,.T.);
#67=FACE_BOUND('',#382,.T.);
#68=FACE_BOUND('',#383,.T.);
#69=PLANE('',#2084);
#70=PLANE('',#2085);
#71=PLANE('',#2096);
#72=PLANE('',#2117);
#73=PLANE('',#2118);
#74=PLANE('',#2119);
#75=PLANE('',#2128);
#76=PLANE('',#2129);
#77=PLANE('',#2130);
#78=PLANE('',#2131);
#79=PLANE('',#2132);
#80=PLANE('',#2133);
#81=PLANE('',#2134);
#82=PLANE('',#2135);
#83=PLANE('',#2180);
#84=PLANE('',#2181);
#85=PLANE('',#2182);
#86=PLANE('',#2183);
#87=PLANE('',#2184);
#88=PLANE('',#2185);
#89=PLANE('',#2195);
#90=PLANE('',#2199);
#91=PLANE('',#2203);
#92=PLANE('',#2204);
#93=PLANE('',#2205);
#94=PLANE('',#2206);
#95=PLANE('',#2207);
#96=PLANE('',#2208);
#97=PLANE('',#2209);
#98=PLANE('',#2210);
#99=PLANE('',#2211);
#100=PLANE('',#2212);
#101=PLANE('',#2213);
#102=PLANE('',#2214);
#103=PLANE('',#2215);
#104=PLANE('',#2219);
#105=PLANE('',#2223);
#106=PLANE('',#2227);
#107=PLANE('',#2231);
#108=PLANE('',#2235);
#109=PLANE('',#2242);
#110=PLANE('',#2246);
#111=PLANE('',#2253);
#112=PLANE('',#2254);
#113=PLANE('',#2255);
#114=PLANE('',#2256);
#115=PLANE('',#2260);
#116=PLANE('',#2261);
#117=PLANE('',#2262);
#118=PLANE('',#2263);
#119=PLANE('',#2264);
#120=PLANE('',#2268);
#121=PLANE('',#2269);
#122=PLANE('',#2270);
#123=PLANE('',#2271);
#124=PLANE('',#2272);
#125=PLANE('',#2273);
#126=FACE_OUTER_BOUND('',#235,.T.);
#127=FACE_OUTER_BOUND('',#236,.T.);
#128=FACE_OUTER_BOUND('',#237,.T.);
#129=FACE_OUTER_BOUND('',#242,.T.);
#130=FACE_OUTER_BOUND('',#243,.T.);
#131=FACE_OUTER_BOUND('',#244,.T.);
#132=FACE_OUTER_BOUND('',#245,.T.);
#133=FACE_OUTER_BOUND('',#246,.T.);
#134=FACE_OUTER_BOUND('',#247,.T.);
#135=FACE_OUTER_BOUND('',#248,.T.);
#136=FACE_OUTER_BOUND('',#249,.T.);
#137=FACE_OUTER_BOUND('',#250,.T.);
#138=FACE_OUTER_BOUND('',#251,.T.);
#139=FACE_OUTER_BOUND('',#252,.T.);
#140=FACE_OUTER_BOUND('',#253,.T.);
#141=FACE_OUTER_BOUND('',#254,.T.);
#142=FACE_OUTER_BOUND('',#255,.T.);
#143=FACE_OUTER_BOUND('',#256,.T.);
#144=FACE_OUTER_BOUND('',#261,.T.);
#145=FACE_OUTER_BOUND('',#262,.T.);
#146=FACE_OUTER_BOUND('',#263,.T.);
#147=FACE_OUTER_BOUND('',#264,.T.);
#148=FACE_OUTER_BOUND('',#265,.T.);
#149=FACE_OUTER_BOUND('',#266,.T.);
#150=FACE_OUTER_BOUND('',#267,.T.);
#151=FACE_OUTER_BOUND('',#268,.T.);
#152=FACE_OUTER_BOUND('',#269,.T.);
#153=FACE_OUTER_BOUND('',#270,.T.);
#154=FACE_OUTER_BOUND('',#271,.T.);
#155=FACE_OUTER_BOUND('',#272,.T.);
#156=FACE_OUTER_BOUND('',#273,.T.);
#157=FACE_OUTER_BOUND('',#274,.T.);
#158=FACE_OUTER_BOUND('',#275,.T.);
#159=FACE_OUTER_BOUND('',#276,.T.);
#160=FACE_OUTER_BOUND('',#277,.T.);
#161=FACE_OUTER_BOUND('',#278,.T.);
#162=FACE_OUTER_BOUND('',#279,.T.);
#163=FACE_OUTER_BOUND('',#280,.T.);
#164=FACE_OUTER_BOUND('',#281,.T.);
#165=FACE_OUTER_BOUND('',#282,.T.);
#166=FACE_OUTER_BOUND('',#283,.T.);
#167=FACE_OUTER_BOUND('',#284,.T.);
#168=FACE_OUTER_BOUND('',#285,.T.);
#169=FACE_OUTER_BOUND('',#286,.T.);
#170=FACE_OUTER_BOUND('',#287,.T.);
#171=FACE_OUTER_BOUND('',#288,.T.);
#172=FACE_OUTER_BOUND('',#289,.T.);
#173=FACE_OUTER_BOUND('',#290,.T.);
#174=FACE_OUTER_BOUND('',#291,.T.);
#175=FACE_OUTER_BOUND('',#292,.T.);
#176=FACE_OUTER_BOUND('',#293,.T.);
#177=FACE_OUTER_BOUND('',#294,.T.);
#178=FACE_OUTER_BOUND('',#295,.T.);
#179=FACE_OUTER_BOUND('',#296,.T.);
#180=FACE_OUTER_BOUND('',#297,.T.);
#181=FACE_OUTER_BOUND('',#298,.T.);
#182=FACE_OUTER_BOUND('',#299,.T.);
#183=FACE_OUTER_BOUND('',#300,.T.);
#184=FACE_OUTER_BOUND('',#301,.T.);
#185=FACE_OUTER_BOUND('',#302,.T.);
#186=FACE_OUTER_BOUND('',#303,.T.);
#187=FACE_OUTER_BOUND('',#304,.T.);
#188=FACE_OUTER_BOUND('',#305,.T.);
#189=FACE_OUTER_BOUND('',#306,.T.);
#190=FACE_OUTER_BOUND('',#307,.T.);
#191=FACE_OUTER_BOUND('',#308,.T.);
#192=FACE_OUTER_BOUND('',#309,.T.);
#193=FACE_OUTER_BOUND('',#310,.T.);
#194=FACE_OUTER_BOUND('',#311,.T.);
#195=FACE_OUTER_BOUND('',#312,.T.);
#196=FACE_OUTER_BOUND('',#313,.T.);
#197=FACE_OUTER_BOUND('',#314,.T.);
#198=FACE_OUTER_BOUND('',#315,.T.);
#199=FACE_OUTER_BOUND('',#316,.T.);
#200=FACE_OUTER_BOUND('',#317,.T.);
#201=FACE_OUTER_BOUND('',#318,.T.);
#202=FACE_OUTER_BOUND('',#319,.T.);
#203=FACE_OUTER_BOUND('',#320,.T.);
#204=FACE_OUTER_BOUND('',#321,.T.);
#205=FACE_OUTER_BOUND('',#322,.T.);
#206=FACE_OUTER_BOUND('',#323,.T.);
#207=FACE_OUTER_BOUND('',#324,.T.);
#208=FACE_OUTER_BOUND('',#325,.T.);
#209=FACE_OUTER_BOUND('',#326,.T.);
#210=FACE_OUTER_BOUND('',#327,.T.);
#211=FACE_OUTER_BOUND('',#328,.T.);
#212=FACE_OUTER_BOUND('',#329,.T.);
#213=FACE_OUTER_BOUND('',#330,.T.);
#214=FACE_OUTER_BOUND('',#331,.T.);
#215=FACE_OUTER_BOUND('',#332,.T.);
#216=FACE_OUTER_BOUND('',#333,.T.);
#217=FACE_OUTER_BOUND('',#334,.T.);
#218=FACE_OUTER_BOUND('',#335,.T.);
#219=FACE_OUTER_BOUND('',#336,.T.);
#220=FACE_OUTER_BOUND('',#337,.T.);
#221=FACE_OUTER_BOUND('',#338,.T.);
#222=FACE_OUTER_BOUND('',#339,.T.);
#223=FACE_OUTER_BOUND('',#340,.T.);
#224=FACE_OUTER_BOUND('',#341,.T.);
#225=FACE_OUTER_BOUND('',#342,.T.);
#226=FACE_OUTER_BOUND('',#343,.T.);
#227=FACE_OUTER_BOUND('',#344,.T.);
#228=FACE_OUTER_BOUND('',#345,.T.);
#229=FACE_OUTER_BOUND('',#346,.T.);
#230=FACE_OUTER_BOUND('',#347,.T.);
#231=FACE_OUTER_BOUND('',#348,.T.);
#232=FACE_OUTER_BOUND('',#349,.T.);
#233=FACE_OUTER_BOUND('',#350,.T.);
#234=FACE_OUTER_BOUND('',#367,.T.);
#235=EDGE_LOOP('',(#1339,#1340,#1341,#1342));
#236=EDGE_LOOP('',(#1343,#1344,#1345,#1346));
#237=EDGE_LOOP('',(#1347,#1348,#1349,#1350,#1351,#1352,#1353,#1354,#1355,
#1356,#1357,#1358,#1359,#1360,#1361,#1362,#1363));
#238=EDGE_LOOP('',(#1364));
#239=EDGE_LOOP('',(#1365));
#240=EDGE_LOOP('',(#1366));
#241=EDGE_LOOP('',(#1367));
#242=EDGE_LOOP('',(#1368,#1369,#1370,#1371));
#243=EDGE_LOOP('',(#1372,#1373,#1374,#1375));
#244=EDGE_LOOP('',(#1376,#1377,#1378));
#245=EDGE_LOOP('',(#1379,#1380,#1381,#1382));
#246=EDGE_LOOP('',(#1383,#1384,#1385));
#247=EDGE_LOOP('',(#1386,#1387,#1388,#1389));
#248=EDGE_LOOP('',(#1390,#1391,#1392,#1393));
#249=EDGE_LOOP('',(#1394,#1395,#1396));
#250=EDGE_LOOP('',(#1397,#1398,#1399,#1400));
#251=EDGE_LOOP('',(#1401,#1402,#1403,#1404));
#252=EDGE_LOOP('',(#1405,#1406,#1407,#1408));
#253=EDGE_LOOP('',(#1409,#1410,#1411,#1412));
#254=EDGE_LOOP('',(#1413,#1414,#1415,#1416));
#255=EDGE_LOOP('',(#1417,#1418,#1419,#1420));
#256=EDGE_LOOP('',(#1421,#1422,#1423,#1424));
#257=EDGE_LOOP('',(#1425));
#258=EDGE_LOOP('',(#1426));
#259=EDGE_LOOP('',(#1427));
#260=EDGE_LOOP('',(#1428));
#261=EDGE_LOOP('',(#1429,#1430,#1431,#1432));
#262=EDGE_LOOP('',(#1433,#1434,#1435,#1436));
#263=EDGE_LOOP('',(#1437,#1438,#1439,#1440));
#264=EDGE_LOOP('',(#1441,#1442,#1443,#1444));
#265=EDGE_LOOP('',(#1445,#1446,#1447,#1448,#1449,#1450));
#266=EDGE_LOOP('',(#1451,#1452,#1453,#1454,#1455,#1456,#1457,#1458));
#267=EDGE_LOOP('',(#1459,#1460,#1461,#1462));
#268=EDGE_LOOP('',(#1463,#1464,#1465,#1466));
#269=EDGE_LOOP('',(#1467,#1468,#1469,#1470));
#270=EDGE_LOOP('',(#1471,#1472,#1473,#1474));
#271=EDGE_LOOP('',(#1475,#1476,#1477,#1478,#1479,#1480,#1481,#1482));
#272=EDGE_LOOP('',(#1483,#1484,#1485,#1486));
#273=EDGE_LOOP('',(#1487,#1488,#1489,#1490));
#274=EDGE_LOOP('',(#1491,#1492,#1493));
#275=EDGE_LOOP('',(#1494,#1495,#1496,#1497));
#276=EDGE_LOOP('',(#1498,#1499,#1500,#1501));
#277=EDGE_LOOP('',(#1502,#1503,#1504));
#278=EDGE_LOOP('',(#1505,#1506,#1507,#1508));
#279=EDGE_LOOP('',(#1509,#1510,#1511,#1512));
#280=EDGE_LOOP('',(#1513,#1514,#1515));
#281=EDGE_LOOP('',(#1516,#1517,#1518,#1519));
#282=EDGE_LOOP('',(#1520,#1521,#1522));
#283=EDGE_LOOP('',(#1523,#1524,#1525,#1526));
#284=EDGE_LOOP('',(#1527,#1528,#1529,#1530));
#285=EDGE_LOOP('',(#1531,#1532,#1533));
#286=EDGE_LOOP('',(#1534,#1535,#1536,#1537));
#287=EDGE_LOOP('',(#1538,#1539,#1540,#1541));
#288=EDGE_LOOP('',(#1542,#1543,#1544,#1545));
#289=EDGE_LOOP('',(#1546,#1547,#1548,#1549));
#290=EDGE_LOOP('',(#1550,#1551,#1552,#1553));
#291=EDGE_LOOP('',(#1554,#1555,#1556,#1557));
#292=EDGE_LOOP('',(#1558,#1559,#1560,#1561));
#293=EDGE_LOOP('',(#1562,#1563,#1564,#1565));
#294=EDGE_LOOP('',(#1566,#1567,#1568,#1569));
#295=EDGE_LOOP('',(#1570,#1571,#1572,#1573));
#296=EDGE_LOOP('',(#1574,#1575,#1576,#1577));
#297=EDGE_LOOP('',(#1578,#1579,#1580,#1581));
#298=EDGE_LOOP('',(#1582,#1583,#1584,#1585));
#299=EDGE_LOOP('',(#1586,#1587,#1588,#1589));
#300=EDGE_LOOP('',(#1590,#1591,#1592,#1593));
#301=EDGE_LOOP('',(#1594,#1595,#1596,#1597));
#302=EDGE_LOOP('',(#1598,#1599,#1600,#1601));
#303=EDGE_LOOP('',(#1602,#1603,#1604,#1605));
#304=EDGE_LOOP('',(#1606,#1607,#1608,#1609));
#305=EDGE_LOOP('',(#1610,#1611,#1612,#1613));
#306=EDGE_LOOP('',(#1614,#1615,#1616,#1617));
#307=EDGE_LOOP('',(#1618,#1619,#1620,#1621));
#308=EDGE_LOOP('',(#1622,#1623,#1624,#1625));
#309=EDGE_LOOP('',(#1626,#1627,#1628,#1629));
#310=EDGE_LOOP('',(#1630,#1631,#1632,#1633));
#311=EDGE_LOOP('',(#1634,#1635,#1636,#1637));
#312=EDGE_LOOP('',(#1638,#1639,#1640,#1641));
#313=EDGE_LOOP('',(#1642,#1643,#1644,#1645));
#314=EDGE_LOOP('',(#1646,#1647,#1648,#1649));
#315=EDGE_LOOP('',(#1650,#1651,#1652,#1653));
#316=EDGE_LOOP('',(#1654,#1655,#1656,#1657));
#317=EDGE_LOOP('',(#1658,#1659,#1660,#1661));
#318=EDGE_LOOP('',(#1662,#1663,#1664,#1665));
#319=EDGE_LOOP('',(#1666,#1667,#1668,#1669));
#320=EDGE_LOOP('',(#1670,#1671,#1672,#1673));
#321=EDGE_LOOP('',(#1674,#1675,#1676,#1677));
#322=EDGE_LOOP('',(#1678,#1679,#1680,#1681));
#323=EDGE_LOOP('',(#1682,#1683,#1684,#1685));
#324=EDGE_LOOP('',(#1686,#1687,#1688,#1689));
#325=EDGE_LOOP('',(#1690,#1691,#1692,#1693));
#326=EDGE_LOOP('',(#1694,#1695,#1696,#1697));
#327=EDGE_LOOP('',(#1698,#1699,#1700,#1701));
#328=EDGE_LOOP('',(#1702,#1703,#1704,#1705));
#329=EDGE_LOOP('',(#1706,#1707,#1708,#1709));
#330=EDGE_LOOP('',(#1710,#1711,#1712,#1713));
#331=EDGE_LOOP('',(#1714,#1715,#1716,#1717));
#332=EDGE_LOOP('',(#1718,#1719,#1720,#1721));
#333=EDGE_LOOP('',(#1722,#1723,#1724,#1725));
#334=EDGE_LOOP('',(#1726,#1727,#1728,#1729));
#335=EDGE_LOOP('',(#1730,#1731,#1732,#1733));
#336=EDGE_LOOP('',(#1734,#1735,#1736,#1737));
#337=EDGE_LOOP('',(#1738,#1739,#1740,#1741));
#338=EDGE_LOOP('',(#1742,#1743,#1744,#1745));
#339=EDGE_LOOP('',(#1746,#1747,#1748,#1749));
#340=EDGE_LOOP('',(#1750,#1751,#1752,#1753));
#341=EDGE_LOOP('',(#1754,#1755,#1756,#1757));
#342=EDGE_LOOP('',(#1758,#1759,#1760,#1761));
#343=EDGE_LOOP('',(#1762,#1763,#1764,#1765));
#344=EDGE_LOOP('',(#1766,#1767,#1768,#1769,#1770));
#345=EDGE_LOOP('',(#1771,#1772,#1773,#1774));
#346=EDGE_LOOP('',(#1775,#1776,#1777,#1778,#1779));
#347=EDGE_LOOP('',(#1780,#1781,#1782,#1783));
#348=EDGE_LOOP('',(#1784,#1785,#1786,#1787));
#349=EDGE_LOOP('',(#1788,#1789,#1790,#1791));
#350=EDGE_LOOP('',(#1792,#1793,#1794,#1795,#1796,#1797,#1798,#1799,#1800,
#1801,#1802,#1803));
#351=EDGE_LOOP('',(#1804,#1805,#1806,#1807));
#352=EDGE_LOOP('',(#1808));
#353=EDGE_LOOP('',(#1809,#1810,#1811,#1812));
#354=EDGE_LOOP('',(#1813));
#355=EDGE_LOOP('',(#1814,#1815,#1816,#1817));
#356=EDGE_LOOP('',(#1818));
#357=EDGE_LOOP('',(#1819,#1820,#1821,#1822));
#358=EDGE_LOOP('',(#1823,#1824,#1825,#1826));
#359=EDGE_LOOP('',(#1827,#1828,#1829,#1830));
#360=EDGE_LOOP('',(#1831,#1832,#1833,#1834));
#361=EDGE_LOOP('',(#1835,#1836,#1837,#1838));
#362=EDGE_LOOP('',(#1839,#1840,#1841,#1842));
#363=EDGE_LOOP('',(#1843,#1844,#1845,#1846));
#364=EDGE_LOOP('',(#1847));
#365=EDGE_LOOP('',(#1848));
#366=EDGE_LOOP('',(#1849));
#367=EDGE_LOOP('',(#1850,#1851,#1852,#1853,#1854,#1855,#1856,#1857,#1858,
#1859,#1860,#1861,#1862,#1863,#1864,#1865,#1866));
#368=EDGE_LOOP('',(#1867,#1868,#1869,#1870));
#369=EDGE_LOOP('',(#1871));
#370=EDGE_LOOP('',(#1872,#1873,#1874,#1875));
#371=EDGE_LOOP('',(#1876));
#372=EDGE_LOOP('',(#1877,#1878,#1879,#1880));
#373=EDGE_LOOP('',(#1881));
#374=EDGE_LOOP('',(#1882,#1883,#1884,#1885));
#375=EDGE_LOOP('',(#1886,#1887,#1888,#1889));
#376=EDGE_LOOP('',(#1890,#1891,#1892,#1893));
#377=EDGE_LOOP('',(#1894,#1895,#1896,#1897));
#378=EDGE_LOOP('',(#1898,#1899,#1900,#1901));
#379=EDGE_LOOP('',(#1902,#1903,#1904,#1905));
#380=EDGE_LOOP('',(#1906,#1907,#1908,#1909));
#381=EDGE_LOOP('',(#1910));
#382=EDGE_LOOP('',(#1911));
#383=EDGE_LOOP('',(#1912));
#384=LINE('',#2871,#587);
#385=LINE('',#2874,#588);
#386=LINE('',#2877,#589);
#387=LINE('',#2879,#590);
#388=LINE('',#2880,#591);
#389=LINE('',#2883,#592);
#390=LINE('',#2887,#593);
#391=LINE('',#2891,#594);
#392=LINE('',#2895,#595);
#393=LINE('',#2897,#596);
#394=LINE('',#2901,#597);
#395=LINE('',#2903,#598);
#396=LINE('',#2905,#599);
#397=LINE('',#2907,#600);
#398=LINE('',#2909,#601);
#399=LINE('',#2910,#602);
#400=LINE('',#2921,#603);
#401=LINE('',#2924,#604);
#402=LINE('',#2927,#605);
#403=LINE('',#2928,#606);
#404=LINE('',#2937,#607);
#405=LINE('',#2938,#608);
#406=LINE('',#2947,#609);
#407=LINE('',#2948,#610);
#408=LINE('',#2950,#611);
#409=LINE('',#2951,#612);
#410=LINE('',#2960,#613);
#411=LINE('',#2961,#614);
#412=LINE('',#2963,#615);
#413=LINE('',#2964,#616);
#414=LINE('',#2967,#617);
#415=LINE('',#2969,#618);
#416=LINE('',#2972,#619);
#417=LINE('',#2973,#620);
#418=LINE('',#2986,#621);
#419=LINE('',#2988,#622);
#420=LINE('',#2990,#623);
#421=LINE('',#2992,#624);
#422=LINE('',#2994,#625);
#423=LINE('',#2995,#626);
#424=LINE('',#2998,#627);
#425=LINE('',#3000,#628);
#426=LINE('',#3001,#629);
#427=LINE('',#3004,#630);
#428=LINE('',#3006,#631);
#429=LINE('',#3007,#632);
#430=LINE('',#3009,#633);
#431=LINE('',#3011,#634);
#432=LINE('',#3014,#635);
#433=LINE('',#3019,#636);
#434=LINE('',#3023,#637);
#435=LINE('',#3036,#638);
#436=LINE('',#3037,#639);
#437=LINE('',#3039,#640);
#438=LINE('',#3040,#641);
#439=LINE('',#3052,#642);
#440=LINE('',#3053,#643);
#441=LINE('',#3056,#644);
#442=LINE('',#3058,#645);
#443=LINE('',#3071,#646);
#444=LINE('',#3072,#647);
#445=LINE('',#3084,#648);
#446=LINE('',#3085,#649);
#447=LINE('',#3087,#650);
#448=LINE('',#3088,#651);
#449=LINE('',#3100,#652);
#450=LINE('',#3101,#653);
#451=LINE('',#3103,#654);
#452=LINE('',#3104,#655);
#453=LINE('',#3106,#656);
#454=LINE('',#3107,#657);
#455=LINE('',#3109,#658);
#456=LINE('',#3110,#659);
#457=LINE('',#3113,#660);
#458=LINE('',#3115,#661);
#459=LINE('',#3119,#662);
#460=LINE('',#3122,#663);
#461=LINE('',#3125,#664);
#462=LINE('',#3126,#665);
#463=LINE('',#3128,#666);
#464=LINE('',#3130,#667);
#465=LINE('',#3132,#668);
#466=LINE('',#3135,#669);
#467=LINE('',#3136,#670);
#468=LINE('',#3139,#671);
#469=LINE('',#3140,#672);
#470=LINE('',#3145,#673);
#471=LINE('',#3151,#674);
#472=LINE('',#3157,#675);
#473=LINE('',#3162,#676);
#474=LINE('',#3164,#677);
#475=LINE('',#3166,#678);
#476=LINE('',#3167,#679);
#477=LINE('',#3173,#680);
#478=LINE('',#3176,#681);
#479=LINE('',#3178,#682);
#480=LINE('',#3179,#683);
#481=LINE('',#3186,#684);
#482=LINE('',#3188,#685);
#483=LINE('',#3190,#686);
#484=LINE('',#3191,#687);
#485=LINE('',#3194,#688);
#486=LINE('',#3196,#689);
#487=LINE('',#3197,#690);
#488=LINE('',#3200,#691);
#489=LINE('',#3202,#692);
#490=LINE('',#3203,#693);
#491=LINE('',#3205,#694);
#492=LINE('',#3206,#695);
#493=LINE('',#3210,#696);
#494=LINE('',#3212,#697);
#495=LINE('',#3214,#698);
#496=LINE('',#3215,#699);
#497=LINE('',#3218,#700);
#498=LINE('',#3220,#701);
#499=LINE('',#3221,#702);
#500=LINE('',#3224,#703);
#501=LINE('',#3226,#704);
#502=LINE('',#3227,#705);
#503=LINE('',#3229,#706);
#504=LINE('',#3230,#707);
#505=LINE('',#3234,#708);
#506=LINE('',#3236,#709);
#507=LINE('',#3238,#710);
#508=LINE('',#3239,#711);
#509=LINE('',#3242,#712);
#510=LINE('',#3244,#713);
#511=LINE('',#3245,#714);
#512=LINE('',#3248,#715);
#513=LINE('',#3250,#716);
#514=LINE('',#3251,#717);
#515=LINE('',#3253,#718);
#516=LINE('',#3254,#719);
#517=LINE('',#3258,#720);
#518=LINE('',#3260,#721);
#519=LINE('',#3262,#722);
#520=LINE('',#3263,#723);
#521=LINE('',#3269,#724);
#522=LINE('',#3272,#725);
#523=LINE('',#3274,#726);
#524=LINE('',#3275,#727);
#525=LINE('',#3282,#728);
#526=LINE('',#3284,#729);
#527=LINE('',#3286,#730);
#528=LINE('',#3287,#731);
#529=LINE('',#3293,#732);
#530=LINE('',#3296,#733);
#531=LINE('',#3298,#734);
#532=LINE('',#3299,#735);
#533=LINE('',#3306,#736);
#534=LINE('',#3308,#737);
#535=LINE('',#3310,#738);
#536=LINE('',#3311,#739);
#537=LINE('',#3317,#740);
#538=LINE('',#3320,#741);
#539=LINE('',#3322,#742);
#540=LINE('',#3323,#743);
#541=LINE('',#3331,#744);
#542=LINE('',#3336,#745);
#543=LINE('',#3338,#746);
#544=LINE('',#3340,#747);
#545=LINE('',#3341,#748);
#546=LINE('',#3347,#749);
#547=LINE('',#3350,#750);
#548=LINE('',#3352,#751);
#549=LINE('',#3353,#752);
#550=LINE('',#3361,#753);
#551=LINE('',#3366,#754);
#552=LINE('',#3368,#755);
#553=LINE('',#3370,#756);
#554=LINE('',#3371,#757);
#555=LINE('',#3374,#758);
#556=LINE('',#3376,#759);
#557=LINE('',#3377,#760);
#558=LINE('',#3380,#761);
#559=LINE('',#3382,#762);
#560=LINE('',#3383,#763);
#561=LINE('',#3385,#764);
#562=LINE('',#3386,#765);
#563=LINE('',#3391,#766);
#564=LINE('',#3396,#767);
#565=LINE('',#3398,#768);
#566=LINE('',#3400,#769);
#567=LINE('',#3401,#770);
#568=LINE('',#3404,#771);
#569=LINE('',#3406,#772);
#570=LINE('',#3407,#773);
#571=LINE('',#3410,#774);
#572=LINE('',#3412,#775);
#573=LINE('',#3413,#776);
#574=LINE('',#3415,#777);
#575=LINE('',#3416,#778);
#576=LINE('',#3419,#779);
#577=LINE('',#3421,#780);
#578=LINE('',#3422,#781);
#579=LINE('',#3428,#782);
#580=LINE('',#3431,#783);
#581=LINE('',#3432,#784);
#582=LINE('',#3433,#785);
#583=LINE('',#3436,#786);
#584=LINE('',#3437,#787);
#585=LINE('',#3439,#788);
#586=LINE('',#3441,#789);
#587=VECTOR('',#2280,10.);
#588=VECTOR('',#2283,10.);
#589=VECTOR('',#2286,10.);
#590=VECTOR('',#2287,10.);
#591=VECTOR('',#2288,10.);
#592=VECTOR('',#2291,10.);
#593=VECTOR('',#2294,10.);
#594=VECTOR('',#2297,10.);
#595=VECTOR('',#2300,10.);
#596=VECTOR('',#2301,10.);
#597=VECTOR('',#2304,10.);
#598=VECTOR('',#2305,10.);
#599=VECTOR('',#2306,10.);
#600=VECTOR('',#2307,10.);
#601=VECTOR('',#2308,10.);
#602=VECTOR('',#2309,10.);
#603=VECTOR('',#2320,10.);
#604=VECTOR('',#2323,10.);
#605=VECTOR('',#2326,10.);
#606=VECTOR('',#2327,10.);
#607=VECTOR('',#2338,10.);
#608=VECTOR('',#2339,10.);
#609=VECTOR('',#2350,10.);
#610=VECTOR('',#2351,10.);
#611=VECTOR('',#2354,10.);
#612=VECTOR('',#2355,10.);
#613=VECTOR('',#2366,10.);
#614=VECTOR('',#2367,10.);
#615=VECTOR('',#2370,10.);
#616=VECTOR('',#2371,10.);
#617=VECTOR('',#2374,10.);
#618=VECTOR('',#2375,10.);
#619=VECTOR('',#2380,10.);
#620=VECTOR('',#2381,10.);
#621=VECTOR('',#2398,3.00000000000001);
#622=VECTOR('',#2401,3.);
#623=VECTOR('',#2404,3.00000000000001);
#624=VECTOR('',#2407,3.);
#625=VECTOR('',#2410,10.);
#626=VECTOR('',#2411,10.);
#627=VECTOR('',#2414,10.);
#628=VECTOR('',#2415,10.);
#629=VECTOR('',#2416,10.);
#630=VECTOR('',#2419,10.);
#631=VECTOR('',#2420,10.);
#632=VECTOR('',#2421,10.);
#633=VECTOR('',#2424,10.);
#634=VECTOR('',#2427,10.);
#635=VECTOR('',#2432,10.);
#636=VECTOR('',#2437,10.);
#637=VECTOR('',#2440,10.);
#638=VECTOR('',#2455,10.);
#639=VECTOR('',#2456,10.);
#640=VECTOR('',#2459,10.);
#641=VECTOR('',#2460,10.);
#642=VECTOR('',#2473,10.);
#643=VECTOR('',#2474,10.);
#644=VECTOR('',#2477,10.);
#645=VECTOR('',#2478,10.);
#646=VECTOR('',#2493,10.);
#647=VECTOR('',#2494,10.);
#648=VECTOR('',#2507,10.);
#649=VECTOR('',#2508,10.);
#650=VECTOR('',#2511,10.);
#651=VECTOR('',#2512,10.);
#652=VECTOR('',#2525,10.);
#653=VECTOR('',#2526,10.);
#654=VECTOR('',#2529,10.);
#655=VECTOR('',#2530,10.);
#656=VECTOR('',#2533,10.);
#657=VECTOR('',#2534,10.);
#658=VECTOR('',#2537,10.);
#659=VECTOR('',#2538,10.);
#660=VECTOR('',#2541,10.);
#661=VECTOR('',#2542,10.);
#662=VECTOR('',#2547,10.);
#663=VECTOR('',#2550,10.);
#664=VECTOR('',#2553,10.);
#665=VECTOR('',#2554,10.);
#666=VECTOR('',#2557,10.);
#667=VECTOR('',#2560,10.);
#668=VECTOR('',#2563,10.);
#669=VECTOR('',#2566,10.);
#670=VECTOR('',#2567,10.);
#671=VECTOR('',#2570,10.);
#672=VECTOR('',#2571,10.);
#673=VECTOR('',#2576,3.00000000000001);
#674=VECTOR('',#2583,3.00000000000001);
#675=VECTOR('',#2590,3.);
#676=VECTOR('',#2595,10.);
#677=VECTOR('',#2596,10.);
#678=VECTOR('',#2597,10.);
#679=VECTOR('',#2598,10.);
#680=VECTOR('',#2605,10.);
#681=VECTOR('',#2608,10.);
#682=VECTOR('',#2609,10.);
#683=VECTOR('',#2610,10.);
#684=VECTOR('',#2619,10.);
#685=VECTOR('',#2620,10.);
#686=VECTOR('',#2621,10.);
#687=VECTOR('',#2622,10.);
#688=VECTOR('',#2625,10.);
#689=VECTOR('',#2626,10.);
#690=VECTOR('',#2627,10.);
#691=VECTOR('',#2630,10.);
#692=VECTOR('',#2631,10.);
#693=VECTOR('',#2632,10.);
#694=VECTOR('',#2635,10.);
#695=VECTOR('',#2636,10.);
#696=VECTOR('',#2639,10.);
#697=VECTOR('',#2640,10.);
#698=VECTOR('',#2641,10.);
#699=VECTOR('',#2642,10.);
#700=VECTOR('',#2645,10.);
#701=VECTOR('',#2646,10.);
#702=VECTOR('',#2647,10.);
#703=VECTOR('',#2650,10.);
#704=VECTOR('',#2651,10.);
#705=VECTOR('',#2652,10.);
#706=VECTOR('',#2655,10.);
#707=VECTOR('',#2656,10.);
#708=VECTOR('',#2659,10.);
#709=VECTOR('',#2660,10.);
#710=VECTOR('',#2661,10.);
#711=VECTOR('',#2662,10.);
#712=VECTOR('',#2665,10.);
#713=VECTOR('',#2666,10.);
#714=VECTOR('',#2667,10.);
#715=VECTOR('',#2670,10.);
#716=VECTOR('',#2671,10.);
#717=VECTOR('',#2672,10.);
#718=VECTOR('',#2675,10.);
#719=VECTOR('',#2676,10.);
#720=VECTOR('',#2679,10.);
#721=VECTOR('',#2680,10.);
#722=VECTOR('',#2681,10.);
#723=VECTOR('',#2682,10.);
#724=VECTOR('',#2689,10.);
#725=VECTOR('',#2692,10.);
#726=VECTOR('',#2693,10.);
#727=VECTOR('',#2694,10.);
#728=VECTOR('',#2703,10.);
#729=VECTOR('',#2704,10.);
#730=VECTOR('',#2705,10.);
#731=VECTOR('',#2706,10.);
#732=VECTOR('',#2713,10.);
#733=VECTOR('',#2716,10.);
#734=VECTOR('',#2717,10.);
#735=VECTOR('',#2718,10.);
#736=VECTOR('',#2727,10.);
#737=VECTOR('',#2728,10.);
#738=VECTOR('',#2729,10.);
#739=VECTOR('',#2730,10.);
#740=VECTOR('',#2737,10.);
#741=VECTOR('',#2740,10.);
#742=VECTOR('',#2741,10.);
#743=VECTOR('',#2742,10.);
#744=VECTOR('',#2753,10.);
#745=VECTOR('',#2758,10.);
#746=VECTOR('',#2759,10.);
#747=VECTOR('',#2760,10.);
#748=VECTOR('',#2761,10.);
#749=VECTOR('',#2768,10.);
#750=VECTOR('',#2771,10.);
#751=VECTOR('',#2772,10.);
#752=VECTOR('',#2773,10.);
#753=VECTOR('',#2784,10.);
#754=VECTOR('',#2789,10.);
#755=VECTOR('',#2790,10.);
#756=VECTOR('',#2791,10.);
#757=VECTOR('',#2792,10.);
#758=VECTOR('',#2795,10.);
#759=VECTOR('',#2796,10.);
#760=VECTOR('',#2797,10.);
#761=VECTOR('',#2800,10.);
#762=VECTOR('',#2801,10.);
#763=VECTOR('',#2802,10.);
#764=VECTOR('',#2805,10.);
#765=VECTOR('',#2806,10.);
#766=VECTOR('',#2811,3.);
#767=VECTOR('',#2816,10.);
#768=VECTOR('',#2817,10.);
#769=VECTOR('',#2818,10.);
#770=VECTOR('',#2819,10.);
#771=VECTOR('',#2822,10.);
#772=VECTOR('',#2823,10.);
#773=VECTOR('',#2824,10.);
#774=VECTOR('',#2827,10.);
#775=VECTOR('',#2828,10.);
#776=VECTOR('',#2829,10.);
#777=VECTOR('',#2832,10.);
#778=VECTOR('',#2833,10.);
#779=VECTOR('',#2836,10.);
#780=VECTOR('',#2837,10.);
#781=VECTOR('',#2838,10.);
#782=VECTOR('',#2845,10.);
#783=VECTOR('',#2848,10.);
#784=VECTOR('',#2849,10.);
#785=VECTOR('',#2850,10.);
#786=VECTOR('',#2853,10.);
#787=VECTOR('',#2854,10.);
#788=VECTOR('',#2857,10.);
#789=VECTOR('',#2860,10.);
#790=CIRCLE('',#2082,1.);
#791=CIRCLE('',#2083,1.);
#792=CIRCLE('',#2086,1.);
#793=CIRCLE('',#2087,1.);
#794=CIRCLE('',#2088,1.);
#795=CIRCLE('',#2089,1.);
#796=CIRCLE('',#2090,3.00000000000001);
#797=CIRCLE('',#2091,3.);
#798=CIRCLE('',#2092,3.00000000000001);
#799=CIRCLE('',#2093,3.);
#800=CIRCLE('',#2095,1.);
#801=CIRCLE('',#2098,0.999999999999996);
#802=CIRCLE('',#2099,1.);
#803=CIRCLE('',#2100,0.999999999999999);
#804=CIRCLE('',#2103,0.999999999999996);
#805=CIRCLE('',#2104,0.999999999999996);
#806=CIRCLE('',#2105,0.999999999999999);
#807=CIRCLE('',#2109,1.00000000000001);
#808=CIRCLE('',#2110,0.999999999999996);
#809=CIRCLE('',#2111,0.999999999999999);
#810=CIRCLE('',#2120,3.);
#811=CIRCLE('',#2121,3.00000000000001);
#812=CIRCLE('',#2122,3.);
#813=CIRCLE('',#2123,3.00000000000001);
#814=CIRCLE('',#2137,1.);
#815=CIRCLE('',#2140,1.);
#816=CIRCLE('',#2141,1.00000000000001);
#817=CIRCLE('',#2142,1.);
#818=CIRCLE('',#2144,1.);
#819=CIRCLE('',#2147,1.00000000000001);
#820=CIRCLE('',#2148,1.);
#821=CIRCLE('',#2149,1.);
#822=CIRCLE('',#2151,1.);
#823=CIRCLE('',#2155,1.);
#824=CIRCLE('',#2156,0.999999999999996);
#825=CIRCLE('',#2157,1.);
#826=CIRCLE('',#2159,1.);
#827=CIRCLE('',#2161,0.999999999999996);
#828=CIRCLE('',#2162,1.00000000000001);
#829=CIRCLE('',#2163,1.);
#830=CIRCLE('',#2165,1.);
#831=CIRCLE('',#2168,0.999999999999996);
#832=CIRCLE('',#2169,0.999999999999996);
#833=CIRCLE('',#2170,1.);
#834=CIRCLE('',#2172,1.);
#835=CIRCLE('',#2179,1.);
#836=CIRCLE('',#2187,3.00000000000001);
#837=CIRCLE('',#2188,3.00000000000001);
#838=CIRCLE('',#2190,3.00000000000001);
#839=CIRCLE('',#2191,3.00000000000001);
#840=CIRCLE('',#2193,3.);
#841=CIRCLE('',#2194,3.);
#842=CIRCLE('',#2197,5.00000007450581);
#843=CIRCLE('',#2198,5.00000007450581);
#844=CIRCLE('',#2201,5.00000007450581);
#845=CIRCLE('',#2202,5.00000007450581);
#846=CIRCLE('',#2217,5.00000007450581);
#847=CIRCLE('',#2218,5.00000007450581);
#848=CIRCLE('',#2221,5.00000007450581);
#849=CIRCLE('',#2222,5.00000007450581);
#850=CIRCLE('',#2225,5.00000007450581);
#851=CIRCLE('',#2226,5.00000007450581);
#852=CIRCLE('',#2229,5.00000007450581);
#853=CIRCLE('',#2230,5.00000007450581);
#854=CIRCLE('',#2233,5.00000007450581);
#855=CIRCLE('',#2234,5.00000007450581);
#856=CIRCLE('',#2237,5.00000007450581);
#857=CIRCLE('',#2238,5.00000007450581);
#858=CIRCLE('',#2240,10.);
#859=CIRCLE('',#2241,10.);
#860=CIRCLE('',#2244,5.00000007450581);
#861=CIRCLE('',#2245,5.00000007450581);
#862=CIRCLE('',#2248,5.00000007450581);
#863=CIRCLE('',#2249,5.00000007450581);
#864=CIRCLE('',#2251,10.);
#865=CIRCLE('',#2252,10.);
#866=CIRCLE('',#2258,3.);
#867=CIRCLE('',#2259,3.);
#868=CIRCLE('',#2266,14.5);
#869=CIRCLE('',#2267,14.5);
#870=VERTEX_POINT('',#2867);
#871=VERTEX_POINT('',#2868);
#872=VERTEX_POINT('',#2870);
#873=VERTEX_POINT('',#2872);
#874=VERTEX_POINT('',#2876);
#875=VERTEX_POINT('',#2878);
#876=VERTEX_POINT('',#2882);
#877=VERTEX_POINT('',#2884);
#878=VERTEX_POINT('',#2886);
#879=VERTEX_POINT('',#2888);
#880=VERTEX_POINT('',#2890);
#881=VERTEX_POINT('',#2892);
#882=VERTEX_POINT('',#2894);
#883=VERTEX_POINT('',#2896);
#884=VERTEX_POINT('',#2898);
#885=VERTEX_POINT('',#2900);
#886=VERTEX_POINT('',#2902);
#887=VERTEX_POINT('',#2904);
#888=VERTEX_POINT('',#2906);
#889=VERTEX_POINT('',#2908);
#890=VERTEX_POINT('',#2911);
#891=VERTEX_POINT('',#2913);
#892=VERTEX_POINT('',#2915);
#893=VERTEX_POINT('',#2917);
#894=VERTEX_POINT('',#2920);
#895=VERTEX_POINT('',#2922);
#896=VERTEX_POINT('',#2926);
#897=VERTEX_POINT('',#2930);
#898=VERTEX_POINT('',#2931);
#899=VERTEX_POINT('',#2933);
#900=VERTEX_POINT('',#2940);
#901=VERTEX_POINT('',#2941);
#902=VERTEX_POINT('',#2943);
#903=VERTEX_POINT('',#2953);
#904=VERTEX_POINT('',#2954);
#905=VERTEX_POINT('',#2956);
#906=VERTEX_POINT('',#2966);
#907=VERTEX_POINT('',#2968);
#908=VERTEX_POINT('',#2977);
#909=VERTEX_POINT('',#2979);
#910=VERTEX_POINT('',#2981);
#911=VERTEX_POINT('',#2983);
#912=VERTEX_POINT('',#2997);
#913=VERTEX_POINT('',#2999);
#914=VERTEX_POINT('',#3003);
#915=VERTEX_POINT('',#3005);
#916=VERTEX_POINT('',#3017);
#917=VERTEX_POINT('',#3018);
#918=VERTEX_POINT('',#3020);
#919=VERTEX_POINT('',#3022);
#920=VERTEX_POINT('',#3026);
#921=VERTEX_POINT('',#3027);
#922=VERTEX_POINT('',#3029);
#923=VERTEX_POINT('',#3033);
#924=VERTEX_POINT('',#3034);
#925=VERTEX_POINT('',#3042);
#926=VERTEX_POINT('',#3043);
#927=VERTEX_POINT('',#3045);
#928=VERTEX_POINT('',#3049);
#929=VERTEX_POINT('',#3050);
#930=VERTEX_POINT('',#3055);
#931=VERTEX_POINT('',#3057);
#932=VERTEX_POINT('',#3061);
#933=VERTEX_POINT('',#3062);
#934=VERTEX_POINT('',#3064);
#935=VERTEX_POINT('',#3068);
#936=VERTEX_POINT('',#3069);
#937=VERTEX_POINT('',#3074);
#938=VERTEX_POINT('',#3075);
#939=VERTEX_POINT('',#3077);
#940=VERTEX_POINT('',#3081);
#941=VERTEX_POINT('',#3082);
#942=VERTEX_POINT('',#3090);
#943=VERTEX_POINT('',#3091);
#944=VERTEX_POINT('',#3093);
#945=VERTEX_POINT('',#3097);
#946=VERTEX_POINT('',#3098);
#947=VERTEX_POINT('',#3112);
#948=VERTEX_POINT('',#3114);
#949=VERTEX_POINT('',#3118);
#950=VERTEX_POINT('',#3120);
#951=VERTEX_POINT('',#3124);
#952=VERTEX_POINT('',#3134);
#953=VERTEX_POINT('',#3138);
#954=VERTEX_POINT('',#3142);
#955=VERTEX_POINT('',#3144);
#956=VERTEX_POINT('',#3148);
#957=VERTEX_POINT('',#3150);
#958=VERTEX_POINT('',#3154);
#959=VERTEX_POINT('',#3156);
#960=VERTEX_POINT('',#3160);
#961=VERTEX_POINT('',#3161);
#962=VERTEX_POINT('',#3163);
#963=VERTEX_POINT('',#3165);
#964=VERTEX_POINT('',#3169);
#965=VERTEX_POINT('',#3171);
#966=VERTEX_POINT('',#3175);
#967=VERTEX_POINT('',#3177);
#968=VERTEX_POINT('',#3184);
#969=VERTEX_POINT('',#3185);
#970=VERTEX_POINT('',#3187);
#971=VERTEX_POINT('',#3189);
#972=VERTEX_POINT('',#3193);
#973=VERTEX_POINT('',#3195);
#974=VERTEX_POINT('',#3199);
#975=VERTEX_POINT('',#3201);
#976=VERTEX_POINT('',#3208);
#977=VERTEX_POINT('',#3209);
#978=VERTEX_POINT('',#3211);
#979=VERTEX_POINT('',#3213);
#980=VERTEX_POINT('',#3217);
#981=VERTEX_POINT('',#3219);
#982=VERTEX_POINT('',#3223);
#983=VERTEX_POINT('',#3225);
#984=VERTEX_POINT('',#3232);
#985=VERTEX_POINT('',#3233);
#986=VERTEX_POINT('',#3235);
#987=VERTEX_POINT('',#3237);
#988=VERTEX_POINT('',#3241);
#989=VERTEX_POINT('',#3243);
#990=VERTEX_POINT('',#3247);
#991=VERTEX_POINT('',#3249);
#992=VERTEX_POINT('',#3256);
#993=VERTEX_POINT('',#3257);
#994=VERTEX_POINT('',#3259);
#995=VERTEX_POINT('',#3261);
#996=VERTEX_POINT('',#3265);
#997=VERTEX_POINT('',#3267);
#998=VERTEX_POINT('',#3271);
#999=VERTEX_POINT('',#3273);
#1000=VERTEX_POINT('',#3280);
#1001=VERTEX_POINT('',#3281);
#1002=VERTEX_POINT('',#3283);
#1003=VERTEX_POINT('',#3285);
#1004=VERTEX_POINT('',#3289);
#1005=VERTEX_POINT('',#3291);
#1006=VERTEX_POINT('',#3295);
#1007=VERTEX_POINT('',#3297);
#1008=VERTEX_POINT('',#3304);
#1009=VERTEX_POINT('',#3305);
#1010=VERTEX_POINT('',#3307);
#1011=VERTEX_POINT('',#3309);
#1012=VERTEX_POINT('',#3313);
#1013=VERTEX_POINT('',#3315);
#1014=VERTEX_POINT('',#3319);
#1015=VERTEX_POINT('',#3321);
#1016=VERTEX_POINT('',#3328);
#1017=VERTEX_POINT('',#3330);
#1018=VERTEX_POINT('',#3334);
#1019=VERTEX_POINT('',#3335);
#1020=VERTEX_POINT('',#3337);
#1021=VERTEX_POINT('',#3339);
#1022=VERTEX_POINT('',#3343);
#1023=VERTEX_POINT('',#3345);
#1024=VERTEX_POINT('',#3349);
#1025=VERTEX_POINT('',#3351);
#1026=VERTEX_POINT('',#3358);
#1027=VERTEX_POINT('',#3360);
#1028=VERTEX_POINT('',#3364);
#1029=VERTEX_POINT('',#3365);
#1030=VERTEX_POINT('',#3367);
#1031=VERTEX_POINT('',#3369);
#1032=VERTEX_POINT('',#3373);
#1033=VERTEX_POINT('',#3375);
#1034=VERTEX_POINT('',#3379);
#1035=VERTEX_POINT('',#3381);
#1036=VERTEX_POINT('',#3388);
#1037=VERTEX_POINT('',#3390);
#1038=VERTEX_POINT('',#3394);
#1039=VERTEX_POINT('',#3395);
#1040=VERTEX_POINT('',#3397);
#1041=VERTEX_POINT('',#3399);
#1042=VERTEX_POINT('',#3403);
#1043=VERTEX_POINT('',#3405);
#1044=VERTEX_POINT('',#3409);
#1045=VERTEX_POINT('',#3411);
#1046=VERTEX_POINT('',#3418);
#1047=VERTEX_POINT('',#3420);
#1048=VERTEX_POINT('',#3424);
#1049=VERTEX_POINT('',#3426);
#1050=VERTEX_POINT('',#3430);
#1051=VERTEX_POINT('',#3435);
#1052=EDGE_CURVE('',#870,#871,#790,.T.);
#1053=EDGE_CURVE('',#871,#872,#384,.T.);
#1054=EDGE_CURVE('',#872,#873,#791,.F.);
#1055=EDGE_CURVE('',#873,#870,#385,.T.);
#1056=EDGE_CURVE('',#874,#871,#386,.T.);
#1057=EDGE_CURVE('',#875,#874,#387,.T.);
#1058=EDGE_CURVE('',#875,#872,#388,.T.);
#1059=EDGE_CURVE('',#870,#876,#389,.T.);
#1060=EDGE_CURVE('',#877,#876,#792,.T.);
#1061=EDGE_CURVE('',#877,#878,#390,.T.);
#1062=EDGE_CURVE('',#879,#878,#793,.T.);
#1063=EDGE_CURVE('',#879,#880,#391,.T.);
#1064=EDGE_CURVE('',#881,#880,#794,.T.);
#1065=EDGE_CURVE('',#881,#882,#392,.T.);
#1066=EDGE_CURVE('',#882,#883,#393,.T.);
#1067=EDGE_CURVE('',#884,#883,#795,.T.);
#1068=EDGE_CURVE('',#884,#885,#394,.T.);
#1069=EDGE_CURVE('',#885,#886,#395,.T.);
#1070=EDGE_CURVE('',#886,#887,#396,.T.);
#1071=EDGE_CURVE('',#887,#888,#397,.T.);
#1072=EDGE_CURVE('',#888,#889,#398,.T.);
#1073=EDGE_CURVE('',#889,#874,#399,.T.);
#1074=EDGE_CURVE('',#890,#890,#796,.T.);
#1075=EDGE_CURVE('',#891,#891,#797,.T.);
#1076=EDGE_CURVE('',#892,#892,#798,.T.);
#1077=EDGE_CURVE('',#893,#893,#799,.T.);
#1078=EDGE_CURVE('',#883,#894,#400,.T.);
#1079=EDGE_CURVE('',#894,#895,#800,.F.);
#1080=EDGE_CURVE('',#895,#884,#401,.T.);
#1081=EDGE_CURVE('',#895,#896,#402,.T.);
#1082=EDGE_CURVE('',#885,#896,#403,.T.);
#1083=EDGE_CURVE('',#897,#898,#801,.F.);
#1084=EDGE_CURVE('',#899,#897,#802,.F.);
#1085=EDGE_CURVE('',#898,#899,#803,.F.);
#1086=EDGE_CURVE('',#876,#899,#404,.T.);
#1087=EDGE_CURVE('',#897,#877,#405,.T.);
#1088=EDGE_CURVE('',#900,#901,#804,.F.);
#1089=EDGE_CURVE('',#902,#900,#805,.F.);
#1090=EDGE_CURVE('',#901,#902,#806,.F.);
#1091=EDGE_CURVE('',#878,#902,#406,.T.);
#1092=EDGE_CURVE('',#900,#879,#407,.T.);
#1093=EDGE_CURVE('',#898,#901,#408,.T.);
#1094=EDGE_CURVE('',#902,#897,#409,.T.);
#1095=EDGE_CURVE('',#903,#904,#807,.F.);
#1096=EDGE_CURVE('',#905,#903,#808,.F.);
#1097=EDGE_CURVE('',#904,#905,#809,.F.);
#1098=EDGE_CURVE('',#880,#905,#410,.T.);
#1099=EDGE_CURVE('',#903,#881,#411,.T.);
#1100=EDGE_CURVE('',#901,#904,#412,.T.);
#1101=EDGE_CURVE('',#905,#900,#413,.T.);
#1102=EDGE_CURVE('',#906,#903,#414,.T.);
#1103=EDGE_CURVE('',#904,#907,#415,.T.);
#1104=EDGE_CURVE('',#907,#906,#17,.T.);
#1105=EDGE_CURVE('',#907,#898,#416,.T.);
#1106=EDGE_CURVE('',#899,#906,#417,.T.);
#1107=EDGE_CURVE('',#908,#908,#810,.T.);
#1108=EDGE_CURVE('',#909,#909,#811,.T.);
#1109=EDGE_CURVE('',#910,#910,#812,.T.);
#1110=EDGE_CURVE('',#911,#911,#813,.T.);
#1111=EDGE_CURVE('',#890,#911,#418,.T.);
#1112=EDGE_CURVE('',#891,#910,#419,.T.);
#1113=EDGE_CURVE('',#892,#909,#420,.T.);
#1114=EDGE_CURVE('',#893,#908,#421,.T.);
#1115=EDGE_CURVE('',#896,#875,#422,.T.);
#1116=EDGE_CURVE('',#873,#894,#423,.T.);
#1117=EDGE_CURVE('',#912,#889,#424,.T.);
#1118=EDGE_CURVE('',#912,#913,#425,.T.);
#1119=EDGE_CURVE('',#913,#886,#426,.T.);
#1120=EDGE_CURVE('',#913,#914,#427,.T.);
#1121=EDGE_CURVE('',#915,#912,#428,.T.);
#1122=EDGE_CURVE('',#914,#915,#429,.T.);
#1123=EDGE_CURVE('',#914,#887,#430,.T.);
#1124=EDGE_CURVE('',#915,#888,#431,.T.);
#1125=EDGE_CURVE('',#906,#882,#432,.T.);
#1126=EDGE_CURVE('',#916,#917,#433,.T.);
#1127=EDGE_CURVE('',#917,#918,#814,.F.);
#1128=EDGE_CURVE('',#918,#919,#434,.T.);
#1129=EDGE_CURVE('',#919,#916,#18,.T.);
#1130=EDGE_CURVE('',#920,#921,#815,.F.);
#1131=EDGE_CURVE('',#922,#920,#816,.F.);
#1132=EDGE_CURVE('',#921,#922,#817,.F.);
#1133=EDGE_CURVE('',#923,#924,#818,.T.);
#1134=EDGE_CURVE('',#924,#922,#435,.T.);
#1135=EDGE_CURVE('',#920,#923,#436,.T.);
#1136=EDGE_CURVE('',#919,#921,#437,.T.);
#1137=EDGE_CURVE('',#922,#916,#438,.T.);
#1138=EDGE_CURVE('',#925,#926,#819,.F.);
#1139=EDGE_CURVE('',#927,#925,#820,.F.);
#1140=EDGE_CURVE('',#926,#927,#821,.F.);
#1141=EDGE_CURVE('',#928,#929,#822,.T.);
#1142=EDGE_CURVE('',#929,#927,#439,.T.);
#1143=EDGE_CURVE('',#925,#928,#440,.T.);
#1144=EDGE_CURVE('',#930,#920,#441,.T.);
#1145=EDGE_CURVE('',#921,#931,#442,.T.);
#1146=EDGE_CURVE('',#931,#930,#19,.T.);
#1147=EDGE_CURVE('',#932,#933,#823,.F.);
#1148=EDGE_CURVE('',#934,#932,#824,.F.);
#1149=EDGE_CURVE('',#933,#934,#825,.F.);
#1150=EDGE_CURVE('',#935,#936,#826,.T.);
#1151=EDGE_CURVE('',#936,#934,#443,.T.);
#1152=EDGE_CURVE('',#932,#935,#444,.T.);
#1153=EDGE_CURVE('',#937,#938,#827,.F.);
#1154=EDGE_CURVE('',#939,#937,#828,.F.);
#1155=EDGE_CURVE('',#938,#939,#829,.F.);
#1156=EDGE_CURVE('',#940,#941,#830,.T.);
#1157=EDGE_CURVE('',#941,#939,#445,.T.);
#1158=EDGE_CURVE('',#937,#940,#446,.T.);
#1159=EDGE_CURVE('',#931,#938,#447,.T.);
#1160=EDGE_CURVE('',#939,#930,#448,.T.);
#1161=EDGE_CURVE('',#942,#943,#831,.F.);
#1162=EDGE_CURVE('',#944,#942,#832,.F.);
#1163=EDGE_CURVE('',#943,#944,#833,.F.);
#1164=EDGE_CURVE('',#945,#946,#834,.T.);
#1165=EDGE_CURVE('',#946,#944,#449,.T.);
#1166=EDGE_CURVE('',#942,#945,#450,.T.);
#1167=EDGE_CURVE('',#938,#943,#451,.T.);
#1168=EDGE_CURVE('',#944,#937,#452,.T.);
#1169=EDGE_CURVE('',#943,#933,#453,.T.);
#1170=EDGE_CURVE('',#934,#942,#454,.T.);
#1171=EDGE_CURVE('',#933,#926,#455,.T.);
#1172=EDGE_CURVE('',#927,#932,#456,.T.);
#1173=EDGE_CURVE('',#947,#925,#457,.T.);
#1174=EDGE_CURVE('',#926,#948,#458,.T.);
#1175=EDGE_CURVE('',#948,#947,#20,.T.);
#1176=EDGE_CURVE('',#948,#949,#459,.T.);
#1177=EDGE_CURVE('',#949,#950,#835,.F.);
#1178=EDGE_CURVE('',#950,#947,#460,.T.);
#1179=EDGE_CURVE('',#951,#941,#461,.T.);
#1180=EDGE_CURVE('',#951,#930,#462,.T.);
#1181=EDGE_CURVE('',#940,#946,#463,.T.);
#1182=EDGE_CURVE('',#945,#936,#464,.T.);
#1183=EDGE_CURVE('',#935,#929,#465,.T.);
#1184=EDGE_CURVE('',#952,#947,#466,.T.);
#1185=EDGE_CURVE('',#952,#928,#467,.T.);
#1186=EDGE_CURVE('',#953,#950,#468,.T.);
#1187=EDGE_CURVE('',#952,#953,#469,.T.);
#1188=EDGE_CURVE('',#954,#954,#836,.T.);
#1189=EDGE_CURVE('',#954,#955,#470,.T.);
#1190=EDGE_CURVE('',#955,#955,#837,.T.);
#1191=EDGE_CURVE('',#956,#956,#838,.T.);
#1192=EDGE_CURVE('',#956,#957,#471,.T.);
#1193=EDGE_CURVE('',#957,#957,#839,.T.);
#1194=EDGE_CURVE('',#958,#958,#840,.T.);
#1195=EDGE_CURVE('',#958,#959,#472,.T.);
#1196=EDGE_CURVE('',#959,#959,#841,.T.);
#1197=EDGE_CURVE('',#960,#961,#473,.T.);
#1198=EDGE_CURVE('',#961,#962,#474,.T.);
#1199=EDGE_CURVE('',#963,#962,#475,.T.);
#1200=EDGE_CURVE('',#960,#963,#476,.T.);
#1201=EDGE_CURVE('',#964,#960,#842,.T.);
#1202=EDGE_CURVE('',#965,#963,#843,.T.);
#1203=EDGE_CURVE('',#964,#965,#477,.T.);
#1204=EDGE_CURVE('',#966,#964,#478,.T.);
#1205=EDGE_CURVE('',#967,#965,#479,.T.);
#1206=EDGE_CURVE('',#966,#967,#480,.T.);
#1207=EDGE_CURVE('',#961,#966,#844,.T.);
#1208=EDGE_CURVE('',#962,#967,#845,.T.);
#1209=EDGE_CURVE('',#968,#969,#481,.T.);
#1210=EDGE_CURVE('',#969,#970,#482,.T.);
#1211=EDGE_CURVE('',#971,#970,#483,.T.);
#1212=EDGE_CURVE('',#968,#971,#484,.T.);
#1213=EDGE_CURVE('',#972,#968,#485,.T.);
#1214=EDGE_CURVE('',#973,#971,#486,.T.);
#1215=EDGE_CURVE('',#972,#973,#487,.T.);
#1216=EDGE_CURVE('',#974,#972,#488,.T.);
#1217=EDGE_CURVE('',#975,#973,#489,.T.);
#1218=EDGE_CURVE('',#974,#975,#490,.T.);
#1219=EDGE_CURVE('',#969,#974,#491,.T.);
#1220=EDGE_CURVE('',#970,#975,#492,.T.);
#1221=EDGE_CURVE('',#976,#977,#493,.T.);
#1222=EDGE_CURVE('',#977,#978,#494,.T.);
#1223=EDGE_CURVE('',#979,#978,#495,.T.);
#1224=EDGE_CURVE('',#976,#979,#496,.T.);
#1225=EDGE_CURVE('',#980,#976,#497,.T.);
#1226=EDGE_CURVE('',#981,#979,#498,.T.);
#1227=EDGE_CURVE('',#980,#981,#499,.T.);
#1228=EDGE_CURVE('',#982,#980,#500,.T.);
#1229=EDGE_CURVE('',#983,#981,#501,.T.);
#1230=EDGE_CURVE('',#982,#983,#502,.T.);
#1231=EDGE_CURVE('',#977,#982,#503,.T.);
#1232=EDGE_CURVE('',#978,#983,#504,.T.);
#1233=EDGE_CURVE('',#984,#985,#505,.T.);
#1234=EDGE_CURVE('',#985,#986,#506,.T.);
#1235=EDGE_CURVE('',#987,#986,#507,.T.);
#1236=EDGE_CURVE('',#984,#987,#508,.T.);
#1237=EDGE_CURVE('',#988,#984,#509,.T.);
#1238=EDGE_CURVE('',#989,#987,#510,.T.);
#1239=EDGE_CURVE('',#988,#989,#511,.T.);
#1240=EDGE_CURVE('',#990,#988,#512,.T.);
#1241=EDGE_CURVE('',#991,#989,#513,.T.);
#1242=EDGE_CURVE('',#990,#991,#514,.T.);
#1243=EDGE_CURVE('',#985,#990,#515,.T.);
#1244=EDGE_CURVE('',#986,#991,#516,.T.);
#1245=EDGE_CURVE('',#992,#993,#517,.T.);
#1246=EDGE_CURVE('',#993,#994,#518,.T.);
#1247=EDGE_CURVE('',#995,#994,#519,.T.);
#1248=EDGE_CURVE('',#992,#995,#520,.T.);
#1249=EDGE_CURVE('',#996,#992,#846,.T.);
#1250=EDGE_CURVE('',#997,#995,#847,.T.);
#1251=EDGE_CURVE('',#996,#997,#521,.T.);
#1252=EDGE_CURVE('',#998,#996,#522,.T.);
#1253=EDGE_CURVE('',#999,#997,#523,.T.);
#1254=EDGE_CURVE('',#998,#999,#524,.T.);
#1255=EDGE_CURVE('',#993,#998,#848,.T.);
#1256=EDGE_CURVE('',#994,#999,#849,.T.);
#1257=EDGE_CURVE('',#1000,#1001,#525,.T.);
#1258=EDGE_CURVE('',#1001,#1002,#526,.T.);
#1259=EDGE_CURVE('',#1003,#1002,#527,.T.);
#1260=EDGE_CURVE('',#1000,#1003,#528,.T.);
#1261=EDGE_CURVE('',#1004,#1000,#850,.T.);
#1262=EDGE_CURVE('',#1005,#1003,#851,.T.);
#1263=EDGE_CURVE('',#1004,#1005,#529,.T.);
#1264=EDGE_CURVE('',#1006,#1004,#530,.T.);
#1265=EDGE_CURVE('',#1007,#1005,#531,.T.);
#1266=EDGE_CURVE('',#1006,#1007,#532,.T.);
#1267=EDGE_CURVE('',#1001,#1006,#852,.T.);
#1268=EDGE_CURVE('',#1002,#1007,#853,.T.);
#1269=EDGE_CURVE('',#1008,#1009,#533,.T.);
#1270=EDGE_CURVE('',#1009,#1010,#534,.T.);
#1271=EDGE_CURVE('',#1011,#1010,#535,.T.);
#1272=EDGE_CURVE('',#1008,#1011,#536,.T.);
#1273=EDGE_CURVE('',#1012,#1008,#854,.T.);
#1274=EDGE_CURVE('',#1013,#1011,#855,.T.);
#1275=EDGE_CURVE('',#1012,#1013,#537,.T.);
#1276=EDGE_CURVE('',#1014,#1012,#538,.T.);
#1277=EDGE_CURVE('',#1015,#1013,#539,.T.);
#1278=EDGE_CURVE('',#1014,#1015,#540,.T.);
#1279=EDGE_CURVE('',#1009,#1014,#856,.T.);
#1280=EDGE_CURVE('',#1010,#1015,#857,.T.);
#1281=EDGE_CURVE('',#1016,#1016,#858,.T.);
#1282=EDGE_CURVE('',#1016,#1017,#541,.T.);
#1283=EDGE_CURVE('',#1017,#1017,#859,.T.);
#1284=EDGE_CURVE('',#1018,#1019,#542,.T.);
#1285=EDGE_CURVE('',#1019,#1020,#543,.T.);
#1286=EDGE_CURVE('',#1021,#1020,#544,.T.);
#1287=EDGE_CURVE('',#1018,#1021,#545,.T.);
#1288=EDGE_CURVE('',#1022,#1018,#860,.T.);
#1289=EDGE_CURVE('',#1023,#1021,#861,.T.);
#1290=EDGE_CURVE('',#1022,#1023,#546,.T.);
#1291=EDGE_CURVE('',#1024,#1022,#547,.T.);
#1292=EDGE_CURVE('',#1025,#1023,#548,.T.);
#1293=EDGE_CURVE('',#1024,#1025,#549,.T.);
#1294=EDGE_CURVE('',#1019,#1024,#862,.T.);
#1295=EDGE_CURVE('',#1020,#1025,#863,.T.);
#1296=EDGE_CURVE('',#1026,#1026,#864,.T.);
#1297=EDGE_CURVE('',#1026,#1027,#550,.T.);
#1298=EDGE_CURVE('',#1027,#1027,#865,.T.);
#1299=EDGE_CURVE('',#1028,#1029,#551,.T.);
#1300=EDGE_CURVE('',#1029,#1030,#552,.T.);
#1301=EDGE_CURVE('',#1031,#1030,#553,.T.);
#1302=EDGE_CURVE('',#1028,#1031,#554,.T.);
#1303=EDGE_CURVE('',#1032,#1028,#555,.T.);
#1304=EDGE_CURVE('',#1033,#1031,#556,.T.);
#1305=EDGE_CURVE('',#1032,#1033,#557,.T.);
#1306=EDGE_CURVE('',#1034,#1032,#558,.T.);
#1307=EDGE_CURVE('',#1035,#1033,#559,.T.);
#1308=EDGE_CURVE('',#1034,#1035,#560,.T.);
#1309=EDGE_CURVE('',#1029,#1034,#561,.T.);
#1310=EDGE_CURVE('',#1030,#1035,#562,.T.);
#1311=EDGE_CURVE('',#1036,#1036,#866,.T.);
#1312=EDGE_CURVE('',#1036,#1037,#563,.T.);
#1313=EDGE_CURVE('',#1037,#1037,#867,.T.);
#1314=EDGE_CURVE('',#1038,#1039,#564,.T.);
#1315=EDGE_CURVE('',#1039,#1040,#565,.T.);
#1316=EDGE_CURVE('',#1041,#1040,#566,.T.);
#1317=EDGE_CURVE('',#1038,#1041,#567,.T.);
#1318=EDGE_CURVE('',#1042,#1038,#568,.T.);
#1319=EDGE_CURVE('',#1043,#1041,#569,.T.);
#1320=EDGE_CURVE('',#1042,#1043,#570,.T.);
#1321=EDGE_CURVE('',#1044,#1042,#571,.T.);
#1322=EDGE_CURVE('',#1045,#1043,#572,.T.);
#1323=EDGE_CURVE('',#1044,#1045,#573,.T.);
#1324=EDGE_CURVE('',#1039,#1044,#574,.T.);
#1325=EDGE_CURVE('',#1040,#1045,#575,.T.);
#1326=EDGE_CURVE('',#953,#1046,#576,.T.);
#1327=EDGE_CURVE('',#1047,#949,#577,.T.);
#1328=EDGE_CURVE('',#1046,#1047,#578,.T.);
#1329=EDGE_CURVE('',#1046,#1048,#868,.T.);
#1330=EDGE_CURVE('',#1049,#1047,#869,.T.);
#1331=EDGE_CURVE('',#1048,#1049,#579,.T.);
#1332=EDGE_CURVE('',#1048,#1050,#580,.T.);
#1333=EDGE_CURVE('',#918,#1049,#581,.T.);
#1334=EDGE_CURVE('',#1050,#917,#582,.T.);
#1335=EDGE_CURVE('',#1051,#916,#583,.T.);
#1336=EDGE_CURVE('',#1050,#1051,#584,.T.);
#1337=EDGE_CURVE('',#924,#1051,#585,.T.);
#1338=EDGE_CURVE('',#923,#951,#586,.T.);
#1339=ORIENTED_EDGE('',*,*,#1052,.T.);
#1340=ORIENTED_EDGE('',*,*,#1053,.T.);
#1341=ORIENTED_EDGE('',*,*,#1054,.T.);
#1342=ORIENTED_EDGE('',*,*,#1055,.T.);
#1343=ORIENTED_EDGE('',*,*,#1053,.F.);
#1344=ORIENTED_EDGE('',*,*,#1056,.F.);
#1345=ORIENTED_EDGE('',*,*,#1057,.F.);
#1346=ORIENTED_EDGE('',*,*,#1058,.T.);
#1347=ORIENTED_EDGE('',*,*,#1052,.F.);
#1348=ORIENTED_EDGE('',*,*,#1059,.T.);
#1349=ORIENTED_EDGE('',*,*,#1060,.F.);
#1350=ORIENTED_EDGE('',*,*,#1061,.T.);
#1351=ORIENTED_EDGE('',*,*,#1062,.F.);
#1352=ORIENTED_EDGE('',*,*,#1063,.T.);
#1353=ORIENTED_EDGE('',*,*,#1064,.F.);
#1354=ORIENTED_EDGE('',*,*,#1065,.T.);
#1355=ORIENTED_EDGE('',*,*,#1066,.T.);
#1356=ORIENTED_EDGE('',*,*,#1067,.F.);
#1357=ORIENTED_EDGE('',*,*,#1068,.T.);
#1358=ORIENTED_EDGE('',*,*,#1069,.T.);
#1359=ORIENTED_EDGE('',*,*,#1070,.T.);
#1360=ORIENTED_EDGE('',*,*,#1071,.T.);
#1361=ORIENTED_EDGE('',*,*,#1072,.T.);
#1362=ORIENTED_EDGE('',*,*,#1073,.T.);
#1363=ORIENTED_EDGE('',*,*,#1056,.T.);
#1364=ORIENTED_EDGE('',*,*,#1074,.T.);
#1365=ORIENTED_EDGE('',*,*,#1075,.T.);
#1366=ORIENTED_EDGE('',*,*,#1076,.T.);
#1367=ORIENTED_EDGE('',*,*,#1077,.T.);
#1368=ORIENTED_EDGE('',*,*,#1067,.T.);
#1369=ORIENTED_EDGE('',*,*,#1078,.T.);
#1370=ORIENTED_EDGE('',*,*,#1079,.T.);
#1371=ORIENTED_EDGE('',*,*,#1080,.T.);
#1372=ORIENTED_EDGE('',*,*,#1080,.F.);
#1373=ORIENTED_EDGE('',*,*,#1081,.T.);
#1374=ORIENTED_EDGE('',*,*,#1082,.F.);
#1375=ORIENTED_EDGE('',*,*,#1068,.F.);
#1376=ORIENTED_EDGE('',*,*,#1083,.F.);
#1377=ORIENTED_EDGE('',*,*,#1084,.F.);
#1378=ORIENTED_EDGE('',*,*,#1085,.F.);
#1379=ORIENTED_EDGE('',*,*,#1060,.T.);
#1380=ORIENTED_EDGE('',*,*,#1086,.T.);
#1381=ORIENTED_EDGE('',*,*,#1084,.T.);
#1382=ORIENTED_EDGE('',*,*,#1087,.T.);
#1383=ORIENTED_EDGE('',*,*,#1088,.F.);
#1384=ORIENTED_EDGE('',*,*,#1089,.F.);
#1385=ORIENTED_EDGE('',*,*,#1090,.F.);
#1386=ORIENTED_EDGE('',*,*,#1062,.T.);
#1387=ORIENTED_EDGE('',*,*,#1091,.T.);
#1388=ORIENTED_EDGE('',*,*,#1089,.T.);
#1389=ORIENTED_EDGE('',*,*,#1092,.T.);
#1390=ORIENTED_EDGE('',*,*,#1083,.T.);
#1391=ORIENTED_EDGE('',*,*,#1093,.T.);
#1392=ORIENTED_EDGE('',*,*,#1090,.T.);
#1393=ORIENTED_EDGE('',*,*,#1094,.T.);
#1394=ORIENTED_EDGE('',*,*,#1095,.F.);
#1395=ORIENTED_EDGE('',*,*,#1096,.F.);
#1396=ORIENTED_EDGE('',*,*,#1097,.F.);
#1397=ORIENTED_EDGE('',*,*,#1064,.T.);
#1398=ORIENTED_EDGE('',*,*,#1098,.T.);
#1399=ORIENTED_EDGE('',*,*,#1096,.T.);
#1400=ORIENTED_EDGE('',*,*,#1099,.T.);
#1401=ORIENTED_EDGE('',*,*,#1088,.T.);
#1402=ORIENTED_EDGE('',*,*,#1100,.T.);
#1403=ORIENTED_EDGE('',*,*,#1097,.T.);
#1404=ORIENTED_EDGE('',*,*,#1101,.T.);
#1405=ORIENTED_EDGE('',*,*,#1102,.T.);
#1406=ORIENTED_EDGE('',*,*,#1095,.T.);
#1407=ORIENTED_EDGE('',*,*,#1103,.T.);
#1408=ORIENTED_EDGE('',*,*,#1104,.T.);
#1409=ORIENTED_EDGE('',*,*,#1105,.T.);
#1410=ORIENTED_EDGE('',*,*,#1085,.T.);
#1411=ORIENTED_EDGE('',*,*,#1106,.T.);
#1412=ORIENTED_EDGE('',*,*,#1104,.F.);
#1413=ORIENTED_EDGE('',*,*,#1087,.F.);
#1414=ORIENTED_EDGE('',*,*,#1094,.F.);
#1415=ORIENTED_EDGE('',*,*,#1091,.F.);
#1416=ORIENTED_EDGE('',*,*,#1061,.F.);
#1417=ORIENTED_EDGE('',*,*,#1092,.F.);
#1418=ORIENTED_EDGE('',*,*,#1101,.F.);
#1419=ORIENTED_EDGE('',*,*,#1098,.F.);
#1420=ORIENTED_EDGE('',*,*,#1063,.F.);
#1421=ORIENTED_EDGE('',*,*,#1093,.F.);
#1422=ORIENTED_EDGE('',*,*,#1105,.F.);
#1423=ORIENTED_EDGE('',*,*,#1103,.F.);
#1424=ORIENTED_EDGE('',*,*,#1100,.F.);
#1425=ORIENTED_EDGE('',*,*,#1107,.T.);
#1426=ORIENTED_EDGE('',*,*,#1108,.T.);
#1427=ORIENTED_EDGE('',*,*,#1109,.T.);
#1428=ORIENTED_EDGE('',*,*,#1110,.T.);
#1429=ORIENTED_EDGE('',*,*,#1074,.F.);
#1430=ORIENTED_EDGE('',*,*,#1111,.T.);
#1431=ORIENTED_EDGE('',*,*,#1110,.F.);
#1432=ORIENTED_EDGE('',*,*,#1111,.F.);
#1433=ORIENTED_EDGE('',*,*,#1075,.F.);
#1434=ORIENTED_EDGE('',*,*,#1112,.T.);
#1435=ORIENTED_EDGE('',*,*,#1109,.F.);
#1436=ORIENTED_EDGE('',*,*,#1112,.F.);
#1437=ORIENTED_EDGE('',*,*,#1076,.F.);
#1438=ORIENTED_EDGE('',*,*,#1113,.T.);
#1439=ORIENTED_EDGE('',*,*,#1108,.F.);
#1440=ORIENTED_EDGE('',*,*,#1113,.F.);
#1441=ORIENTED_EDGE('',*,*,#1077,.F.);
#1442=ORIENTED_EDGE('',*,*,#1114,.T.);
#1443=ORIENTED_EDGE('',*,*,#1107,.F.);
#1444=ORIENTED_EDGE('',*,*,#1114,.F.);
#1445=ORIENTED_EDGE('',*,*,#1115,.F.);
#1446=ORIENTED_EDGE('',*,*,#1081,.F.);
#1447=ORIENTED_EDGE('',*,*,#1079,.F.);
#1448=ORIENTED_EDGE('',*,*,#1116,.F.);
#1449=ORIENTED_EDGE('',*,*,#1054,.F.);
#1450=ORIENTED_EDGE('',*,*,#1058,.F.);
#1451=ORIENTED_EDGE('',*,*,#1082,.T.);
#1452=ORIENTED_EDGE('',*,*,#1115,.T.);
#1453=ORIENTED_EDGE('',*,*,#1057,.T.);
#1454=ORIENTED_EDGE('',*,*,#1073,.F.);
#1455=ORIENTED_EDGE('',*,*,#1117,.F.);
#1456=ORIENTED_EDGE('',*,*,#1118,.T.);
#1457=ORIENTED_EDGE('',*,*,#1119,.T.);
#1458=ORIENTED_EDGE('',*,*,#1069,.F.);
#1459=ORIENTED_EDGE('',*,*,#1120,.F.);
#1460=ORIENTED_EDGE('',*,*,#1118,.F.);
#1461=ORIENTED_EDGE('',*,*,#1121,.F.);
#1462=ORIENTED_EDGE('',*,*,#1122,.F.);
#1463=ORIENTED_EDGE('',*,*,#1120,.T.);
#1464=ORIENTED_EDGE('',*,*,#1123,.T.);
#1465=ORIENTED_EDGE('',*,*,#1070,.F.);
#1466=ORIENTED_EDGE('',*,*,#1119,.F.);
#1467=ORIENTED_EDGE('',*,*,#1121,.T.);
#1468=ORIENTED_EDGE('',*,*,#1117,.T.);
#1469=ORIENTED_EDGE('',*,*,#1072,.F.);
#1470=ORIENTED_EDGE('',*,*,#1124,.F.);
#1471=ORIENTED_EDGE('',*,*,#1122,.T.);
#1472=ORIENTED_EDGE('',*,*,#1124,.T.);
#1473=ORIENTED_EDGE('',*,*,#1071,.F.);
#1474=ORIENTED_EDGE('',*,*,#1123,.F.);
#1475=ORIENTED_EDGE('',*,*,#1116,.T.);
#1476=ORIENTED_EDGE('',*,*,#1078,.F.);
#1477=ORIENTED_EDGE('',*,*,#1066,.F.);
#1478=ORIENTED_EDGE('',*,*,#1125,.F.);
#1479=ORIENTED_EDGE('',*,*,#1106,.F.);
#1480=ORIENTED_EDGE('',*,*,#1086,.F.);
#1481=ORIENTED_EDGE('',*,*,#1059,.F.);
#1482=ORIENTED_EDGE('',*,*,#1055,.F.);
#1483=ORIENTED_EDGE('',*,*,#1102,.F.);
#1484=ORIENTED_EDGE('',*,*,#1125,.T.);
#1485=ORIENTED_EDGE('',*,*,#1065,.F.);
#1486=ORIENTED_EDGE('',*,*,#1099,.F.);
#1487=ORIENTED_EDGE('',*,*,#1126,.T.);
#1488=ORIENTED_EDGE('',*,*,#1127,.T.);
#1489=ORIENTED_EDGE('',*,*,#1128,.T.);
#1490=ORIENTED_EDGE('',*,*,#1129,.T.);
#1491=ORIENTED_EDGE('',*,*,#1130,.F.);
#1492=ORIENTED_EDGE('',*,*,#1131,.F.);
#1493=ORIENTED_EDGE('',*,*,#1132,.F.);
#1494=ORIENTED_EDGE('',*,*,#1133,.T.);
#1495=ORIENTED_EDGE('',*,*,#1134,.T.);
#1496=ORIENTED_EDGE('',*,*,#1131,.T.);
#1497=ORIENTED_EDGE('',*,*,#1135,.T.);
#1498=ORIENTED_EDGE('',*,*,#1136,.T.);
#1499=ORIENTED_EDGE('',*,*,#1132,.T.);
#1500=ORIENTED_EDGE('',*,*,#1137,.T.);
#1501=ORIENTED_EDGE('',*,*,#1129,.F.);
#1502=ORIENTED_EDGE('',*,*,#1138,.F.);
#1503=ORIENTED_EDGE('',*,*,#1139,.F.);
#1504=ORIENTED_EDGE('',*,*,#1140,.F.);
#1505=ORIENTED_EDGE('',*,*,#1141,.T.);
#1506=ORIENTED_EDGE('',*,*,#1142,.T.);
#1507=ORIENTED_EDGE('',*,*,#1139,.T.);
#1508=ORIENTED_EDGE('',*,*,#1143,.T.);
#1509=ORIENTED_EDGE('',*,*,#1144,.T.);
#1510=ORIENTED_EDGE('',*,*,#1130,.T.);
#1511=ORIENTED_EDGE('',*,*,#1145,.T.);
#1512=ORIENTED_EDGE('',*,*,#1146,.T.);
#1513=ORIENTED_EDGE('',*,*,#1147,.F.);
#1514=ORIENTED_EDGE('',*,*,#1148,.F.);
#1515=ORIENTED_EDGE('',*,*,#1149,.F.);
#1516=ORIENTED_EDGE('',*,*,#1150,.T.);
#1517=ORIENTED_EDGE('',*,*,#1151,.T.);
#1518=ORIENTED_EDGE('',*,*,#1148,.T.);
#1519=ORIENTED_EDGE('',*,*,#1152,.T.);
#1520=ORIENTED_EDGE('',*,*,#1153,.F.);
#1521=ORIENTED_EDGE('',*,*,#1154,.F.);
#1522=ORIENTED_EDGE('',*,*,#1155,.F.);
#1523=ORIENTED_EDGE('',*,*,#1156,.T.);
#1524=ORIENTED_EDGE('',*,*,#1157,.T.);
#1525=ORIENTED_EDGE('',*,*,#1154,.T.);
#1526=ORIENTED_EDGE('',*,*,#1158,.T.);
#1527=ORIENTED_EDGE('',*,*,#1159,.T.);
#1528=ORIENTED_EDGE('',*,*,#1155,.T.);
#1529=ORIENTED_EDGE('',*,*,#1160,.T.);
#1530=ORIENTED_EDGE('',*,*,#1146,.F.);
#1531=ORIENTED_EDGE('',*,*,#1161,.F.);
#1532=ORIENTED_EDGE('',*,*,#1162,.F.);
#1533=ORIENTED_EDGE('',*,*,#1163,.F.);
#1534=ORIENTED_EDGE('',*,*,#1164,.T.);
#1535=ORIENTED_EDGE('',*,*,#1165,.T.);
#1536=ORIENTED_EDGE('',*,*,#1162,.T.);
#1537=ORIENTED_EDGE('',*,*,#1166,.T.);
#1538=ORIENTED_EDGE('',*,*,#1153,.T.);
#1539=ORIENTED_EDGE('',*,*,#1167,.T.);
#1540=ORIENTED_EDGE('',*,*,#1163,.T.);
#1541=ORIENTED_EDGE('',*,*,#1168,.T.);
#1542=ORIENTED_EDGE('',*,*,#1161,.T.);
#1543=ORIENTED_EDGE('',*,*,#1169,.T.);
#1544=ORIENTED_EDGE('',*,*,#1149,.T.);
#1545=ORIENTED_EDGE('',*,*,#1170,.T.);
#1546=ORIENTED_EDGE('',*,*,#1147,.T.);
#1547=ORIENTED_EDGE('',*,*,#1171,.T.);
#1548=ORIENTED_EDGE('',*,*,#1140,.T.);
#1549=ORIENTED_EDGE('',*,*,#1172,.T.);
#1550=ORIENTED_EDGE('',*,*,#1173,.T.);
#1551=ORIENTED_EDGE('',*,*,#1138,.T.);
#1552=ORIENTED_EDGE('',*,*,#1174,.T.);
#1553=ORIENTED_EDGE('',*,*,#1175,.T.);
#1554=ORIENTED_EDGE('',*,*,#1176,.T.);
#1555=ORIENTED_EDGE('',*,*,#1177,.T.);
#1556=ORIENTED_EDGE('',*,*,#1178,.T.);
#1557=ORIENTED_EDGE('',*,*,#1175,.F.);
#1558=ORIENTED_EDGE('',*,*,#1160,.F.);
#1559=ORIENTED_EDGE('',*,*,#1157,.F.);
#1560=ORIENTED_EDGE('',*,*,#1179,.F.);
#1561=ORIENTED_EDGE('',*,*,#1180,.T.);
#1562=ORIENTED_EDGE('',*,*,#1158,.F.);
#1563=ORIENTED_EDGE('',*,*,#1168,.F.);
#1564=ORIENTED_EDGE('',*,*,#1165,.F.);
#1565=ORIENTED_EDGE('',*,*,#1181,.F.);
#1566=ORIENTED_EDGE('',*,*,#1166,.F.);
#1567=ORIENTED_EDGE('',*,*,#1170,.F.);
#1568=ORIENTED_EDGE('',*,*,#1151,.F.);
#1569=ORIENTED_EDGE('',*,*,#1182,.F.);
#1570=ORIENTED_EDGE('',*,*,#1152,.F.);
#1571=ORIENTED_EDGE('',*,*,#1172,.F.);
#1572=ORIENTED_EDGE('',*,*,#1142,.F.);
#1573=ORIENTED_EDGE('',*,*,#1183,.F.);
#1574=ORIENTED_EDGE('',*,*,#1143,.F.);
#1575=ORIENTED_EDGE('',*,*,#1173,.F.);
#1576=ORIENTED_EDGE('',*,*,#1184,.F.);
#1577=ORIENTED_EDGE('',*,*,#1185,.T.);
#1578=ORIENTED_EDGE('',*,*,#1178,.F.);
#1579=ORIENTED_EDGE('',*,*,#1186,.F.);
#1580=ORIENTED_EDGE('',*,*,#1187,.F.);
#1581=ORIENTED_EDGE('',*,*,#1184,.T.);
#1582=ORIENTED_EDGE('',*,*,#1188,.F.);
#1583=ORIENTED_EDGE('',*,*,#1189,.T.);
#1584=ORIENTED_EDGE('',*,*,#1190,.T.);
#1585=ORIENTED_EDGE('',*,*,#1189,.F.);
#1586=ORIENTED_EDGE('',*,*,#1191,.F.);
#1587=ORIENTED_EDGE('',*,*,#1192,.T.);
#1588=ORIENTED_EDGE('',*,*,#1193,.T.);
#1589=ORIENTED_EDGE('',*,*,#1192,.F.);
#1590=ORIENTED_EDGE('',*,*,#1194,.F.);
#1591=ORIENTED_EDGE('',*,*,#1195,.T.);
#1592=ORIENTED_EDGE('',*,*,#1196,.T.);
#1593=ORIENTED_EDGE('',*,*,#1195,.F.);
#1594=ORIENTED_EDGE('',*,*,#1197,.T.);
#1595=ORIENTED_EDGE('',*,*,#1198,.T.);
#1596=ORIENTED_EDGE('',*,*,#1199,.F.);
#1597=ORIENTED_EDGE('',*,*,#1200,.F.);
#1598=ORIENTED_EDGE('',*,*,#1201,.T.);
#1599=ORIENTED_EDGE('',*,*,#1200,.T.);
#1600=ORIENTED_EDGE('',*,*,#1202,.F.);
#1601=ORIENTED_EDGE('',*,*,#1203,.F.);
#1602=ORIENTED_EDGE('',*,*,#1204,.T.);
#1603=ORIENTED_EDGE('',*,*,#1203,.T.);
#1604=ORIENTED_EDGE('',*,*,#1205,.F.);
#1605=ORIENTED_EDGE('',*,*,#1206,.F.);
#1606=ORIENTED_EDGE('',*,*,#1207,.T.);
#1607=ORIENTED_EDGE('',*,*,#1206,.T.);
#1608=ORIENTED_EDGE('',*,*,#1208,.F.);
#1609=ORIENTED_EDGE('',*,*,#1198,.F.);
#1610=ORIENTED_EDGE('',*,*,#1209,.T.);
#1611=ORIENTED_EDGE('',*,*,#1210,.T.);
#1612=ORIENTED_EDGE('',*,*,#1211,.F.);
#1613=ORIENTED_EDGE('',*,*,#1212,.F.);
#1614=ORIENTED_EDGE('',*,*,#1213,.T.);
#1615=ORIENTED_EDGE('',*,*,#1212,.T.);
#1616=ORIENTED_EDGE('',*,*,#1214,.F.);
#1617=ORIENTED_EDGE('',*,*,#1215,.F.);
#1618=ORIENTED_EDGE('',*,*,#1216,.T.);
#1619=ORIENTED_EDGE('',*,*,#1215,.T.);
#1620=ORIENTED_EDGE('',*,*,#1217,.F.);
#1621=ORIENTED_EDGE('',*,*,#1218,.F.);
#1622=ORIENTED_EDGE('',*,*,#1219,.T.);
#1623=ORIENTED_EDGE('',*,*,#1218,.T.);
#1624=ORIENTED_EDGE('',*,*,#1220,.F.);
#1625=ORIENTED_EDGE('',*,*,#1210,.F.);
#1626=ORIENTED_EDGE('',*,*,#1221,.T.);
#1627=ORIENTED_EDGE('',*,*,#1222,.T.);
#1628=ORIENTED_EDGE('',*,*,#1223,.F.);
#1629=ORIENTED_EDGE('',*,*,#1224,.F.);
#1630=ORIENTED_EDGE('',*,*,#1225,.T.);
#1631=ORIENTED_EDGE('',*,*,#1224,.T.);
#1632=ORIENTED_EDGE('',*,*,#1226,.F.);
#1633=ORIENTED_EDGE('',*,*,#1227,.F.);
#1634=ORIENTED_EDGE('',*,*,#1228,.T.);
#1635=ORIENTED_EDGE('',*,*,#1227,.T.);
#1636=ORIENTED_EDGE('',*,*,#1229,.F.);
#1637=ORIENTED_EDGE('',*,*,#1230,.F.);
#1638=ORIENTED_EDGE('',*,*,#1231,.T.);
#1639=ORIENTED_EDGE('',*,*,#1230,.T.);
#1640=ORIENTED_EDGE('',*,*,#1232,.F.);
#1641=ORIENTED_EDGE('',*,*,#1222,.F.);
#1642=ORIENTED_EDGE('',*,*,#1233,.T.);
#1643=ORIENTED_EDGE('',*,*,#1234,.T.);
#1644=ORIENTED_EDGE('',*,*,#1235,.F.);
#1645=ORIENTED_EDGE('',*,*,#1236,.F.);
#1646=ORIENTED_EDGE('',*,*,#1237,.T.);
#1647=ORIENTED_EDGE('',*,*,#1236,.T.);
#1648=ORIENTED_EDGE('',*,*,#1238,.F.);
#1649=ORIENTED_EDGE('',*,*,#1239,.F.);
#1650=ORIENTED_EDGE('',*,*,#1240,.T.);
#1651=ORIENTED_EDGE('',*,*,#1239,.T.);
#1652=ORIENTED_EDGE('',*,*,#1241,.F.);
#1653=ORIENTED_EDGE('',*,*,#1242,.F.);
#1654=ORIENTED_EDGE('',*,*,#1243,.T.);
#1655=ORIENTED_EDGE('',*,*,#1242,.T.);
#1656=ORIENTED_EDGE('',*,*,#1244,.F.);
#1657=ORIENTED_EDGE('',*,*,#1234,.F.);
#1658=ORIENTED_EDGE('',*,*,#1245,.T.);
#1659=ORIENTED_EDGE('',*,*,#1246,.T.);
#1660=ORIENTED_EDGE('',*,*,#1247,.F.);
#1661=ORIENTED_EDGE('',*,*,#1248,.F.);
#1662=ORIENTED_EDGE('',*,*,#1249,.T.);
#1663=ORIENTED_EDGE('',*,*,#1248,.T.);
#1664=ORIENTED_EDGE('',*,*,#1250,.F.);
#1665=ORIENTED_EDGE('',*,*,#1251,.F.);
#1666=ORIENTED_EDGE('',*,*,#1252,.T.);
#1667=ORIENTED_EDGE('',*,*,#1251,.T.);
#1668=ORIENTED_EDGE('',*,*,#1253,.F.);
#1669=ORIENTED_EDGE('',*,*,#1254,.F.);
#1670=ORIENTED_EDGE('',*,*,#1255,.T.);
#1671=ORIENTED_EDGE('',*,*,#1254,.T.);
#1672=ORIENTED_EDGE('',*,*,#1256,.F.);
#1673=ORIENTED_EDGE('',*,*,#1246,.F.);
#1674=ORIENTED_EDGE('',*,*,#1257,.T.);
#1675=ORIENTED_EDGE('',*,*,#1258,.T.);
#1676=ORIENTED_EDGE('',*,*,#1259,.F.);
#1677=ORIENTED_EDGE('',*,*,#1260,.F.);
#1678=ORIENTED_EDGE('',*,*,#1261,.T.);
#1679=ORIENTED_EDGE('',*,*,#1260,.T.);
#1680=ORIENTED_EDGE('',*,*,#1262,.F.);
#1681=ORIENTED_EDGE('',*,*,#1263,.F.);
#1682=ORIENTED_EDGE('',*,*,#1264,.T.);
#1683=ORIENTED_EDGE('',*,*,#1263,.T.);
#1684=ORIENTED_EDGE('',*,*,#1265,.F.);
#1685=ORIENTED_EDGE('',*,*,#1266,.F.);
#1686=ORIENTED_EDGE('',*,*,#1267,.T.);
#1687=ORIENTED_EDGE('',*,*,#1266,.T.);
#1688=ORIENTED_EDGE('',*,*,#1268,.F.);
#1689=ORIENTED_EDGE('',*,*,#1258,.F.);
#1690=ORIENTED_EDGE('',*,*,#1269,.T.);
#1691=ORIENTED_EDGE('',*,*,#1270,.T.);
#1692=ORIENTED_EDGE('',*,*,#1271,.F.);
#1693=ORIENTED_EDGE('',*,*,#1272,.F.);
#1694=ORIENTED_EDGE('',*,*,#1273,.T.);
#1695=ORIENTED_EDGE('',*,*,#1272,.T.);
#1696=ORIENTED_EDGE('',*,*,#1274,.F.);
#1697=ORIENTED_EDGE('',*,*,#1275,.F.);
#1698=ORIENTED_EDGE('',*,*,#1276,.T.);
#1699=ORIENTED_EDGE('',*,*,#1275,.T.);
#1700=ORIENTED_EDGE('',*,*,#1277,.F.);
#1701=ORIENTED_EDGE('',*,*,#1278,.F.);
#1702=ORIENTED_EDGE('',*,*,#1279,.T.);
#1703=ORIENTED_EDGE('',*,*,#1278,.T.);
#1704=ORIENTED_EDGE('',*,*,#1280,.F.);
#1705=ORIENTED_EDGE('',*,*,#1270,.F.);
#1706=ORIENTED_EDGE('',*,*,#1281,.F.);
#1707=ORIENTED_EDGE('',*,*,#1282,.T.);
#1708=ORIENTED_EDGE('',*,*,#1283,.T.);
#1709=ORIENTED_EDGE('',*,*,#1282,.F.);
#1710=ORIENTED_EDGE('',*,*,#1284,.T.);
#1711=ORIENTED_EDGE('',*,*,#1285,.T.);
#1712=ORIENTED_EDGE('',*,*,#1286,.F.);
#1713=ORIENTED_EDGE('',*,*,#1287,.F.);
#1714=ORIENTED_EDGE('',*,*,#1288,.T.);
#1715=ORIENTED_EDGE('',*,*,#1287,.T.);
#1716=ORIENTED_EDGE('',*,*,#1289,.F.);
#1717=ORIENTED_EDGE('',*,*,#1290,.F.);
#1718=ORIENTED_EDGE('',*,*,#1291,.T.);
#1719=ORIENTED_EDGE('',*,*,#1290,.T.);
#1720=ORIENTED_EDGE('',*,*,#1292,.F.);
#1721=ORIENTED_EDGE('',*,*,#1293,.F.);
#1722=ORIENTED_EDGE('',*,*,#1294,.T.);
#1723=ORIENTED_EDGE('',*,*,#1293,.T.);
#1724=ORIENTED_EDGE('',*,*,#1295,.F.);
#1725=ORIENTED_EDGE('',*,*,#1285,.F.);
#1726=ORIENTED_EDGE('',*,*,#1296,.F.);
#1727=ORIENTED_EDGE('',*,*,#1297,.T.);
#1728=ORIENTED_EDGE('',*,*,#1298,.T.);
#1729=ORIENTED_EDGE('',*,*,#1297,.F.);
#1730=ORIENTED_EDGE('',*,*,#1299,.T.);
#1731=ORIENTED_EDGE('',*,*,#1300,.T.);
#1732=ORIENTED_EDGE('',*,*,#1301,.F.);
#1733=ORIENTED_EDGE('',*,*,#1302,.F.);
#1734=ORIENTED_EDGE('',*,*,#1303,.T.);
#1735=ORIENTED_EDGE('',*,*,#1302,.T.);
#1736=ORIENTED_EDGE('',*,*,#1304,.F.);
#1737=ORIENTED_EDGE('',*,*,#1305,.F.);
#1738=ORIENTED_EDGE('',*,*,#1306,.T.);
#1739=ORIENTED_EDGE('',*,*,#1305,.T.);
#1740=ORIENTED_EDGE('',*,*,#1307,.F.);
#1741=ORIENTED_EDGE('',*,*,#1308,.F.);
#1742=ORIENTED_EDGE('',*,*,#1309,.T.);
#1743=ORIENTED_EDGE('',*,*,#1308,.T.);
#1744=ORIENTED_EDGE('',*,*,#1310,.F.);
#1745=ORIENTED_EDGE('',*,*,#1300,.F.);
#1746=ORIENTED_EDGE('',*,*,#1311,.F.);
#1747=ORIENTED_EDGE('',*,*,#1312,.T.);
#1748=ORIENTED_EDGE('',*,*,#1313,.T.);
#1749=ORIENTED_EDGE('',*,*,#1312,.F.);
#1750=ORIENTED_EDGE('',*,*,#1314,.T.);
#1751=ORIENTED_EDGE('',*,*,#1315,.T.);
#1752=ORIENTED_EDGE('',*,*,#1316,.F.);
#1753=ORIENTED_EDGE('',*,*,#1317,.F.);
#1754=ORIENTED_EDGE('',*,*,#1318,.T.);
#1755=ORIENTED_EDGE('',*,*,#1317,.T.);
#1756=ORIENTED_EDGE('',*,*,#1319,.F.);
#1757=ORIENTED_EDGE('',*,*,#1320,.F.);
#1758=ORIENTED_EDGE('',*,*,#1321,.T.);
#1759=ORIENTED_EDGE('',*,*,#1320,.T.);
#1760=ORIENTED_EDGE('',*,*,#1322,.F.);
#1761=ORIENTED_EDGE('',*,*,#1323,.F.);
#1762=ORIENTED_EDGE('',*,*,#1324,.T.);
#1763=ORIENTED_EDGE('',*,*,#1323,.T.);
#1764=ORIENTED_EDGE('',*,*,#1325,.F.);
#1765=ORIENTED_EDGE('',*,*,#1315,.F.);
#1766=ORIENTED_EDGE('',*,*,#1326,.F.);
#1767=ORIENTED_EDGE('',*,*,#1186,.T.);
#1768=ORIENTED_EDGE('',*,*,#1177,.F.);
#1769=ORIENTED_EDGE('',*,*,#1327,.F.);
#1770=ORIENTED_EDGE('',*,*,#1328,.F.);
#1771=ORIENTED_EDGE('',*,*,#1329,.F.);
#1772=ORIENTED_EDGE('',*,*,#1328,.T.);
#1773=ORIENTED_EDGE('',*,*,#1330,.F.);
#1774=ORIENTED_EDGE('',*,*,#1331,.F.);
#1775=ORIENTED_EDGE('',*,*,#1332,.F.);
#1776=ORIENTED_EDGE('',*,*,#1331,.T.);
#1777=ORIENTED_EDGE('',*,*,#1333,.F.);
#1778=ORIENTED_EDGE('',*,*,#1127,.F.);
#1779=ORIENTED_EDGE('',*,*,#1334,.F.);
#1780=ORIENTED_EDGE('',*,*,#1126,.F.);
#1781=ORIENTED_EDGE('',*,*,#1335,.F.);
#1782=ORIENTED_EDGE('',*,*,#1336,.F.);
#1783=ORIENTED_EDGE('',*,*,#1334,.T.);
#1784=ORIENTED_EDGE('',*,*,#1134,.F.);
#1785=ORIENTED_EDGE('',*,*,#1337,.T.);
#1786=ORIENTED_EDGE('',*,*,#1335,.T.);
#1787=ORIENTED_EDGE('',*,*,#1137,.F.);
#1788=ORIENTED_EDGE('',*,*,#1144,.F.);
#1789=ORIENTED_EDGE('',*,*,#1180,.F.);
#1790=ORIENTED_EDGE('',*,*,#1338,.F.);
#1791=ORIENTED_EDGE('',*,*,#1135,.F.);
#1792=ORIENTED_EDGE('',*,*,#1333,.T.);
#1793=ORIENTED_EDGE('',*,*,#1330,.T.);
#1794=ORIENTED_EDGE('',*,*,#1327,.T.);
#1795=ORIENTED_EDGE('',*,*,#1176,.F.);
#1796=ORIENTED_EDGE('',*,*,#1174,.F.);
#1797=ORIENTED_EDGE('',*,*,#1171,.F.);
#1798=ORIENTED_EDGE('',*,*,#1169,.F.);
#1799=ORIENTED_EDGE('',*,*,#1167,.F.);
#1800=ORIENTED_EDGE('',*,*,#1159,.F.);
#1801=ORIENTED_EDGE('',*,*,#1145,.F.);
#1802=ORIENTED_EDGE('',*,*,#1136,.F.);
#1803=ORIENTED_EDGE('',*,*,#1128,.F.);
#1804=ORIENTED_EDGE('',*,*,#1325,.T.);
#1805=ORIENTED_EDGE('',*,*,#1322,.T.);
#1806=ORIENTED_EDGE('',*,*,#1319,.T.);
#1807=ORIENTED_EDGE('',*,*,#1316,.T.);
#1808=ORIENTED_EDGE('',*,*,#1311,.T.);
#1809=ORIENTED_EDGE('',*,*,#1310,.T.);
#1810=ORIENTED_EDGE('',*,*,#1307,.T.);
#1811=ORIENTED_EDGE('',*,*,#1304,.T.);
#1812=ORIENTED_EDGE('',*,*,#1301,.T.);
#1813=ORIENTED_EDGE('',*,*,#1296,.T.);
#1814=ORIENTED_EDGE('',*,*,#1295,.T.);
#1815=ORIENTED_EDGE('',*,*,#1292,.T.);
#1816=ORIENTED_EDGE('',*,*,#1289,.T.);
#1817=ORIENTED_EDGE('',*,*,#1286,.T.);
#1818=ORIENTED_EDGE('',*,*,#1281,.T.);
#1819=ORIENTED_EDGE('',*,*,#1280,.T.);
#1820=ORIENTED_EDGE('',*,*,#1277,.T.);
#1821=ORIENTED_EDGE('',*,*,#1274,.T.);
#1822=ORIENTED_EDGE('',*,*,#1271,.T.);
#1823=ORIENTED_EDGE('',*,*,#1268,.T.);
#1824=ORIENTED_EDGE('',*,*,#1265,.T.);
#1825=ORIENTED_EDGE('',*,*,#1262,.T.);
#1826=ORIENTED_EDGE('',*,*,#1259,.T.);
#1827=ORIENTED_EDGE('',*,*,#1256,.T.);
#1828=ORIENTED_EDGE('',*,*,#1253,.T.);
#1829=ORIENTED_EDGE('',*,*,#1250,.T.);
#1830=ORIENTED_EDGE('',*,*,#1247,.T.);
#1831=ORIENTED_EDGE('',*,*,#1244,.T.);
#1832=ORIENTED_EDGE('',*,*,#1241,.T.);
#1833=ORIENTED_EDGE('',*,*,#1238,.T.);
#1834=ORIENTED_EDGE('',*,*,#1235,.T.);
#1835=ORIENTED_EDGE('',*,*,#1232,.T.);
#1836=ORIENTED_EDGE('',*,*,#1229,.T.);
#1837=ORIENTED_EDGE('',*,*,#1226,.T.);
#1838=ORIENTED_EDGE('',*,*,#1223,.T.);
#1839=ORIENTED_EDGE('',*,*,#1220,.T.);
#1840=ORIENTED_EDGE('',*,*,#1217,.T.);
#1841=ORIENTED_EDGE('',*,*,#1214,.T.);
#1842=ORIENTED_EDGE('',*,*,#1211,.T.);
#1843=ORIENTED_EDGE('',*,*,#1208,.T.);
#1844=ORIENTED_EDGE('',*,*,#1205,.T.);
#1845=ORIENTED_EDGE('',*,*,#1202,.T.);
#1846=ORIENTED_EDGE('',*,*,#1199,.T.);
#1847=ORIENTED_EDGE('',*,*,#1194,.T.);
#1848=ORIENTED_EDGE('',*,*,#1191,.T.);
#1849=ORIENTED_EDGE('',*,*,#1188,.T.);
#1850=ORIENTED_EDGE('',*,*,#1133,.F.);
#1851=ORIENTED_EDGE('',*,*,#1338,.T.);
#1852=ORIENTED_EDGE('',*,*,#1179,.T.);
#1853=ORIENTED_EDGE('',*,*,#1156,.F.);
#1854=ORIENTED_EDGE('',*,*,#1181,.T.);
#1855=ORIENTED_EDGE('',*,*,#1164,.F.);
#1856=ORIENTED_EDGE('',*,*,#1182,.T.);
#1857=ORIENTED_EDGE('',*,*,#1150,.F.);
#1858=ORIENTED_EDGE('',*,*,#1183,.T.);
#1859=ORIENTED_EDGE('',*,*,#1141,.F.);
#1860=ORIENTED_EDGE('',*,*,#1185,.F.);
#1861=ORIENTED_EDGE('',*,*,#1187,.T.);
#1862=ORIENTED_EDGE('',*,*,#1326,.T.);
#1863=ORIENTED_EDGE('',*,*,#1329,.T.);
#1864=ORIENTED_EDGE('',*,*,#1332,.T.);
#1865=ORIENTED_EDGE('',*,*,#1336,.T.);
#1866=ORIENTED_EDGE('',*,*,#1337,.F.);
#1867=ORIENTED_EDGE('',*,*,#1324,.F.);
#1868=ORIENTED_EDGE('',*,*,#1314,.F.);
#1869=ORIENTED_EDGE('',*,*,#1318,.F.);
#1870=ORIENTED_EDGE('',*,*,#1321,.F.);
#1871=ORIENTED_EDGE('',*,*,#1313,.F.);
#1872=ORIENTED_EDGE('',*,*,#1309,.F.);
#1873=ORIENTED_EDGE('',*,*,#1299,.F.);
#1874=ORIENTED_EDGE('',*,*,#1303,.F.);
#1875=ORIENTED_EDGE('',*,*,#1306,.F.);
#1876=ORIENTED_EDGE('',*,*,#1298,.F.);
#1877=ORIENTED_EDGE('',*,*,#1294,.F.);
#1878=ORIENTED_EDGE('',*,*,#1284,.F.);
#1879=ORIENTED_EDGE('',*,*,#1288,.F.);
#1880=ORIENTED_EDGE('',*,*,#1291,.F.);
#1881=ORIENTED_EDGE('',*,*,#1283,.F.);
#1882=ORIENTED_EDGE('',*,*,#1279,.F.);
#1883=ORIENTED_EDGE('',*,*,#1269,.F.);
#1884=ORIENTED_EDGE('',*,*,#1273,.F.);
#1885=ORIENTED_EDGE('',*,*,#1276,.F.);
#1886=ORIENTED_EDGE('',*,*,#1267,.F.);
#1887=ORIENTED_EDGE('',*,*,#1257,.F.);
#1888=ORIENTED_EDGE('',*,*,#1261,.F.);
#1889=ORIENTED_EDGE('',*,*,#1264,.F.);
#1890=ORIENTED_EDGE('',*,*,#1255,.F.);
#1891=ORIENTED_EDGE('',*,*,#1245,.F.);
#1892=ORIENTED_EDGE('',*,*,#1249,.F.);
#1893=ORIENTED_EDGE('',*,*,#1252,.F.);
#1894=ORIENTED_EDGE('',*,*,#1243,.F.);
#1895=ORIENTED_EDGE('',*,*,#1233,.F.);
#1896=ORIENTED_EDGE('',*,*,#1237,.F.);
#1897=ORIENTED_EDGE('',*,*,#1240,.F.);
#1898=ORIENTED_EDGE('',*,*,#1231,.F.);
#1899=ORIENTED_EDGE('',*,*,#1221,.F.);
#1900=ORIENTED_EDGE('',*,*,#1225,.F.);
#1901=ORIENTED_EDGE('',*,*,#1228,.F.);
#1902=ORIENTED_EDGE('',*,*,#1219,.F.);
#1903=ORIENTED_EDGE('',*,*,#1209,.F.);
#1904=ORIENTED_EDGE('',*,*,#1213,.F.);
#1905=ORIENTED_EDGE('',*,*,#1216,.F.);
#1906=ORIENTED_EDGE('',*,*,#1207,.F.);
#1907=ORIENTED_EDGE('',*,*,#1197,.F.);
#1908=ORIENTED_EDGE('',*,*,#1201,.F.);
#1909=ORIENTED_EDGE('',*,*,#1204,.F.);
#1910=ORIENTED_EDGE('',*,*,#1196,.F.);
#1911=ORIENTED_EDGE('',*,*,#1193,.F.);
#1912=ORIENTED_EDGE('',*,*,#1190,.F.);
#1913=CYLINDRICAL_SURFACE('',#2081,1.);
#1914=CYLINDRICAL_SURFACE('',#2094,1.);
#1915=CYLINDRICAL_SURFACE('',#2101,1.);
#1916=CYLINDRICAL_SURFACE('',#2106,1.);
#1917=CYLINDRICAL_SURFACE('',#2107,1.);
#1918=CYLINDRICAL_SURFACE('',#2112,1.);
#1919=CYLINDRICAL_SURFACE('',#2113,1.);
#1920=CYLINDRICAL_SURFACE('',#2114,1.);
#1921=CYLINDRICAL_SURFACE('',#2116,1.);
#1922=CYLINDRICAL_SURFACE('',#2124,3.00000000000001);
#1923=CYLINDRICAL_SURFACE('',#2125,3.);
#1924=CYLINDRICAL_SURFACE('',#2126,3.00000000000001);
#1925=CYLINDRICAL_SURFACE('',#2127,3.);
#1926=CYLINDRICAL_SURFACE('',#2136,1.);
#1927=CYLINDRICAL_SURFACE('',#2143,1.);
#1928=CYLINDRICAL_SURFACE('',#2145,1.);
#1929=CYLINDRICAL_SURFACE('',#2150,1.);
#1930=CYLINDRICAL_SURFACE('',#2152,1.);
#1931=CYLINDRICAL_SURFACE('',#2158,1.);
#1932=CYLINDRICAL_SURFACE('',#2164,1.);
#1933=CYLINDRICAL_SURFACE('',#2166,1.);
#1934=CYLINDRICAL_SURFACE('',#2171,1.);
#1935=CYLINDRICAL_SURFACE('',#2173,1.);
#1936=CYLINDRICAL_SURFACE('',#2174,1.);
#1937=CYLINDRICAL_SURFACE('',#2175,1.);
#1938=CYLINDRICAL_SURFACE('',#2176,1.);
#1939=CYLINDRICAL_SURFACE('',#2178,1.);
#1940=CYLINDRICAL_SURFACE('',#2186,3.00000000000001);
#1941=CYLINDRICAL_SURFACE('',#2189,3.00000000000001);
#1942=CYLINDRICAL_SURFACE('',#2192,3.);
#1943=CYLINDRICAL_SURFACE('',#2196,5.00000007450581);
#1944=CYLINDRICAL_SURFACE('',#2200,5.00000007450581);
#1945=CYLINDRICAL_SURFACE('',#2216,5.00000007450581);
#1946=CYLINDRICAL_SURFACE('',#2220,5.00000007450581);
#1947=CYLINDRICAL_SURFACE('',#2224,5.00000007450581);
#1948=CYLINDRICAL_SURFACE('',#2228,5.00000007450581);
#1949=CYLINDRICAL_SURFACE('',#2232,5.00000007450581);
#1950=CYLINDRICAL_SURFACE('',#2236,5.00000007450581);
#1951=CYLINDRICAL_SURFACE('',#2239,10.);
#1952=CYLINDRICAL_SURFACE('',#2243,5.00000007450581);
#1953=CYLINDRICAL_SURFACE('',#2247,5.00000007450581);
#1954=CYLINDRICAL_SURFACE('',#2250,10.);
#1955=CYLINDRICAL_SURFACE('',#2257,3.);
#1956=CYLINDRICAL_SURFACE('',#2265,14.5);
#1957=ADVANCED_FACE('',(#126),#1913,.T.);
#1958=ADVANCED_FACE('',(#127),#69,.F.);
#1959=ADVANCED_FACE('',(#128,#29,#30,#31,#32),#70,.T.);
#1960=ADVANCED_FACE('',(#129),#1914,.T.);
#1961=ADVANCED_FACE('',(#130),#71,.F.);
#1962=ADVANCED_FACE('',(#131),#21,.T.);
#1963=ADVANCED_FACE('',(#132),#1915,.T.);
#1964=ADVANCED_FACE('',(#133),#22,.T.);
#1965=ADVANCED_FACE('',(#134),#1916,.T.);
#1966=ADVANCED_FACE('',(#135),#1917,.T.);
#1967=ADVANCED_FACE('',(#136),#23,.T.);
#1968=ADVANCED_FACE('',(#137),#1918,.T.);
#1969=ADVANCED_FACE('',(#138),#1919,.T.);
#1970=ADVANCED_FACE('',(#139),#1920,.T.);
#1971=ADVANCED_FACE('',(#140),#1921,.T.);
#1972=ADVANCED_FACE('',(#141),#72,.T.);
#1973=ADVANCED_FACE('',(#142),#73,.T.);
#1974=ADVANCED_FACE('',(#143,#33,#34,#35,#36),#74,.T.);
#1975=ADVANCED_FACE('',(#144),#1922,.F.);
#1976=ADVANCED_FACE('',(#145),#1923,.F.);
#1977=ADVANCED_FACE('',(#146),#1924,.F.);
#1978=ADVANCED_FACE('',(#147),#1925,.F.);
#1979=ADVANCED_FACE('',(#148),#75,.F.);
#1980=ADVANCED_FACE('',(#149),#76,.T.);
#1981=ADVANCED_FACE('',(#150),#77,.F.);
#1982=ADVANCED_FACE('',(#151),#78,.T.);
#1983=ADVANCED_FACE('',(#152),#79,.T.);
#1984=ADVANCED_FACE('',(#153),#80,.T.);
#1985=ADVANCED_FACE('',(#154),#81,.T.);
#1986=ADVANCED_FACE('',(#155),#82,.T.);
#1987=ADVANCED_FACE('',(#156),#1926,.T.);
#1988=ADVANCED_FACE('',(#157),#24,.T.);
#1989=ADVANCED_FACE('',(#158),#1927,.T.);
#1990=ADVANCED_FACE('',(#159),#1928,.T.);
#1991=ADVANCED_FACE('',(#160),#25,.T.);
#1992=ADVANCED_FACE('',(#161),#1929,.T.);
#1993=ADVANCED_FACE('',(#162),#1930,.T.);
#1994=ADVANCED_FACE('',(#163),#26,.T.);
#1995=ADVANCED_FACE('',(#164),#1931,.T.);
#1996=ADVANCED_FACE('',(#165),#27,.T.);
#1997=ADVANCED_FACE('',(#166),#1932,.T.);
#1998=ADVANCED_FACE('',(#167),#1933,.T.);
#1999=ADVANCED_FACE('',(#168),#28,.T.);
#2000=ADVANCED_FACE('',(#169),#1934,.T.);
#2001=ADVANCED_FACE('',(#170),#1935,.T.);
#2002=ADVANCED_FACE('',(#171),#1936,.T.);
#2003=ADVANCED_FACE('',(#172),#1937,.T.);
#2004=ADVANCED_FACE('',(#173),#1938,.T.);
#2005=ADVANCED_FACE('',(#174),#1939,.T.);
#2006=ADVANCED_FACE('',(#175),#83,.T.);
#2007=ADVANCED_FACE('',(#176),#84,.T.);
#2008=ADVANCED_FACE('',(#177),#85,.T.);
#2009=ADVANCED_FACE('',(#178),#86,.T.);
#2010=ADVANCED_FACE('',(#179),#87,.T.);
#2011=ADVANCED_FACE('',(#180),#88,.T.);
#2012=ADVANCED_FACE('',(#181),#1940,.F.);
#2013=ADVANCED_FACE('',(#182),#1941,.F.);
#2014=ADVANCED_FACE('',(#183),#1942,.F.);
#2015=ADVANCED_FACE('',(#184),#89,.T.);
#2016=ADVANCED_FACE('',(#185),#1943,.F.);
#2017=ADVANCED_FACE('',(#186),#90,.T.);
#2018=ADVANCED_FACE('',(#187),#1944,.F.);
#2019=ADVANCED_FACE('',(#188),#91,.T.);
#2020=ADVANCED_FACE('',(#189),#92,.T.);
#2021=ADVANCED_FACE('',(#190),#93,.T.);
#2022=ADVANCED_FACE('',(#191),#94,.T.);
#2023=ADVANCED_FACE('',(#192),#95,.T.);
#2024=ADVANCED_FACE('',(#193),#96,.T.);
#2025=ADVANCED_FACE('',(#194),#97,.T.);
#2026=ADVANCED_FACE('',(#195),#98,.T.);
#2027=ADVANCED_FACE('',(#196),#99,.T.);
#2028=ADVANCED_FACE('',(#197),#100,.T.);
#2029=ADVANCED_FACE('',(#198),#101,.T.);
#2030=ADVANCED_FACE('',(#199),#102,.T.);
#2031=ADVANCED_FACE('',(#200),#103,.T.);
#2032=ADVANCED_FACE('',(#201),#1945,.F.);
#2033=ADVANCED_FACE('',(#202),#104,.T.);
#2034=ADVANCED_FACE('',(#203),#1946,.F.);
#2035=ADVANCED_FACE('',(#204),#105,.T.);
#2036=ADVANCED_FACE('',(#205),#1947,.F.);
#2037=ADVANCED_FACE('',(#206),#106,.T.);
#2038=ADVANCED_FACE('',(#207),#1948,.F.);
#2039=ADVANCED_FACE('',(#208),#107,.T.);
#2040=ADVANCED_FACE('',(#209),#1949,.F.);
#2041=ADVANCED_FACE('',(#210),#108,.T.);
#2042=ADVANCED_FACE('',(#211),#1950,.F.);
#2043=ADVANCED_FACE('',(#212),#1951,.F.);
#2044=ADVANCED_FACE('',(#213),#109,.T.);
#2045=ADVANCED_FACE('',(#214),#1952,.F.);
#2046=ADVANCED_FACE('',(#215),#110,.T.);
#2047=ADVANCED_FACE('',(#216),#1953,.F.);
#2048=ADVANCED_FACE('',(#217),#1954,.F.);
#2049=ADVANCED_FACE('',(#218),#111,.T.);
#2050=ADVANCED_FACE('',(#219),#112,.T.);
#2051=ADVANCED_FACE('',(#220),#113,.T.);
#2052=ADVANCED_FACE('',(#221),#114,.T.);
#2053=ADVANCED_FACE('',(#222),#1955,.F.);
#2054=ADVANCED_FACE('',(#223),#115,.T.);
#2055=ADVANCED_FACE('',(#224),#116,.T.);
#2056=ADVANCED_FACE('',(#225),#117,.T.);
#2057=ADVANCED_FACE('',(#226),#118,.T.);
#2058=ADVANCED_FACE('',(#227),#119,.T.);
#2059=ADVANCED_FACE('',(#228),#1956,.F.);
#2060=ADVANCED_FACE('',(#229),#120,.T.);
#2061=ADVANCED_FACE('',(#230),#121,.T.);
#2062=ADVANCED_FACE('',(#231),#122,.T.);
#2063=ADVANCED_FACE('',(#232),#123,.T.);
#2064=ADVANCED_FACE('',(#233,#37,#38,#39,#40,#41,#42,#43,#44,#45,#46,#47,
#48,#49,#50,#51,#52),#124,.T.);
#2065=ADVANCED_FACE('',(#234,#53,#54,#55,#56,#57,#58,#59,#60,#61,#62,#63,
#64,#65,#66,#67,#68),#125,.F.);
#2066=CLOSED_SHELL('',(#1957,#1958,#1959,#1960,#1961,#1962,#1963,#1964,
#1965,#1966,#1967,#1968,#1969,#1970,#1971,#1972,#1973,#1974,#1975,#1976,
#1977,#1978,#1979,#1980,#1981,#1982,#1983,#1984,#1985,#1986));
#2067=CLOSED_SHELL('',(#1987,#1988,#1989,#1990,#1991,#1992,#1993,#1994,
#1995,#1996,#1997,#1998,#1999,#2000,#2001,#2002,#2003,#2004,#2005,#2006,
#2007,#2008,#2009,#2010,#2011,#2012,#2013,#2014,#2015,#2016,#2017,#2018,
#2019,#2020,#2021,#2022,#2023,#2024,#2025,#2026,#2027,#2028,#2029,#2030,
#2031,#2032,#2033,#2034,#2035,#2036,#2037,#2038,#2039,#2040,#2041,#2042,
#2043,#2044,#2045,#2046,#2047,#2048,#2049,#2050,#2051,#2052,#2053,#2054,
#2055,#2056,#2057,#2058,#2059,#2060,#2061,#2062,#2063,#2064,#2065));
#2068=DERIVED_UNIT_ELEMENT(#2070,1.);
#2069=DERIVED_UNIT_ELEMENT(#3449,-3.);
#2070=(
MASS_UNIT()
NAMED_UNIT(*)
SI_UNIT(.KILO.,.GRAM.)
);
#2071=DERIVED_UNIT((#2068,#2069));
#2072=MEASURE_REPRESENTATION_ITEM('density measure',
POSITIVE_RATIO_MEASURE(7850.),#2071);
#2073=PROPERTY_DEFINITION_REPRESENTATION(#2078,#2075);
#2074=PROPERTY_DEFINITION_REPRESENTATION(#2079,#2076);
#2075=REPRESENTATION('material name',(#2077),#3446);
#2076=REPRESENTATION('density',(#2072),#3446);
#2077=DESCRIPTIVE_REPRESENTATION_ITEM('Steel','Steel');
#2078=PROPERTY_DEFINITION('material property','material name',#3456);
#2079=PROPERTY_DEFINITION('material property','density of part',#3456);
#2080=AXIS2_PLACEMENT_3D('',#2865,#2274,#2275);
#2081=AXIS2_PLACEMENT_3D('',#2866,#2276,#2277);
#2082=AXIS2_PLACEMENT_3D('',#2869,#2278,#2279);
#2083=AXIS2_PLACEMENT_3D('',#2873,#2281,#2282);
#2084=AXIS2_PLACEMENT_3D('',#2875,#2284,#2285);
#2085=AXIS2_PLACEMENT_3D('',#2881,#2289,#2290);
#2086=AXIS2_PLACEMENT_3D('',#2885,#2292,#2293);
#2087=AXIS2_PLACEMENT_3D('',#2889,#2295,#2296);
#2088=AXIS2_PLACEMENT_3D('',#2893,#2298,#2299);
#2089=AXIS2_PLACEMENT_3D('',#2899,#2302,#2303);
#2090=AXIS2_PLACEMENT_3D('',#2912,#2310,#2311);
#2091=AXIS2_PLACEMENT_3D('',#2914,#2312,#2313);
#2092=AXIS2_PLACEMENT_3D('',#2916,#2314,#2315);
#2093=AXIS2_PLACEMENT_3D('',#2918,#2316,#2317);
#2094=AXIS2_PLACEMENT_3D('',#2919,#2318,#2319);
#2095=AXIS2_PLACEMENT_3D('',#2923,#2321,#2322);
#2096=AXIS2_PLACEMENT_3D('',#2925,#2324,#2325);
#2097=AXIS2_PLACEMENT_3D('',#2929,#2328,#2329);
#2098=AXIS2_PLACEMENT_3D('',#2932,#2330,#2331);
#2099=AXIS2_PLACEMENT_3D('',#2934,#2332,#2333);
#2100=AXIS2_PLACEMENT_3D('',#2935,#2334,#2335);
#2101=AXIS2_PLACEMENT_3D('',#2936,#2336,#2337);
#2102=AXIS2_PLACEMENT_3D('',#2939,#2340,#2341);
#2103=AXIS2_PLACEMENT_3D('',#2942,#2342,#2343);
#2104=AXIS2_PLACEMENT_3D('',#2944,#2344,#2345);
#2105=AXIS2_PLACEMENT_3D('',#2945,#2346,#2347);
#2106=AXIS2_PLACEMENT_3D('',#2946,#2348,#2349);
#2107=AXIS2_PLACEMENT_3D('',#2949,#2352,#2353);
#2108=AXIS2_PLACEMENT_3D('',#2952,#2356,#2357);
#2109=AXIS2_PLACEMENT_3D('',#2955,#2358,#2359);
#2110=AXIS2_PLACEMENT_3D('',#2957,#2360,#2361);
#2111=AXIS2_PLACEMENT_3D('',#2958,#2362,#2363);
#2112=AXIS2_PLACEMENT_3D('',#2959,#2364,#2365);
#2113=AXIS2_PLACEMENT_3D('',#2962,#2368,#2369);
#2114=AXIS2_PLACEMENT_3D('',#2965,#2372,#2373);
#2115=AXIS2_PLACEMENT_3D('',#2970,#2376,#2377);
#2116=AXIS2_PLACEMENT_3D('',#2971,#2378,#2379);
#2117=AXIS2_PLACEMENT_3D('',#2974,#2382,#2383);
#2118=AXIS2_PLACEMENT_3D('',#2975,#2384,#2385);
#2119=AXIS2_PLACEMENT_3D('',#2976,#2386,#2387);
#2120=AXIS2_PLACEMENT_3D('',#2978,#2388,#2389);
#2121=AXIS2_PLACEMENT_3D('',#2980,#2390,#2391);
#2122=AXIS2_PLACEMENT_3D('',#2982,#2392,#2393);
#2123=AXIS2_PLACEMENT_3D('',#2984,#2394,#2395);
#2124=AXIS2_PLACEMENT_3D('',#2985,#2396,#2397);
#2125=AXIS2_PLACEMENT_3D('',#2987,#2399,#2400);
#2126=AXIS2_PLACEMENT_3D('',#2989,#2402,#2403);
#2127=AXIS2_PLACEMENT_3D('',#2991,#2405,#2406);
#2128=AXIS2_PLACEMENT_3D('',#2993,#2408,#2409);
#2129=AXIS2_PLACEMENT_3D('',#2996,#2412,#2413);
#2130=AXIS2_PLACEMENT_3D('',#3002,#2417,#2418);
#2131=AXIS2_PLACEMENT_3D('',#3008,#2422,#2423);
#2132=AXIS2_PLACEMENT_3D('',#3010,#2425,#2426);
#2133=AXIS2_PLACEMENT_3D('',#3012,#2428,#2429);
#2134=AXIS2_PLACEMENT_3D('',#3013,#2430,#2431);
#2135=AXIS2_PLACEMENT_3D('',#3015,#2433,#2434);
#2136=AXIS2_PLACEMENT_3D('',#3016,#2435,#2436);
#2137=AXIS2_PLACEMENT_3D('',#3021,#2438,#2439);
#2138=AXIS2_PLACEMENT_3D('',#3024,#2441,#2442);
#2139=AXIS2_PLACEMENT_3D('',#3025,#2443,#2444);
#2140=AXIS2_PLACEMENT_3D('',#3028,#2445,#2446);
#2141=AXIS2_PLACEMENT_3D('',#3030,#2447,#2448);
#2142=AXIS2_PLACEMENT_3D('',#3031,#2449,#2450);
#2143=AXIS2_PLACEMENT_3D('',#3032,#2451,#2452);
#2144=AXIS2_PLACEMENT_3D('',#3035,#2453,#2454);
#2145=AXIS2_PLACEMENT_3D('',#3038,#2457,#2458);
#2146=AXIS2_PLACEMENT_3D('',#3041,#2461,#2462);
#2147=AXIS2_PLACEMENT_3D('',#3044,#2463,#2464);
#2148=AXIS2_PLACEMENT_3D('',#3046,#2465,#2466);
#2149=AXIS2_PLACEMENT_3D('',#3047,#2467,#2468);
#2150=AXIS2_PLACEMENT_3D('',#3048,#2469,#2470);
#2151=AXIS2_PLACEMENT_3D('',#3051,#2471,#2472);
#2152=AXIS2_PLACEMENT_3D('',#3054,#2475,#2476);
#2153=AXIS2_PLACEMENT_3D('',#3059,#2479,#2480);
#2154=AXIS2_PLACEMENT_3D('',#3060,#2481,#2482);
#2155=AXIS2_PLACEMENT_3D('',#3063,#2483,#2484);
#2156=AXIS2_PLACEMENT_3D('',#3065,#2485,#2486);
#2157=AXIS2_PLACEMENT_3D('',#3066,#2487,#2488);
#2158=AXIS2_PLACEMENT_3D('',#3067,#2489,#2490);
#2159=AXIS2_PLACEMENT_3D('',#3070,#2491,#2492);
#2160=AXIS2_PLACEMENT_3D('',#3073,#2495,#2496);
#2161=AXIS2_PLACEMENT_3D('',#3076,#2497,#2498);
#2162=AXIS2_PLACEMENT_3D('',#3078,#2499,#2500);
#2163=AXIS2_PLACEMENT_3D('',#3079,#2501,#2502);
#2164=AXIS2_PLACEMENT_3D('',#3080,#2503,#2504);
#2165=AXIS2_PLACEMENT_3D('',#3083,#2505,#2506);
#2166=AXIS2_PLACEMENT_3D('',#3086,#2509,#2510);
#2167=AXIS2_PLACEMENT_3D('',#3089,#2513,#2514);
#2168=AXIS2_PLACEMENT_3D('',#3092,#2515,#2516);
#2169=AXIS2_PLACEMENT_3D('',#3094,#2517,#2518);
#2170=AXIS2_PLACEMENT_3D('',#3095,#2519,#2520);
#2171=AXIS2_PLACEMENT_3D('',#3096,#2521,#2522);
#2172=AXIS2_PLACEMENT_3D('',#3099,#2523,#2524);
#2173=AXIS2_PLACEMENT_3D('',#3102,#2527,#2528);
#2174=AXIS2_PLACEMENT_3D('',#3105,#2531,#2532);
#2175=AXIS2_PLACEMENT_3D('',#3108,#2535,#2536);
#2176=AXIS2_PLACEMENT_3D('',#3111,#2539,#2540);
#2177=AXIS2_PLACEMENT_3D('',#3116,#2543,#2544);
#2178=AXIS2_PLACEMENT_3D('',#3117,#2545,#2546);
#2179=AXIS2_PLACEMENT_3D('',#3121,#2548,#2549);
#2180=AXIS2_PLACEMENT_3D('',#3123,#2551,#2552);
#2181=AXIS2_PLACEMENT_3D('',#3127,#2555,#2556);
#2182=AXIS2_PLACEMENT_3D('',#3129,#2558,#2559);
#2183=AXIS2_PLACEMENT_3D('',#3131,#2561,#2562);
#2184=AXIS2_PLACEMENT_3D('',#3133,#2564,#2565);
#2185=AXIS2_PLACEMENT_3D('',#3137,#2568,#2569);
#2186=AXIS2_PLACEMENT_3D('',#3141,#2572,#2573);
#2187=AXIS2_PLACEMENT_3D('',#3143,#2574,#2575);
#2188=AXIS2_PLACEMENT_3D('',#3146,#2577,#2578);
#2189=AXIS2_PLACEMENT_3D('',#3147,#2579,#2580);
#2190=AXIS2_PLACEMENT_3D('',#3149,#2581,#2582);
#2191=AXIS2_PLACEMENT_3D('',#3152,#2584,#2585);
#2192=AXIS2_PLACEMENT_3D('',#3153,#2586,#2587);
#2193=AXIS2_PLACEMENT_3D('',#3155,#2588,#2589);
#2194=AXIS2_PLACEMENT_3D('',#3158,#2591,#2592);
#2195=AXIS2_PLACEMENT_3D('',#3159,#2593,#2594);
#2196=AXIS2_PLACEMENT_3D('',#3168,#2599,#2600);
#2197=AXIS2_PLACEMENT_3D('',#3170,#2601,#2602);
#2198=AXIS2_PLACEMENT_3D('',#3172,#2603,#2604);
#2199=AXIS2_PLACEMENT_3D('',#3174,#2606,#2607);
#2200=AXIS2_PLACEMENT_3D('',#3180,#2611,#2612);
#2201=AXIS2_PLACEMENT_3D('',#3181,#2613,#2614);
#2202=AXIS2_PLACEMENT_3D('',#3182,#2615,#2616);
#2203=AXIS2_PLACEMENT_3D('',#3183,#2617,#2618);
#2204=AXIS2_PLACEMENT_3D('',#3192,#2623,#2624);
#2205=AXIS2_PLACEMENT_3D('',#3198,#2628,#2629);
#2206=AXIS2_PLACEMENT_3D('',#3204,#2633,#2634);
#2207=AXIS2_PLACEMENT_3D('',#3207,#2637,#2638);
#2208=AXIS2_PLACEMENT_3D('',#3216,#2643,#2644);
#2209=AXIS2_PLACEMENT_3D('',#3222,#2648,#2649);
#2210=AXIS2_PLACEMENT_3D('',#3228,#2653,#2654);
#2211=AXIS2_PLACEMENT_3D('',#3231,#2657,#2658);
#2212=AXIS2_PLACEMENT_3D('',#3240,#2663,#2664);
#2213=AXIS2_PLACEMENT_3D('',#3246,#2668,#2669);
#2214=AXIS2_PLACEMENT_3D('',#3252,#2673,#2674);
#2215=AXIS2_PLACEMENT_3D('',#3255,#2677,#2678);
#2216=AXIS2_PLACEMENT_3D('',#3264,#2683,#2684);
#2217=AXIS2_PLACEMENT_3D('',#3266,#2685,#2686);
#2218=AXIS2_PLACEMENT_3D('',#3268,#2687,#2688);
#2219=AXIS2_PLACEMENT_3D('',#3270,#2690,#2691);
#2220=AXIS2_PLACEMENT_3D('',#3276,#2695,#2696);
#2221=AXIS2_PLACEMENT_3D('',#3277,#2697,#2698);
#2222=AXIS2_PLACEMENT_3D('',#3278,#2699,#2700);
#2223=AXIS2_PLACEMENT_3D('',#3279,#2701,#2702);
#2224=AXIS2_PLACEMENT_3D('',#3288,#2707,#2708);
#2225=AXIS2_PLACEMENT_3D('',#3290,#2709,#2710);
#2226=AXIS2_PLACEMENT_3D('',#3292,#2711,#2712);
#2227=AXIS2_PLACEMENT_3D('',#3294,#2714,#2715);
#2228=AXIS2_PLACEMENT_3D('',#3300,#2719,#2720);
#2229=AXIS2_PLACEMENT_3D('',#3301,#2721,#2722);
#2230=AXIS2_PLACEMENT_3D('',#3302,#2723,#2724);
#2231=AXIS2_PLACEMENT_3D('',#3303,#2725,#2726);
#2232=AXIS2_PLACEMENT_3D('',#3312,#2731,#2732);
#2233=AXIS2_PLACEMENT_3D('',#3314,#2733,#2734);
#2234=AXIS2_PLACEMENT_3D('',#3316,#2735,#2736);
#2235=AXIS2_PLACEMENT_3D('',#3318,#2738,#2739);
#2236=AXIS2_PLACEMENT_3D('',#3324,#2743,#2744);
#2237=AXIS2_PLACEMENT_3D('',#3325,#2745,#2746);
#2238=AXIS2_PLACEMENT_3D('',#3326,#2747,#2748);
#2239=AXIS2_PLACEMENT_3D('',#3327,#2749,#2750);
#2240=AXIS2_PLACEMENT_3D('',#3329,#2751,#2752);
#2241=AXIS2_PLACEMENT_3D('',#3332,#2754,#2755);
#2242=AXIS2_PLACEMENT_3D('',#3333,#2756,#2757);
#2243=AXIS2_PLACEMENT_3D('',#3342,#2762,#2763);
#2244=AXIS2_PLACEMENT_3D('',#3344,#2764,#2765);
#2245=AXIS2_PLACEMENT_3D('',#3346,#2766,#2767);
#2246=AXIS2_PLACEMENT_3D('',#3348,#2769,#2770);
#2247=AXIS2_PLACEMENT_3D('',#3354,#2774,#2775);
#2248=AXIS2_PLACEMENT_3D('',#3355,#2776,#2777);
#2249=AXIS2_PLACEMENT_3D('',#3356,#2778,#2779);
#2250=AXIS2_PLACEMENT_3D('',#3357,#2780,#2781);
#2251=AXIS2_PLACEMENT_3D('',#3359,#2782,#2783);
#2252=AXIS2_PLACEMENT_3D('',#3362,#2785,#2786);
#2253=AXIS2_PLACEMENT_3D('',#3363,#2787,#2788);
#2254=AXIS2_PLACEMENT_3D('',#3372,#2793,#2794);
#2255=AXIS2_PLACEMENT_3D('',#3378,#2798,#2799);
#2256=AXIS2_PLACEMENT_3D('',#3384,#2803,#2804);
#2257=AXIS2_PLACEMENT_3D('',#3387,#2807,#2808);
#2258=AXIS2_PLACEMENT_3D('',#3389,#2809,#2810);
#2259=AXIS2_PLACEMENT_3D('',#3392,#2812,#2813);
#2260=AXIS2_PLACEMENT_3D('',#3393,#2814,#2815);
#2261=AXIS2_PLACEMENT_3D('',#3402,#2820,#2821);
#2262=AXIS2_PLACEMENT_3D('',#3408,#2825,#2826);
#2263=AXIS2_PLACEMENT_3D('',#3414,#2830,#2831);
#2264=AXIS2_PLACEMENT_3D('',#3417,#2834,#2835);
#2265=AXIS2_PLACEMENT_3D('',#3423,#2839,#2840);
#2266=AXIS2_PLACEMENT_3D('',#3425,#2841,#2842);
#2267=AXIS2_PLACEMENT_3D('',#3427,#2843,#2844);
#2268=AXIS2_PLACEMENT_3D('',#3429,#2846,#2847);
#2269=AXIS2_PLACEMENT_3D('',#3434,#2851,#2852);
#2270=AXIS2_PLACEMENT_3D('',#3438,#2855,#2856);
#2271=AXIS2_PLACEMENT_3D('',#3440,#2858,#2859);
#2272=AXIS2_PLACEMENT_3D('',#3442,#2861,#2862);
#2273=AXIS2_PLACEMENT_3D('',#3443,#2863,#2864);
#2274=DIRECTION('axis',(0.,0.,1.));
#2275=DIRECTION('refdir',(1.,0.,0.));
#2276=DIRECTION('center_axis',(0.,0.,-1.));
#2277=DIRECTION('ref_axis',(0.707106781186554,0.707106781186541,0.));
#2278=DIRECTION('center_axis',(0.,0.,-1.));
#2279=DIRECTION('ref_axis',(0.707106781186554,0.707106781186541,0.));
#2280=DIRECTION('',(0.,0.,-1.));
#2281=DIRECTION('center_axis',(0.,0.,-1.));
#2282=DIRECTION('ref_axis',(0.707106781186554,0.707106781186541,0.));
#2283=DIRECTION('',(0.,0.,1.));
#2284=DIRECTION('center_axis',(-1.,0.,0.));
#2285=DIRECTION('ref_axis',(0.,1.,0.));
#2286=DIRECTION('',(0.,1.,0.));
#2287=DIRECTION('',(0.,0.,1.));
#2288=DIRECTION('',(0.,1.,0.));
#2289=DIRECTION('center_axis',(0.,0.,1.));
#2290=DIRECTION('ref_axis',(1.,0.,0.));
#2291=DIRECTION('',(-1.,0.,0.));
#2292=DIRECTION('center_axis',(0.,0.,-1.));
#2293=DIRECTION('ref_axis',(-0.707106781186548,0.707106781186548,0.));
#2294=DIRECTION('',(0.,-1.,0.));
#2295=DIRECTION('center_axis',(0.,0.,-1.));
#2296=DIRECTION('ref_axis',(-0.707106781186541,-0.707106781186554,0.));
#2297=DIRECTION('',(1.,0.,0.));
#2298=DIRECTION('center_axis',(0.,0.,-1.));
#2299=DIRECTION('ref_axis',(0.707106781186548,-0.707106781186548,0.));
#2300=DIRECTION('',(0.,1.,0.));
#2301=DIRECTION('',(-1.,0.,0.));
#2302=DIRECTION('center_axis',(0.,0.,-1.));
#2303=DIRECTION('ref_axis',(-0.707106781186554,0.707106781186541,0.));
#2304=DIRECTION('',(0.,-1.,0.));
#2305=DIRECTION('',(1.,0.,0.));
#2306=DIRECTION('',(0.,-1.,0.));
#2307=DIRECTION('',(-1.,0.,0.));
#2308=DIRECTION('',(0.,1.,0.));
#2309=DIRECTION('',(1.,0.,0.));
#2310=DIRECTION('center_axis',(0.,0.,-1.));
#2311=DIRECTION('ref_axis',(-1.,0.,0.));
#2312=DIRECTION('center_axis',(0.,0.,-1.));
#2313=DIRECTION('ref_axis',(-1.,0.,0.));
#2314=DIRECTION('center_axis',(0.,0.,-1.));
#2315=DIRECTION('ref_axis',(-1.,0.,0.));
#2316=DIRECTION('center_axis',(0.,0.,-1.));
#2317=DIRECTION('ref_axis',(-1.,0.,0.));
#2318=DIRECTION('center_axis',(0.,0.,1.));
#2319=DIRECTION('ref_axis',(-0.707106781186554,0.707106781186541,0.));
#2320=DIRECTION('',(0.,0.,-1.));
#2321=DIRECTION('center_axis',(0.,0.,-1.));
#2322=DIRECTION('ref_axis',(-0.707106781186554,0.707106781186541,0.));
#2323=DIRECTION('',(0.,0.,1.));
#2324=DIRECTION('center_axis',(1.,0.,0.));
#2325=DIRECTION('ref_axis',(0.,-1.,0.));
#2326=DIRECTION('',(0.,-1.,0.));
#2327=DIRECTION('',(0.,0.,-1.));
#2328=DIRECTION('center_axis',(-0.816496580927726,-0.408248290463863,0.408248290463862));
#2329=DIRECTION('ref_axis',(-0.577350269189623,0.577350269189627,-0.577350269189627));
#2330=DIRECTION('center_axis',(0.,1.,0.));
#2331=DIRECTION('ref_axis',(-1.,0.,0.));
#2332=DIRECTION('center_axis',(0.,0.,-1.));
#2333=DIRECTION('ref_axis',(0.,1.,0.));
#2334=DIRECTION('center_axis',(-1.,0.,0.));
#2335=DIRECTION('ref_axis',(0.,0.,-1.));
#2336=DIRECTION('center_axis',(0.,0.,1.));
#2337=DIRECTION('ref_axis',(-0.707106781186548,0.707106781186548,0.));
#2338=DIRECTION('',(0.,0.,-1.));
#2339=DIRECTION('',(0.,0.,1.));
#2340=DIRECTION('center_axis',(0.408248290463863,-0.816496580927725,0.408248290463865));
#2341=DIRECTION('ref_axis',(-0.577350269189625,-0.577350269189625,-0.577350269189627));
#2342=DIRECTION('center_axis',(-1.,0.,0.));
#2343=DIRECTION('ref_axis',(0.,-1.,0.));
#2344=DIRECTION('center_axis',(0.,0.,-1.));
#2345=DIRECTION('ref_axis',(-1.,0.,0.));
#2346=DIRECTION('center_axis',(0.,-1.,0.));
#2347=DIRECTION('ref_axis',(0.,0.,-1.));
#2348=DIRECTION('center_axis',(0.,0.,1.));
#2349=DIRECTION('ref_axis',(-0.707106781186541,-0.707106781186554,0.));
#2350=DIRECTION('',(0.,0.,-1.));
#2351=DIRECTION('',(0.,0.,1.));
#2352=DIRECTION('center_axis',(0.,1.,0.));
#2353=DIRECTION('ref_axis',(-0.707106781186547,0.,-0.707106781186548));
#2354=DIRECTION('',(0.,-1.,0.));
#2355=DIRECTION('',(0.,1.,0.));
#2356=DIRECTION('center_axis',(-0.408248290463861,0.408248290463861,-0.816496580927728));
#2357=DIRECTION('ref_axis',(0.577350269189626,-0.577350269189626,-0.577350269189625));
#2358=DIRECTION('center_axis',(0.,-1.,0.));
#2359=DIRECTION('ref_axis',(1.,0.,0.));
#2360=DIRECTION('center_axis',(0.,0.,-1.));
#2361=DIRECTION('ref_axis',(0.,-1.,0.));
#2362=DIRECTION('center_axis',(1.,0.,0.));
#2363=DIRECTION('ref_axis',(0.,0.,-1.));
#2364=DIRECTION('center_axis',(0.,0.,-1.));
#2365=DIRECTION('ref_axis',(0.707106781186548,-0.707106781186548,0.));
#2366=DIRECTION('',(0.,0.,-1.));
#2367=DIRECTION('',(0.,0.,1.));
#2368=DIRECTION('center_axis',(-1.,0.,0.));
#2369=DIRECTION('ref_axis',(0.,-0.707106781186553,-0.707106781186542));
#2370=DIRECTION('',(1.,0.,0.));
#2371=DIRECTION('',(-1.,0.,0.));
#2372=DIRECTION('center_axis',(0.,-1.,0.));
#2373=DIRECTION('ref_axis',(0.707106781186553,0.,-0.707106781186542));
#2374=DIRECTION('',(0.,-1.,0.));
#2375=DIRECTION('',(0.,1.,0.));
#2376=DIRECTION('center_axis',(0.707106781186541,-0.707106781186554,0.));
#2377=DIRECTION('ref_axis',(0.707106781186554,0.707106781186541,0.));
#2378=DIRECTION('center_axis',(1.,0.,0.));
#2379=DIRECTION('ref_axis',(0.,0.707106781186547,-0.707106781186548));
#2380=DIRECTION('',(-1.,0.,0.));
#2381=DIRECTION('',(1.,0.,0.));
#2382=DIRECTION('center_axis',(-1.,0.,0.));
#2383=DIRECTION('ref_axis',(0.,-1.,0.));
#2384=DIRECTION('center_axis',(0.,-1.,0.));
#2385=DIRECTION('ref_axis',(1.,0.,0.));
#2386=DIRECTION('center_axis',(0.,0.,-1.));
#2387=DIRECTION('ref_axis',(-1.,0.,0.));
#2388=DIRECTION('center_axis',(0.,0.,1.));
#2389=DIRECTION('ref_axis',(-1.,0.,0.));
#2390=DIRECTION('center_axis',(0.,0.,1.));
#2391=DIRECTION('ref_axis',(-1.,0.,0.));
#2392=DIRECTION('center_axis',(0.,0.,1.));
#2393=DIRECTION('ref_axis',(-1.,0.,0.));
#2394=DIRECTION('center_axis',(0.,0.,1.));
#2395=DIRECTION('ref_axis',(-1.,0.,0.));
#2396=DIRECTION('center_axis',(0.,0.,-1.));
#2397=DIRECTION('ref_axis',(-1.,0.,0.));
#2398=DIRECTION('',(0.,0.,-1.));
#2399=DIRECTION('center_axis',(0.,0.,-1.));
#2400=DIRECTION('ref_axis',(-1.,0.,0.));
#2401=DIRECTION('',(0.,0.,-1.));
#2402=DIRECTION('center_axis',(0.,0.,-1.));
#2403=DIRECTION('ref_axis',(-1.,0.,0.));
#2404=DIRECTION('',(0.,0.,-1.));
#2405=DIRECTION('center_axis',(0.,0.,-1.));
#2406=DIRECTION('ref_axis',(-1.,0.,0.));
#2407=DIRECTION('',(0.,0.,-1.));
#2408=DIRECTION('center_axis',(0.,0.,-1.));
#2409=DIRECTION('ref_axis',(-1.,0.,0.));
#2410=DIRECTION('',(-1.,0.,0.));
#2411=DIRECTION('',(1.,0.,0.));
#2412=DIRECTION('center_axis',(0.,-1.,0.));
#2413=DIRECTION('ref_axis',(1.,0.,0.));
#2414=DIRECTION('',(0.,0.,1.));
#2415=DIRECTION('',(1.,0.,0.));
#2416=DIRECTION('',(0.,0.,1.));
#2417=DIRECTION('center_axis',(0.,0.,-1.));
#2418=DIRECTION('ref_axis',(1.,0.,0.));
#2419=DIRECTION('',(0.,-1.,0.));
#2420=DIRECTION('',(0.,1.,0.));
#2421=DIRECTION('',(-1.,0.,0.));
#2422=DIRECTION('center_axis',(-1.,0.,0.));
#2423=DIRECTION('ref_axis',(0.,-1.,0.));
#2424=DIRECTION('',(0.,0.,1.));
#2425=DIRECTION('center_axis',(1.,0.,0.));
#2426=DIRECTION('ref_axis',(0.,1.,0.));
#2427=DIRECTION('',(0.,0.,1.));
#2428=DIRECTION('center_axis',(0.,1.,0.));
#2429=DIRECTION('ref_axis',(-1.,0.,0.));
#2430=DIRECTION('center_axis',(0.,1.,0.));
#2431=DIRECTION('ref_axis',(-1.,0.,0.));
#2432=DIRECTION('',(0.,0.,1.));
#2433=DIRECTION('center_axis',(1.,0.,0.));
#2434=DIRECTION('ref_axis',(0.,1.,0.));
#2435=DIRECTION('center_axis',(1.,0.,0.));
#2436=DIRECTION('ref_axis',(0.,-0.707106781186548,0.707106781186548));
#2437=DIRECTION('',(1.,0.,0.));
#2438=DIRECTION('center_axis',(1.,3.71569633518191E-15,0.));
#2439=DIRECTION('ref_axis',(0.,-0.707106781186548,0.707106781186548));
#2440=DIRECTION('',(-1.,0.,0.));
#2441=DIRECTION('center_axis',(0.707106781186543,-0.707106781186552,0.));
#2442=DIRECTION('ref_axis',(-0.707106781186552,-0.707106781186543,0.));
#2443=DIRECTION('center_axis',(-0.408248290463856,0.40824829046386,-0.816496580927731));
#2444=DIRECTION('ref_axis',(-0.57735026918964,0.577350269189615,0.577350269189623));
#2445=DIRECTION('center_axis',(-1.,0.,0.));
#2446=DIRECTION('ref_axis',(0.,1.,0.));
#2447=DIRECTION('center_axis',(0.,0.,1.));
#2448=DIRECTION('ref_axis',(-1.,0.,0.));
#2449=DIRECTION('center_axis',(4.44089209850056E-15,1.,0.));
#2450=DIRECTION('ref_axis',(0.,0.,1.));
#2451=DIRECTION('center_axis',(0.,0.,1.));
#2452=DIRECTION('ref_axis',(-0.707106781186554,0.707106781186541,0.));
#2453=DIRECTION('center_axis',(0.,0.,1.));
#2454=DIRECTION('ref_axis',(-0.707106781186554,0.707106781186541,0.));
#2455=DIRECTION('',(0.,0.,1.));
#2456=DIRECTION('',(0.,0.,-1.));
#2457=DIRECTION('center_axis',(0.,-1.,0.));
#2458=DIRECTION('ref_axis',(-0.707106781186551,0.,0.707106781186544));
#2459=DIRECTION('',(0.,1.,0.));
#2460=DIRECTION('',(0.,-1.,0.));
#2461=DIRECTION('center_axis',(0.40824829046386,0.40824829046386,-0.816496580927729));
#2462=DIRECTION('ref_axis',(0.577350269189644,0.577350269189616,0.577350269189618));
#2463=DIRECTION('center_axis',(0.,1.,0.));
#2464=DIRECTION('ref_axis',(1.,0.,0.));
#2465=DIRECTION('center_axis',(0.,0.,1.));
#2466=DIRECTION('ref_axis',(0.,1.,0.));
#2467=DIRECTION('center_axis',(1.,0.,0.));
#2468=DIRECTION('ref_axis',(0.,0.,1.));
#2469=DIRECTION('center_axis',(0.,0.,1.));
#2470=DIRECTION('ref_axis',(0.707106781186551,0.707106781186544,0.));
#2471=DIRECTION('center_axis',(0.,0.,1.));
#2472=DIRECTION('ref_axis',(0.707106781186551,0.707106781186544,0.));
#2473=DIRECTION('',(0.,0.,1.));
#2474=DIRECTION('',(0.,0.,-1.));
#2475=DIRECTION('center_axis',(-1.,0.,0.));
#2476=DIRECTION('ref_axis',(0.,0.707106781186548,0.707106781186548));
#2477=DIRECTION('',(-1.,0.,0.));
#2478=DIRECTION('',(1.,0.,0.));
#2479=DIRECTION('center_axis',(-0.707106781186543,0.707106781186552,-3.14018491736756E-15));
#2480=DIRECTION('ref_axis',(0.707106781186552,0.707106781186543,-3.14018491736752E-15));
#2481=DIRECTION('center_axis',(-0.40824829046386,-0.816496580927728,0.408248290463862));
#2482=DIRECTION('ref_axis',(-0.577350269189644,0.577350269189613,0.577350269189621));
#2483=DIRECTION('center_axis',(-1.,0.,0.));
#2484=DIRECTION('ref_axis',(0.,1.,0.));
#2485=DIRECTION('center_axis',(0.,0.,1.));
#2486=DIRECTION('ref_axis',(-1.,0.,0.));
#2487=DIRECTION('center_axis',(4.44089209850064E-15,1.,0.));
#2488=DIRECTION('ref_axis',(0.,0.,1.));
#2489=DIRECTION('center_axis',(0.,0.,1.));
#2490=DIRECTION('ref_axis',(-0.707106781186548,0.707106781186548,0.));
#2491=DIRECTION('center_axis',(0.,0.,1.));
#2492=DIRECTION('ref_axis',(-0.707106781186548,0.707106781186548,0.));
#2493=DIRECTION('',(0.,0.,1.));
#2494=DIRECTION('',(0.,0.,-1.));
#2495=DIRECTION('center_axis',(0.408248290463857,-0.408248290463857,-0.816496580927732));
#2496=DIRECTION('ref_axis',(0.577350269189641,-0.577350269189613,0.577350269189623));
#2497=DIRECTION('center_axis',(1.,0.,0.));
#2498=DIRECTION('ref_axis',(0.,-1.,0.));
#2499=DIRECTION('center_axis',(0.,0.,1.));
#2500=DIRECTION('ref_axis',(1.,0.,0.));
#2501=DIRECTION('center_axis',(0.,-1.,0.));
#2502=DIRECTION('ref_axis',(0.,0.,1.));
#2503=DIRECTION('center_axis',(0.,0.,1.));
#2504=DIRECTION('ref_axis',(0.707106781186548,-0.707106781186548,0.));
#2505=DIRECTION('center_axis',(0.,0.,1.));
#2506=DIRECTION('ref_axis',(0.707106781186548,-0.707106781186548,0.));
#2507=DIRECTION('',(0.,0.,1.));
#2508=DIRECTION('',(0.,0.,-1.));
#2509=DIRECTION('center_axis',(0.,1.,0.));
#2510=DIRECTION('ref_axis',(0.707106781186551,0.,0.707106781186544));
#2511=DIRECTION('',(0.,-1.,0.));
#2512=DIRECTION('',(0.,1.,0.));
#2513=DIRECTION('center_axis',(0.408248290463863,-0.816496580927725,-0.408248290463865));
#2514=DIRECTION('ref_axis',(-0.577350269189606,-0.577350269189634,0.577350269189638));
#2515=DIRECTION('center_axis',(0.,-1.,0.));
#2516=DIRECTION('ref_axis',(-1.,0.,0.));
#2517=DIRECTION('center_axis',(0.,0.,1.));
#2518=DIRECTION('ref_axis',(0.,-1.,0.));
#2519=DIRECTION('center_axis',(-1.,0.,0.));
#2520=DIRECTION('ref_axis',(0.,0.,1.));
#2521=DIRECTION('center_axis',(0.,0.,1.));
#2522=DIRECTION('ref_axis',(-0.707106781186541,-0.707106781186554,0.));
#2523=DIRECTION('center_axis',(0.,0.,1.));
#2524=DIRECTION('ref_axis',(-0.707106781186541,-0.707106781186554,0.));
#2525=DIRECTION('',(0.,0.,1.));
#2526=DIRECTION('',(0.,0.,-1.));
#2527=DIRECTION('center_axis',(1.,0.,0.));
#2528=DIRECTION('ref_axis',(0.,-0.707106781186551,0.707106781186544));
#2529=DIRECTION('',(-1.,0.,0.));
#2530=DIRECTION('',(1.,0.,0.));
#2531=DIRECTION('center_axis',(0.,-1.,0.));
#2532=DIRECTION('ref_axis',(-0.707106781186544,0.,0.707106781186551));
#2533=DIRECTION('',(0.,1.,0.));
#2534=DIRECTION('',(0.,-1.,0.));
#2535=DIRECTION('center_axis',(-1.,0.,0.));
#2536=DIRECTION('ref_axis',(0.,0.707106781186548,0.707106781186548));
#2537=DIRECTION('',(1.,0.,0.));
#2538=DIRECTION('',(-1.,0.,0.));
#2539=DIRECTION('center_axis',(0.,1.,0.));
#2540=DIRECTION('ref_axis',(0.707106781186551,0.,0.707106781186544));
#2541=DIRECTION('',(0.,1.,0.));
#2542=DIRECTION('',(0.,-1.,0.));
#2543=DIRECTION('center_axis',(0.707106781186543,0.707106781186552,0.));
#2544=DIRECTION('ref_axis',(0.707106781186552,-0.707106781186543,0.));
#2545=DIRECTION('center_axis',(1.,0.,0.));
#2546=DIRECTION('ref_axis',(0.,-0.707106781186548,0.707106781186548));
#2547=DIRECTION('',(-1.,0.,0.));
#2548=DIRECTION('center_axis',(-1.,-3.71569633518191E-15,0.));
#2549=DIRECTION('ref_axis',(0.,-0.707106781186548,0.707106781186548));
#2550=DIRECTION('',(1.,0.,0.));
#2551=DIRECTION('center_axis',(1.,0.,0.));
#2552=DIRECTION('ref_axis',(0.,1.,0.));
#2553=DIRECTION('',(0.,-1.,0.));
#2554=DIRECTION('',(0.,0.,1.));
#2555=DIRECTION('center_axis',(0.,-1.,0.));
#2556=DIRECTION('ref_axis',(1.,0.,0.));
#2557=DIRECTION('',(-1.,0.,0.));
#2558=DIRECTION('center_axis',(-1.,0.,0.));
#2559=DIRECTION('ref_axis',(0.,-1.,0.));
#2560=DIRECTION('',(0.,1.,0.));
#2561=DIRECTION('center_axis',(0.,1.,0.));
#2562=DIRECTION('ref_axis',(-1.,0.,0.));
#2563=DIRECTION('',(1.,0.,0.));
#2564=DIRECTION('center_axis',(1.,0.,0.));
#2565=DIRECTION('ref_axis',(0.,1.,0.));
#2566=DIRECTION('',(0.,0.,1.));
#2567=DIRECTION('',(0.,1.,0.));
#2568=DIRECTION('center_axis',(0.,-1.,0.));
#2569=DIRECTION('ref_axis',(1.,0.,0.));
#2570=DIRECTION('',(0.,0.,1.));
#2571=DIRECTION('',(-1.,0.,0.));
#2572=DIRECTION('center_axis',(0.,0.,1.));
#2573=DIRECTION('ref_axis',(-1.,0.,0.));
#2574=DIRECTION('center_axis',(0.,0.,-1.));
#2575=DIRECTION('ref_axis',(-1.,0.,0.));
#2576=DIRECTION('',(0.,0.,-1.));
#2577=DIRECTION('center_axis',(0.,0.,-1.));
#2578=DIRECTION('ref_axis',(-1.,0.,0.));
#2579=DIRECTION('center_axis',(0.,0.,1.));
#2580=DIRECTION('ref_axis',(-1.,0.,0.));
#2581=DIRECTION('center_axis',(0.,0.,-1.));
#2582=DIRECTION('ref_axis',(-1.,0.,0.));
#2583=DIRECTION('',(0.,0.,-1.));
#2584=DIRECTION('center_axis',(0.,0.,-1.));
#2585=DIRECTION('ref_axis',(-1.,0.,0.));
#2586=DIRECTION('center_axis',(0.,0.,1.));
#2587=DIRECTION('ref_axis',(-1.,0.,0.));
#2588=DIRECTION('center_axis',(0.,0.,-1.));
#2589=DIRECTION('ref_axis',(-1.,0.,0.));
#2590=DIRECTION('',(0.,0.,-1.));
#2591=DIRECTION('center_axis',(0.,0.,-1.));
#2592=DIRECTION('ref_axis',(-1.,0.,0.));
#2593=DIRECTION('center_axis',(1.,0.,0.));
#2594=DIRECTION('ref_axis',(0.,1.,0.));
#2595=DIRECTION('',(0.,1.,0.));
#2596=DIRECTION('',(0.,0.,1.));
#2597=DIRECTION('',(0.,1.,0.));
#2598=DIRECTION('',(0.,0.,1.));
#2599=DIRECTION('center_axis',(0.,0.,1.));
#2600=DIRECTION('ref_axis',(-1.,0.,0.));
#2601=DIRECTION('center_axis',(0.,0.,-1.));
#2602=DIRECTION('ref_axis',(-1.,0.,0.));
#2603=DIRECTION('center_axis',(0.,0.,-1.));
#2604=DIRECTION('ref_axis',(-1.,0.,0.));
#2605=DIRECTION('',(0.,0.,1.));
#2606=DIRECTION('center_axis',(-1.,0.,0.));
#2607=DIRECTION('ref_axis',(0.,-1.,0.));
#2608=DIRECTION('',(0.,-1.,0.));
#2609=DIRECTION('',(0.,-1.,0.));
#2610=DIRECTION('',(0.,0.,1.));
#2611=DIRECTION('center_axis',(0.,0.,1.));
#2612=DIRECTION('ref_axis',(1.,0.,0.));
#2613=DIRECTION('center_axis',(0.,0.,-1.));
#2614=DIRECTION('ref_axis',(1.,0.,0.));
#2615=DIRECTION('center_axis',(0.,0.,-1.));
#2616=DIRECTION('ref_axis',(1.,0.,0.));
#2617=DIRECTION('center_axis',(-1.,0.,0.));
#2618=DIRECTION('ref_axis',(0.,-1.,0.));
#2619=DIRECTION('',(0.,-1.,0.));
#2620=DIRECTION('',(0.,0.,1.));
#2621=DIRECTION('',(0.,-1.,0.));
#2622=DIRECTION('',(0.,0.,1.));
#2623=DIRECTION('center_axis',(0.,-1.,0.));
#2624=DIRECTION('ref_axis',(1.,0.,0.));
#2625=DIRECTION('',(1.,0.,0.));
#2626=DIRECTION('',(1.,0.,0.));
#2627=DIRECTION('',(0.,0.,1.));
#2628=DIRECTION('center_axis',(1.,0.,0.));
#2629=DIRECTION('ref_axis',(0.,1.,0.));
#2630=DIRECTION('',(0.,1.,0.));
#2631=DIRECTION('',(0.,1.,0.));
#2632=DIRECTION('',(0.,0.,1.));
#2633=DIRECTION('center_axis',(0.,1.,0.));
#2634=DIRECTION('ref_axis',(-1.,0.,0.));
#2635=DIRECTION('',(-1.,0.,0.));
#2636=DIRECTION('',(-1.,0.,0.));
#2637=DIRECTION('center_axis',(-1.,0.,0.));
#2638=DIRECTION('ref_axis',(0.,-1.,0.));
#2639=DIRECTION('',(0.,-1.,0.));
#2640=DIRECTION('',(0.,0.,1.));
#2641=DIRECTION('',(0.,-1.,0.));
#2642=DIRECTION('',(0.,0.,1.));
#2643=DIRECTION('center_axis',(0.,-1.,0.));
#2644=DIRECTION('ref_axis',(1.,0.,0.));
#2645=DIRECTION('',(1.,0.,0.));
#2646=DIRECTION('',(1.,0.,0.));
#2647=DIRECTION('',(0.,0.,1.));
#2648=DIRECTION('center_axis',(1.,0.,0.));
#2649=DIRECTION('ref_axis',(0.,1.,0.));
#2650=DIRECTION('',(0.,1.,0.));
#2651=DIRECTION('',(0.,1.,0.));
#2652=DIRECTION('',(0.,0.,1.));
#2653=DIRECTION('center_axis',(0.,1.,0.));
#2654=DIRECTION('ref_axis',(-1.,0.,0.));
#2655=DIRECTION('',(-1.,0.,0.));
#2656=DIRECTION('',(-1.,0.,0.));
#2657=DIRECTION('center_axis',(-1.,0.,0.));
#2658=DIRECTION('ref_axis',(0.,-1.,0.));
#2659=DIRECTION('',(0.,-1.,0.));
#2660=DIRECTION('',(0.,0.,1.));
#2661=DIRECTION('',(0.,-1.,0.));
#2662=DIRECTION('',(0.,0.,1.));
#2663=DIRECTION('center_axis',(0.,-1.,0.));
#2664=DIRECTION('ref_axis',(1.,0.,0.));
#2665=DIRECTION('',(1.,0.,0.));
#2666=DIRECTION('',(1.,0.,0.));
#2667=DIRECTION('',(0.,0.,1.));
#2668=DIRECTION('center_axis',(1.,0.,0.));
#2669=DIRECTION('ref_axis',(0.,1.,0.));
#2670=DIRECTION('',(0.,1.,0.));
#2671=DIRECTION('',(0.,1.,0.));
#2672=DIRECTION('',(0.,0.,1.));
#2673=DIRECTION('center_axis',(0.,1.,0.));
#2674=DIRECTION('ref_axis',(-1.,0.,0.));
#2675=DIRECTION('',(-1.,0.,0.));
#2676=DIRECTION('',(-1.,0.,0.));
#2677=DIRECTION('center_axis',(1.,0.,0.));
#2678=DIRECTION('ref_axis',(0.,1.,0.));
#2679=DIRECTION('',(0.,1.,0.));
#2680=DIRECTION('',(0.,0.,1.));
#2681=DIRECTION('',(0.,1.,0.));
#2682=DIRECTION('',(0.,0.,1.));
#2683=DIRECTION('center_axis',(0.,0.,1.));
#2684=DIRECTION('ref_axis',(-1.,0.,0.));
#2685=DIRECTION('center_axis',(0.,0.,-1.));
#2686=DIRECTION('ref_axis',(-1.,0.,0.));
#2687=DIRECTION('center_axis',(0.,0.,-1.));
#2688=DIRECTION('ref_axis',(-1.,0.,0.));
#2689=DIRECTION('',(0.,0.,1.));
#2690=DIRECTION('center_axis',(-1.,0.,0.));
#2691=DIRECTION('ref_axis',(0.,-1.,0.));
#2692=DIRECTION('',(0.,-1.,0.));
#2693=DIRECTION('',(0.,-1.,0.));
#2694=DIRECTION('',(0.,0.,1.));
#2695=DIRECTION('center_axis',(0.,0.,1.));
#2696=DIRECTION('ref_axis',(1.,0.,0.));
#2697=DIRECTION('center_axis',(0.,0.,-1.));
#2698=DIRECTION('ref_axis',(1.,0.,0.));
#2699=DIRECTION('center_axis',(0.,0.,-1.));
#2700=DIRECTION('ref_axis',(1.,0.,0.));
#2701=DIRECTION('center_axis',(-1.,0.,0.));
#2702=DIRECTION('ref_axis',(0.,-1.,0.));
#2703=DIRECTION('',(0.,-1.,0.));
#2704=DIRECTION('',(0.,0.,1.));
#2705=DIRECTION('',(0.,-1.,0.));
#2706=DIRECTION('',(0.,0.,1.));
#2707=DIRECTION('center_axis',(0.,0.,1.));
#2708=DIRECTION('ref_axis',(1.,0.,0.));
#2709=DIRECTION('center_axis',(0.,0.,-1.));
#2710=DIRECTION('ref_axis',(1.,0.,0.));
#2711=DIRECTION('center_axis',(0.,0.,-1.));
#2712=DIRECTION('ref_axis',(1.,0.,0.));
#2713=DIRECTION('',(0.,0.,1.));
#2714=DIRECTION('center_axis',(1.,0.,0.));
#2715=DIRECTION('ref_axis',(0.,1.,0.));
#2716=DIRECTION('',(0.,1.,0.));
#2717=DIRECTION('',(0.,1.,0.));
#2718=DIRECTION('',(0.,0.,1.));
#2719=DIRECTION('center_axis',(0.,0.,1.));
#2720=DIRECTION('ref_axis',(-1.,0.,0.));
#2721=DIRECTION('center_axis',(0.,0.,-1.));
#2722=DIRECTION('ref_axis',(-1.,0.,0.));
#2723=DIRECTION('center_axis',(0.,0.,-1.));
#2724=DIRECTION('ref_axis',(-1.,0.,0.));
#2725=DIRECTION('center_axis',(1.,0.,0.));
#2726=DIRECTION('ref_axis',(0.,1.,0.));
#2727=DIRECTION('',(0.,1.,0.));
#2728=DIRECTION('',(0.,0.,1.));
#2729=DIRECTION('',(0.,1.,0.));
#2730=DIRECTION('',(0.,0.,1.));
#2731=DIRECTION('center_axis',(0.,0.,1.));
#2732=DIRECTION('ref_axis',(-1.,0.,0.));
#2733=DIRECTION('center_axis',(0.,0.,-1.));
#2734=DIRECTION('ref_axis',(-1.,0.,0.));
#2735=DIRECTION('center_axis',(0.,0.,-1.));
#2736=DIRECTION('ref_axis',(-1.,0.,0.));
#2737=DIRECTION('',(0.,0.,1.));
#2738=DIRECTION('center_axis',(-1.,0.,0.));
#2739=DIRECTION('ref_axis',(0.,-1.,0.));
#2740=DIRECTION('',(0.,-1.,0.));
#2741=DIRECTION('',(0.,-1.,0.));
#2742=DIRECTION('',(0.,0.,1.));
#2743=DIRECTION('center_axis',(0.,0.,1.));
#2744=DIRECTION('ref_axis',(1.,0.,0.));
#2745=DIRECTION('center_axis',(0.,0.,-1.));
#2746=DIRECTION('ref_axis',(1.,0.,0.));
#2747=DIRECTION('center_axis',(0.,0.,-1.));
#2748=DIRECTION('ref_axis',(1.,0.,0.));
#2749=DIRECTION('center_axis',(0.,0.,1.));
#2750=DIRECTION('ref_axis',(-1.,0.,0.));
#2751=DIRECTION('center_axis',(0.,0.,-1.));
#2752=DIRECTION('ref_axis',(-1.,0.,0.));
#2753=DIRECTION('',(0.,0.,-1.));
#2754=DIRECTION('center_axis',(0.,0.,-1.));
#2755=DIRECTION('ref_axis',(-1.,0.,0.));
#2756=DIRECTION('center_axis',(1.,0.,0.));
#2757=DIRECTION('ref_axis',(0.,1.,0.));
#2758=DIRECTION('',(0.,1.,0.));
#2759=DIRECTION('',(0.,0.,1.));
#2760=DIRECTION('',(0.,1.,0.));
#2761=DIRECTION('',(0.,0.,1.));
#2762=DIRECTION('center_axis',(0.,0.,1.));
#2763=DIRECTION('ref_axis',(-1.,0.,0.));
#2764=DIRECTION('center_axis',(0.,0.,-1.));
#2765=DIRECTION('ref_axis',(-1.,0.,0.));
#2766=DIRECTION('center_axis',(0.,0.,-1.));
#2767=DIRECTION('ref_axis',(-1.,0.,0.));
#2768=DIRECTION('',(0.,0.,1.));
#2769=DIRECTION('center_axis',(-1.,0.,0.));
#2770=DIRECTION('ref_axis',(0.,-1.,0.));
#2771=DIRECTION('',(0.,-1.,0.));
#2772=DIRECTION('',(0.,-1.,0.));
#2773=DIRECTION('',(0.,0.,1.));
#2774=DIRECTION('center_axis',(0.,0.,1.));
#2775=DIRECTION('ref_axis',(1.,0.,0.));
#2776=DIRECTION('center_axis',(0.,0.,-1.));
#2777=DIRECTION('ref_axis',(1.,0.,0.));
#2778=DIRECTION('center_axis',(0.,0.,-1.));
#2779=DIRECTION('ref_axis',(1.,0.,0.));
#2780=DIRECTION('center_axis',(0.,0.,1.));
#2781=DIRECTION('ref_axis',(-1.,0.,0.));
#2782=DIRECTION('center_axis',(0.,0.,-1.));
#2783=DIRECTION('ref_axis',(-1.,0.,0.));
#2784=DIRECTION('',(0.,0.,-1.));
#2785=DIRECTION('center_axis',(0.,0.,-1.));
#2786=DIRECTION('ref_axis',(-1.,0.,0.));
#2787=DIRECTION('center_axis',(-1.,0.,0.));
#2788=DIRECTION('ref_axis',(0.,-1.,0.));
#2789=DIRECTION('',(0.,-1.,0.));
#2790=DIRECTION('',(0.,0.,1.));
#2791=DIRECTION('',(0.,-1.,0.));
#2792=DIRECTION('',(0.,0.,1.));
#2793=DIRECTION('center_axis',(0.,-1.,0.));
#2794=DIRECTION('ref_axis',(1.,0.,0.));
#2795=DIRECTION('',(1.,0.,0.));
#2796=DIRECTION('',(1.,0.,0.));
#2797=DIRECTION('',(0.,0.,1.));
#2798=DIRECTION('center_axis',(1.,0.,0.));
#2799=DIRECTION('ref_axis',(0.,1.,0.));
#2800=DIRECTION('',(0.,1.,0.));
#2801=DIRECTION('',(0.,1.,0.));
#2802=DIRECTION('',(0.,0.,1.));
#2803=DIRECTION('center_axis',(0.,1.,0.));
#2804=DIRECTION('ref_axis',(-1.,0.,0.));
#2805=DIRECTION('',(-1.,0.,0.));
#2806=DIRECTION('',(-1.,0.,0.));
#2807=DIRECTION('center_axis',(0.,0.,1.));
#2808=DIRECTION('ref_axis',(-1.,0.,0.));
#2809=DIRECTION('center_axis',(0.,0.,-1.));
#2810=DIRECTION('ref_axis',(-1.,0.,0.));
#2811=DIRECTION('',(0.,0.,-1.));
#2812=DIRECTION('center_axis',(0.,0.,-1.));
#2813=DIRECTION('ref_axis',(-1.,0.,0.));
#2814=DIRECTION('center_axis',(-1.,0.,0.));
#2815=DIRECTION('ref_axis',(0.,-1.,0.));
#2816=DIRECTION('',(0.,-1.,0.));
#2817=DIRECTION('',(0.,0.,1.));
#2818=DIRECTION('',(0.,-1.,0.));
#2819=DIRECTION('',(0.,0.,1.));
#2820=DIRECTION('center_axis',(0.,-1.,0.));
#2821=DIRECTION('ref_axis',(1.,0.,0.));
#2822=DIRECTION('',(1.,0.,0.));
#2823=DIRECTION('',(1.,0.,0.));
#2824=DIRECTION('',(0.,0.,1.));
#2825=DIRECTION('center_axis',(1.,0.,0.));
#2826=DIRECTION('ref_axis',(0.,1.,0.));
#2827=DIRECTION('',(0.,1.,0.));
#2828=DIRECTION('',(0.,1.,0.));
#2829=DIRECTION('',(0.,0.,1.));
#2830=DIRECTION('center_axis',(0.,1.,0.));
#2831=DIRECTION('ref_axis',(-1.,0.,0.));
#2832=DIRECTION('',(-1.,0.,0.));
#2833=DIRECTION('',(-1.,0.,0.));
#2834=DIRECTION('center_axis',(1.,3.71569633518191E-15,0.));
#2835=DIRECTION('ref_axis',(-3.71569633518191E-15,1.,0.));
#2836=DIRECTION('',(3.71569633518191E-15,-1.,0.));
#2837=DIRECTION('',(-3.71569633518191E-15,1.,0.));
#2838=DIRECTION('',(0.,0.,1.));
#2839=DIRECTION('center_axis',(0.,0.,1.));
#2840=DIRECTION('ref_axis',(-1.,0.,0.));
#2841=DIRECTION('center_axis',(0.,0.,1.));
#2842=DIRECTION('ref_axis',(-1.,0.,0.));
#2843=DIRECTION('center_axis',(0.,0.,-1.));
#2844=DIRECTION('ref_axis',(-1.,0.,0.));
#2845=DIRECTION('',(0.,0.,1.));
#2846=DIRECTION('center_axis',(-1.,-3.71569633518191E-15,0.));
#2847=DIRECTION('ref_axis',(3.71569633518191E-15,-1.,0.));
#2848=DIRECTION('',(-3.71569633518191E-15,1.,0.));
#2849=DIRECTION('',(3.71569633518191E-15,-1.,0.));
#2850=DIRECTION('',(0.,0.,1.));
#2851=DIRECTION('center_axis',(0.,-1.,0.));
#2852=DIRECTION('ref_axis',(1.,0.,0.));
#2853=DIRECTION('',(0.,0.,1.));
#2854=DIRECTION('',(-1.,0.,0.));
#2855=DIRECTION('center_axis',(-1.,0.,0.));
#2856=DIRECTION('ref_axis',(0.,-1.,0.));
#2857=DIRECTION('',(0.,-1.,0.));
#2858=DIRECTION('center_axis',(0.,1.,0.));
#2859=DIRECTION('ref_axis',(-1.,0.,0.));
#2860=DIRECTION('',(1.,0.,0.));
#2861=DIRECTION('center_axis',(0.,0.,1.));
#2862=DIRECTION('ref_axis',(-1.,0.,0.));
#2863=DIRECTION('center_axis',(0.,0.,1.));
#2864=DIRECTION('ref_axis',(-1.,0.,0.));
#2865=CARTESIAN_POINT('',(0.,0.,0.));
#2866=CARTESIAN_POINT('Origin',(205.294467424291,-25.22,14.01));
#2867=CARTESIAN_POINT('',(205.294467424291,-24.22,26.51));
#2868=CARTESIAN_POINT('',(206.294467424291,-25.22,26.51));
#2869=CARTESIAN_POINT('Origin',(205.294467424291,-25.22,26.51));
#2870=CARTESIAN_POINT('',(206.294467424291,-25.22,6.51));
#2871=CARTESIAN_POINT('',(206.294467424291,-25.22,14.01));
#2872=CARTESIAN_POINT('',(205.294467424291,-24.22,6.51));
#2873=CARTESIAN_POINT('Origin',(205.294467424291,-25.22,6.51));
#2874=CARTESIAN_POINT('',(205.294467424291,-24.22,14.01));
#2875=CARTESIAN_POINT('Origin',(206.294467424291,-34.22,26.51));
#2876=CARTESIAN_POINT('',(206.294467424291,-34.22,26.51));
#2877=CARTESIAN_POINT('',(206.294467424291,-61.865,26.51));
#2878=CARTESIAN_POINT('',(206.294467424291,-34.22,6.51));
#2879=CARTESIAN_POINT('',(206.294467424291,-34.22,14.01));
#2880=CARTESIAN_POINT('',(206.294467424291,-34.22,6.51));
#2881=CARTESIAN_POINT('Origin',(153.475,-89.51,26.51));
#2882=CARTESIAN_POINT('',(56.34,-24.22,26.51));
#2883=CARTESIAN_POINT('',(251.61,-24.22,26.51));
#2884=CARTESIAN_POINT('',(55.34,-25.22,26.51));
#2885=CARTESIAN_POINT('Origin',(56.34,-25.22,26.51));
#2886=CARTESIAN_POINT('',(55.34,-153.8,26.51));
#2887=CARTESIAN_POINT('',(55.34,-24.22,26.51));
#2888=CARTESIAN_POINT('',(56.34,-154.8,26.51));
#2889=CARTESIAN_POINT('Origin',(56.34,-153.8,26.51));
#2890=CARTESIAN_POINT('',(250.61,-154.8,26.51));
#2891=CARTESIAN_POINT('',(55.34,-154.8,26.51));
#2892=CARTESIAN_POINT('',(251.61,-153.8,26.51));
#2893=CARTESIAN_POINT('Origin',(250.61,-153.8,26.51));
#2894=CARTESIAN_POINT('',(251.61,-24.22,26.51));
#2895=CARTESIAN_POINT('',(251.61,-154.8,26.51));
#2896=CARTESIAN_POINT('',(230.496889306234,-24.22,26.51));
#2897=CARTESIAN_POINT('',(251.61,-24.22,26.51));
#2898=CARTESIAN_POINT('',(229.496889306234,-25.22,26.51));
#2899=CARTESIAN_POINT('Origin',(230.496889306234,-25.22,26.51));
#2900=CARTESIAN_POINT('',(229.496889306234,-34.22,26.51));
#2901=CARTESIAN_POINT('',(229.496889306234,-56.865,26.51));
#2902=CARTESIAN_POINT('',(241.61,-34.22,26.51));
#2903=CARTESIAN_POINT('',(65.34,-34.22,26.51));
#2904=CARTESIAN_POINT('',(241.61,-144.8,26.51));
#2905=CARTESIAN_POINT('',(241.61,-34.22,26.51));
#2906=CARTESIAN_POINT('',(65.34,-144.8,26.51));
#2907=CARTESIAN_POINT('',(241.61,-144.8,26.51));
#2908=CARTESIAN_POINT('',(65.34,-34.22,26.51));
#2909=CARTESIAN_POINT('',(65.34,-144.8,26.51));
#2910=CARTESIAN_POINT('',(65.34,-34.22,26.51));
#2911=CARTESIAN_POINT('',(249.61,-29.22,26.51));
#2912=CARTESIAN_POINT('Origin',(246.61,-29.22,26.51));
#2913=CARTESIAN_POINT('',(63.34,-29.22,26.51));
#2914=CARTESIAN_POINT('Origin',(60.34,-29.22,26.51));
#2915=CARTESIAN_POINT('',(249.61,-149.8,26.51));
#2916=CARTESIAN_POINT('Origin',(246.61,-149.8,26.51));
#2917=CARTESIAN_POINT('',(63.34,-149.8,26.51));
#2918=CARTESIAN_POINT('Origin',(60.34,-149.8,26.51));
#2919=CARTESIAN_POINT('Origin',(230.496889306234,-25.22,14.01));
#2920=CARTESIAN_POINT('',(230.496889306234,-24.22,6.51));
#2921=CARTESIAN_POINT('',(230.496889306234,-24.22,14.01));
#2922=CARTESIAN_POINT('',(229.496889306234,-25.22,6.51));
#2923=CARTESIAN_POINT('Origin',(230.496889306234,-25.22,6.51));
#2924=CARTESIAN_POINT('',(229.496889306234,-25.22,14.01));
#2925=CARTESIAN_POINT('Origin',(229.496889306234,-24.22,26.51));
#2926=CARTESIAN_POINT('',(229.496889306234,-34.22,6.51));
#2927=CARTESIAN_POINT('',(229.496889306234,-24.22,6.51));
#2928=CARTESIAN_POINT('',(229.496889306234,-34.22,14.01));
#2929=CARTESIAN_POINT('Origin',(56.34,-25.22,0.509999999999999));
#2930=CARTESIAN_POINT('',(55.34,-25.22,0.509999999999999));
#2931=CARTESIAN_POINT('',(56.34,-25.22,-0.489999999999999));
#2932=CARTESIAN_POINT('Origin',(56.34,-25.22,0.509999999999999));
#2933=CARTESIAN_POINT('',(56.34,-24.22,0.509999999999999));
#2934=CARTESIAN_POINT('Origin',(56.34,-25.22,0.509999999999999));
#2935=CARTESIAN_POINT('Origin',(56.34,-25.22,0.509999999999999));
#2936=CARTESIAN_POINT('Origin',(56.34,-25.22,1.51));
#2937=CARTESIAN_POINT('',(56.34,-24.22,1.51));
#2938=CARTESIAN_POINT('',(55.34,-25.22,1.51));
#2939=CARTESIAN_POINT('Origin',(56.34,-153.8,0.509999999999999));
#2940=CARTESIAN_POINT('',(56.34,-154.8,0.509999999999999));
#2941=CARTESIAN_POINT('',(56.34,-153.8,-0.489999999999999));
#2942=CARTESIAN_POINT('Origin',(56.34,-153.8,0.509999999999999));
#2943=CARTESIAN_POINT('',(55.34,-153.8,0.509999999999999));
#2944=CARTESIAN_POINT('Origin',(56.34,-153.8,0.509999999999999));
#2945=CARTESIAN_POINT('Origin',(56.34,-153.8,0.509999999999999));
#2946=CARTESIAN_POINT('Origin',(56.34,-153.8,1.51));
#2947=CARTESIAN_POINT('',(55.34,-153.8,1.51));
#2948=CARTESIAN_POINT('',(56.34,-154.8,1.51));
#2949=CARTESIAN_POINT('Origin',(56.34,-56.865,0.509999999999999));
#2950=CARTESIAN_POINT('',(56.34,-56.865,-0.489999999999999));
#2951=CARTESIAN_POINT('',(55.34,-56.865,0.509999999999999));
#2952=CARTESIAN_POINT('Origin',(250.61,-153.8,0.509999999999999));
#2953=CARTESIAN_POINT('',(251.61,-153.8,0.509999999999999));
#2954=CARTESIAN_POINT('',(250.61,-153.8,-0.489999999999999));
#2955=CARTESIAN_POINT('Origin',(250.61,-153.8,0.509999999999999));
#2956=CARTESIAN_POINT('',(250.61,-154.8,0.509999999999999));
#2957=CARTESIAN_POINT('Origin',(250.61,-153.8,0.509999999999999));
#2958=CARTESIAN_POINT('Origin',(250.61,-153.8,0.509999999999999));
#2959=CARTESIAN_POINT('Origin',(250.61,-153.8,1.51));
#2960=CARTESIAN_POINT('',(250.61,-154.8,1.51));
#2961=CARTESIAN_POINT('',(251.61,-153.8,1.51));
#2962=CARTESIAN_POINT('Origin',(104.4075,-153.8,0.509999999999999));
#2963=CARTESIAN_POINT('',(104.4075,-153.8,-0.489999999999999));
#2964=CARTESIAN_POINT('',(104.4075,-154.8,0.509999999999999));
#2965=CARTESIAN_POINT('Origin',(250.61,-122.155,0.509999999999999));
#2966=CARTESIAN_POINT('',(251.61,-24.22,0.509999999999999));
#2967=CARTESIAN_POINT('',(251.61,-122.155,0.509999999999999));
#2968=CARTESIAN_POINT('',(250.61,-25.22,-0.489999999999999));
#2969=CARTESIAN_POINT('',(250.61,-122.155,-0.489999999999999));
#2970=CARTESIAN_POINT('Origin',(250.61,-25.22,0.509999999999999));
#2971=CARTESIAN_POINT('Origin',(202.5425,-25.22,0.509999999999999));
#2972=CARTESIAN_POINT('',(202.5425,-25.22,-0.489999999999999));
#2973=CARTESIAN_POINT('',(202.5425,-24.22,0.509999999999999));
#2974=CARTESIAN_POINT('Origin',(55.34,-24.22,1.51));
#2975=CARTESIAN_POINT('Origin',(55.34,-154.8,1.51));
#2976=CARTESIAN_POINT('Origin',(153.475,-89.51,-0.489999999999999));
#2977=CARTESIAN_POINT('',(63.34,-149.8,-0.490000000000004));
#2978=CARTESIAN_POINT('Origin',(60.34,-149.8,-0.489999999999999));
#2979=CARTESIAN_POINT('',(249.61,-149.8,-0.490000000000004));
#2980=CARTESIAN_POINT('Origin',(246.61,-149.8,-0.489999999999999));
#2981=CARTESIAN_POINT('',(63.34,-29.22,-0.490000000000004));
#2982=CARTESIAN_POINT('Origin',(60.34,-29.22,-0.489999999999999));
#2983=CARTESIAN_POINT('',(249.61,-29.22,-0.490000000000004));
#2984=CARTESIAN_POINT('Origin',(246.61,-29.22,-0.489999999999999));
#2985=CARTESIAN_POINT('Origin',(246.61,-29.22,26.51));
#2986=CARTESIAN_POINT('',(249.61,-29.22,26.51));
#2987=CARTESIAN_POINT('Origin',(60.34,-29.22,26.51));
#2988=CARTESIAN_POINT('',(63.34,-29.22,26.51));
#2989=CARTESIAN_POINT('Origin',(246.61,-149.8,26.51));
#2990=CARTESIAN_POINT('',(249.61,-149.8,26.51));
#2991=CARTESIAN_POINT('Origin',(60.34,-149.8,26.51));
#2992=CARTESIAN_POINT('',(63.34,-149.8,26.51));
#2993=CARTESIAN_POINT('Origin',(217.895678365263,-29.22,6.51));
#2994=CARTESIAN_POINT('',(141.617839182631,-34.22,6.51));
#2995=CARTESIAN_POINT('',(234.752839182631,-24.22,6.51));
#2996=CARTESIAN_POINT('Origin',(65.34,-34.22,1.51));
#2997=CARTESIAN_POINT('',(65.34,-34.22,1.51));
#2998=CARTESIAN_POINT('',(65.34,-34.22,1.51));
#2999=CARTESIAN_POINT('',(241.61,-34.22,1.51));
#3000=CARTESIAN_POINT('',(65.34,-34.22,1.51));
#3001=CARTESIAN_POINT('',(241.61,-34.22,1.51));
#3002=CARTESIAN_POINT('Origin',(153.475,-89.51,1.51));
#3003=CARTESIAN_POINT('',(241.61,-144.8,1.51));
#3004=CARTESIAN_POINT('',(241.61,-34.22,1.51));
#3005=CARTESIAN_POINT('',(65.34,-144.8,1.51));
#3006=CARTESIAN_POINT('',(65.34,-144.8,1.51));
#3007=CARTESIAN_POINT('',(241.61,-144.8,1.51));
#3008=CARTESIAN_POINT('Origin',(241.61,-34.22,1.51));
#3009=CARTESIAN_POINT('',(241.61,-144.8,1.51));
#3010=CARTESIAN_POINT('Origin',(65.34,-144.8,1.51));
#3011=CARTESIAN_POINT('',(65.34,-144.8,1.51));
#3012=CARTESIAN_POINT('Origin',(241.61,-144.8,1.51));
#3013=CARTESIAN_POINT('Origin',(251.61,-24.22,1.51));
#3014=CARTESIAN_POINT('',(251.61,-24.22,1.51));
#3015=CARTESIAN_POINT('Origin',(251.61,-154.8,1.51));
#3016=CARTESIAN_POINT('Origin',(411.485944653117,-33.22,1.00999999999999));
#3017=CARTESIAN_POINT('',(449.496889306234,-34.22,1.00999999999999));
#3018=CARTESIAN_POINT('',(452.665074831694,-34.22,1.00999999999999));
#3019=CARTESIAN_POINT('',(411.485944653117,-34.22,1.00999999999999));
#3020=CARTESIAN_POINT('',(452.665074831694,-33.22,2.00999999999999));
#3021=CARTESIAN_POINT('Origin',(452.665074831694,-33.22,1.00999999999999));
#3022=CARTESIAN_POINT('',(450.496889306234,-33.22,2.00999999999999));
#3023=CARTESIAN_POINT('',(411.485944653117,-33.22,2.00999999999999));
#3024=CARTESIAN_POINT('Origin',(450.496889306234,-33.22,1.00999999999999));
#3025=CARTESIAN_POINT('Origin',(450.496889306234,-25.22,1.00999999999999));
#3026=CARTESIAN_POINT('',(450.496889306234,-24.22,1.00999999999999));
#3027=CARTESIAN_POINT('',(450.496889306234,-25.22,2.00999999999999));
#3028=CARTESIAN_POINT('Origin',(450.496889306234,-25.22,1.00999999999999));
#3029=CARTESIAN_POINT('',(449.496889306234,-25.22,1.00999999999999));
#3030=CARTESIAN_POINT('Origin',(450.496889306234,-25.22,1.00999999999999));
#3031=CARTESIAN_POINT('Origin',(450.496889306234,-25.22,1.00999999999999));
#3032=CARTESIAN_POINT('Origin',(450.496889306234,-25.22,0.00999999999999446));
#3033=CARTESIAN_POINT('',(450.496889306234,-24.22,0.00999999999999446));
#3034=CARTESIAN_POINT('',(449.496889306234,-25.22,0.00999999999999446));
#3035=CARTESIAN_POINT('Origin',(450.496889306234,-25.22,0.00999999999999446));
#3036=CARTESIAN_POINT('',(449.496889306234,-25.22,0.00999999999999446));
#3037=CARTESIAN_POINT('',(450.496889306234,-24.22,0.00999999999999446));
#3038=CARTESIAN_POINT('Origin',(450.496889306234,-56.865,1.00999999999999));
#3039=CARTESIAN_POINT('',(450.496889306234,-56.865,2.00999999999999));
#3040=CARTESIAN_POINT('',(449.496889306234,-56.865,1.00999999999999));
#3041=CARTESIAN_POINT('Origin',(425.294467424291,-25.22,1.00999999999999));
#3042=CARTESIAN_POINT('',(426.294467424291,-25.22,1.00999999999999));
#3043=CARTESIAN_POINT('',(425.294467424291,-25.22,2.00999999999999));
#3044=CARTESIAN_POINT('Origin',(425.294467424291,-25.22,1.00999999999999));
#3045=CARTESIAN_POINT('',(425.294467424291,-24.22,1.00999999999999));
#3046=CARTESIAN_POINT('Origin',(425.294467424291,-25.22,1.00999999999999));
#3047=CARTESIAN_POINT('Origin',(425.294467424291,-25.22,1.00999999999999));
#3048=CARTESIAN_POINT('Origin',(425.294467424291,-25.22,0.00999999999999446));
#3049=CARTESIAN_POINT('',(426.294467424291,-25.22,0.00999999999999446));
#3050=CARTESIAN_POINT('',(425.294467424291,-24.22,0.00999999999999446));
#3051=CARTESIAN_POINT('Origin',(425.294467424291,-25.22,0.00999999999999446));
#3052=CARTESIAN_POINT('',(425.294467424291,-24.22,0.00999999999999446));
#3053=CARTESIAN_POINT('',(426.294467424291,-25.22,0.00999999999999446));
#3054=CARTESIAN_POINT('Origin',(422.5425,-25.22,1.00999999999999));
#3055=CARTESIAN_POINT('',(471.61,-24.22,1.00999999999999));
#3056=CARTESIAN_POINT('',(422.5425,-24.22,1.00999999999999));
#3057=CARTESIAN_POINT('',(470.61,-25.22,2.00999999999999));
#3058=CARTESIAN_POINT('',(422.5425,-25.22,2.00999999999999));
#3059=CARTESIAN_POINT('Origin',(470.61,-25.22,1.00999999999999));
#3060=CARTESIAN_POINT('Origin',(276.34,-25.22,1.00999999999999));
#3061=CARTESIAN_POINT('',(276.34,-24.22,1.00999999999999));
#3062=CARTESIAN_POINT('',(276.34,-25.22,2.00999999999999));
#3063=CARTESIAN_POINT('Origin',(276.34,-25.22,1.00999999999999));
#3064=CARTESIAN_POINT('',(275.34,-25.22,1.00999999999999));
#3065=CARTESIAN_POINT('Origin',(276.34,-25.22,1.00999999999999));
#3066=CARTESIAN_POINT('Origin',(276.34,-25.22,1.00999999999999));
#3067=CARTESIAN_POINT('Origin',(276.34,-25.22,0.00999999999999446));
#3068=CARTESIAN_POINT('',(276.34,-24.22,0.00999999999999446));
#3069=CARTESIAN_POINT('',(275.34,-25.22,0.00999999999999446));
#3070=CARTESIAN_POINT('Origin',(276.34,-25.22,0.00999999999999446));
#3071=CARTESIAN_POINT('',(275.34,-25.22,0.00999999999999446));
#3072=CARTESIAN_POINT('',(276.34,-24.22,0.00999999999999446));
#3073=CARTESIAN_POINT('Origin',(470.61,-153.8,1.00999999999999));
#3074=CARTESIAN_POINT('',(470.61,-154.8,1.00999999999999));
#3075=CARTESIAN_POINT('',(470.61,-153.8,2.00999999999999));
#3076=CARTESIAN_POINT('Origin',(470.61,-153.8,1.00999999999999));
#3077=CARTESIAN_POINT('',(471.61,-153.8,1.00999999999999));
#3078=CARTESIAN_POINT('Origin',(470.61,-153.8,1.00999999999999));
#3079=CARTESIAN_POINT('Origin',(470.61,-153.8,1.00999999999999));
#3080=CARTESIAN_POINT('Origin',(470.61,-153.8,0.00999999999999446));
#3081=CARTESIAN_POINT('',(470.61,-154.8,0.00999999999999446));
#3082=CARTESIAN_POINT('',(471.61,-153.8,0.00999999999999446));
#3083=CARTESIAN_POINT('Origin',(470.61,-153.8,0.00999999999999446));
#3084=CARTESIAN_POINT('',(471.61,-153.8,0.00999999999999446));
#3085=CARTESIAN_POINT('',(470.61,-154.8,0.00999999999999446));
#3086=CARTESIAN_POINT('Origin',(470.61,-122.155,1.00999999999999));
#3087=CARTESIAN_POINT('',(470.61,-122.155,2.00999999999999));
#3088=CARTESIAN_POINT('',(471.61,-122.155,1.00999999999999));
#3089=CARTESIAN_POINT('Origin',(276.34,-153.8,1.00999999999999));
#3090=CARTESIAN_POINT('',(275.34,-153.8,1.00999999999999));
#3091=CARTESIAN_POINT('',(276.34,-153.8,2.00999999999999));
#3092=CARTESIAN_POINT('Origin',(276.34,-153.8,1.00999999999999));
#3093=CARTESIAN_POINT('',(276.34,-154.8,1.00999999999999));
#3094=CARTESIAN_POINT('Origin',(276.34,-153.8,1.00999999999999));
#3095=CARTESIAN_POINT('Origin',(276.34,-153.8,1.00999999999999));
#3096=CARTESIAN_POINT('Origin',(276.34,-153.8,0.00999999999999446));
#3097=CARTESIAN_POINT('',(275.34,-153.8,0.00999999999999446));
#3098=CARTESIAN_POINT('',(276.34,-154.8,0.00999999999999446));
#3099=CARTESIAN_POINT('Origin',(276.34,-153.8,0.00999999999999446));
#3100=CARTESIAN_POINT('',(276.34,-154.8,0.00999999999999446));
#3101=CARTESIAN_POINT('',(275.34,-153.8,0.00999999999999446));
#3102=CARTESIAN_POINT('Origin',(324.4075,-153.8,1.00999999999999));
#3103=CARTESIAN_POINT('',(324.4075,-153.8,2.00999999999999));
#3104=CARTESIAN_POINT('',(324.4075,-154.8,1.00999999999999));
#3105=CARTESIAN_POINT('Origin',(276.34,-56.865,1.00999999999999));
#3106=CARTESIAN_POINT('',(276.34,-56.865,2.00999999999999));
#3107=CARTESIAN_POINT('',(275.34,-56.865,1.00999999999999));
#3108=CARTESIAN_POINT('Origin',(399.884733712146,-25.22,1.00999999999999));
#3109=CARTESIAN_POINT('',(399.884733712146,-25.22,2.00999999999999));
#3110=CARTESIAN_POINT('',(399.884733712146,-24.22,1.00999999999999));
#3111=CARTESIAN_POINT('Origin',(425.294467424291,-61.865,1.00999999999999));
#3112=CARTESIAN_POINT('',(426.294467424291,-34.22,1.00999999999999));
#3113=CARTESIAN_POINT('',(426.294467424291,-61.865,1.00999999999999));
#3114=CARTESIAN_POINT('',(425.294467424291,-33.22,2.00999999999999));
#3115=CARTESIAN_POINT('',(425.294467424291,-61.865,2.00999999999999));
#3116=CARTESIAN_POINT('Origin',(425.294467424291,-33.22,1.00999999999999));
#3117=CARTESIAN_POINT('Origin',(398.570037415847,-33.22,1.00999999999999));
#3118=CARTESIAN_POINT('',(423.665074831694,-33.22,2.00999999999999));
#3119=CARTESIAN_POINT('',(398.570037415847,-33.22,2.00999999999999));
#3120=CARTESIAN_POINT('',(423.665074831694,-34.22,1.00999999999999));
#3121=CARTESIAN_POINT('Origin',(423.665074831694,-33.22,1.00999999999999));
#3122=CARTESIAN_POINT('',(398.570037415847,-34.22,1.00999999999999));
#3123=CARTESIAN_POINT('Origin',(471.61,-154.8,0.00999999999999446));
#3124=CARTESIAN_POINT('',(471.61,-24.22,0.00999999999999446));
#3125=CARTESIAN_POINT('',(471.61,-24.22,0.00999999999999446));
#3126=CARTESIAN_POINT('',(471.61,-24.22,0.00999999999999446));
#3127=CARTESIAN_POINT('Origin',(275.34,-154.8,0.00999999999999446));
#3128=CARTESIAN_POINT('',(471.61,-154.8,0.00999999999999446));
#3129=CARTESIAN_POINT('Origin',(275.34,-24.22,0.00999999999999446));
#3130=CARTESIAN_POINT('',(275.34,-154.8,0.00999999999999446));
#3131=CARTESIAN_POINT('Origin',(426.294467424291,-24.22,0.00999999999999446));
#3132=CARTESIAN_POINT('',(275.34,-24.22,0.00999999999999446));
#3133=CARTESIAN_POINT('Origin',(426.294467424291,-34.22,0.00999999999999446));
#3134=CARTESIAN_POINT('',(426.294467424291,-34.22,0.00999999999999446));
#3135=CARTESIAN_POINT('',(426.294467424291,-34.22,0.00999999999999446));
#3136=CARTESIAN_POINT('',(426.294467424291,-34.22,0.00999999999999446));
#3137=CARTESIAN_POINT('Origin',(423.665074831694,-34.22,0.00999999999999446));
#3138=CARTESIAN_POINT('',(423.665074831694,-34.22,0.00999999999999446));
#3139=CARTESIAN_POINT('',(423.665074831694,-34.22,0.00999999999999446));
#3140=CARTESIAN_POINT('',(452.665074831694,-34.22,0.00999999999999446));
#3141=CARTESIAN_POINT('Origin',(466.61,-29.22,0.00999999999999446));
#3142=CARTESIAN_POINT('',(469.61,-29.22,2.00999999999999));
#3143=CARTESIAN_POINT('Origin',(466.61,-29.22,2.00999999999999));
#3144=CARTESIAN_POINT('',(469.61,-29.22,0.00999999999999446));
#3145=CARTESIAN_POINT('',(469.61,-29.22,0.00999999999999446));
#3146=CARTESIAN_POINT('Origin',(466.61,-29.22,0.00999999999999446));
#3147=CARTESIAN_POINT('Origin',(466.61,-149.8,0.00999999999999446));
#3148=CARTESIAN_POINT('',(469.61,-149.8,2.00999999999999));
#3149=CARTESIAN_POINT('Origin',(466.61,-149.8,2.00999999999999));
#3150=CARTESIAN_POINT('',(469.61,-149.8,0.00999999999999446));
#3151=CARTESIAN_POINT('',(469.61,-149.8,0.00999999999999446));
#3152=CARTESIAN_POINT('Origin',(466.61,-149.8,0.00999999999999446));
#3153=CARTESIAN_POINT('Origin',(280.34,-29.22,0.00999999999999446));
#3154=CARTESIAN_POINT('',(283.34,-29.22,2.00999999999999));
#3155=CARTESIAN_POINT('Origin',(280.34,-29.22,2.00999999999999));
#3156=CARTESIAN_POINT('',(283.34,-29.22,0.00999999999999446));
#3157=CARTESIAN_POINT('',(283.34,-29.22,0.00999999999999446));
#3158=CARTESIAN_POINT('Origin',(280.34,-29.22,0.00999999999999446));
#3159=CARTESIAN_POINT('Origin',(369.000002220273,-138.00000205636,0.00999999999999446));
#3160=CARTESIAN_POINT('',(369.000002220273,-138.00000205636,0.00999999999999446));
#3161=CARTESIAN_POINT('',(369.000002220273,-67.0000009983778,0.00999999999999446));
#3162=CARTESIAN_POINT('',(369.000002220273,-67.0000009983778,0.00999999999999446));
#3163=CARTESIAN_POINT('',(369.000002220273,-67.0000009983778,2.00999999999999));
#3164=CARTESIAN_POINT('',(369.000002220273,-67.0000009983778,0.00999999999999446));
#3165=CARTESIAN_POINT('',(369.000002220273,-138.00000205636,2.00999999999999));
#3166=CARTESIAN_POINT('',(369.000002220273,-67.0000009983778,2.00999999999999));
#3167=CARTESIAN_POINT('',(369.000002220273,-138.00000205636,0.00999999999999446));
#3168=CARTESIAN_POINT('Origin',(374.000002294779,-138.00000205636,0.00999999999999446));
#3169=CARTESIAN_POINT('',(379.000002369285,-138.00000205636,0.00999999999999446));
#3170=CARTESIAN_POINT('Origin',(374.000002294779,-138.00000205636,0.00999999999999446));
#3171=CARTESIAN_POINT('',(379.000002369285,-138.00000205636,2.00999999999999));
#3172=CARTESIAN_POINT('Origin',(374.000002294779,-138.00000205636,2.00999999999999));
#3173=CARTESIAN_POINT('',(379.000002369285,-138.00000205636,0.00999999999999446));
#3174=CARTESIAN_POINT('Origin',(379.000002369285,-67.0000009983778,0.00999999999999446));
#3175=CARTESIAN_POINT('',(379.000002369285,-67.0000009983778,0.00999999999999446));
#3176=CARTESIAN_POINT('',(379.000002369285,-138.00000205636,0.00999999999999446));
#3177=CARTESIAN_POINT('',(379.000002369285,-67.0000009983778,2.00999999999999));
#3178=CARTESIAN_POINT('',(379.000002369285,-138.00000205636,2.00999999999999));
#3179=CARTESIAN_POINT('',(379.000002369285,-67.0000009983778,0.00999999999999446));
#3180=CARTESIAN_POINT('Origin',(374.000002294779,-67.0000009983778,0.00999999999999446));
#3181=CARTESIAN_POINT('Origin',(374.000002294779,-67.0000009983778,0.00999999999999446));
#3182=CARTESIAN_POINT('Origin',(374.000002294779,-67.0000009983778,2.00999999999999));
#3183=CARTESIAN_POINT('Origin',(313.659946008869,-62.9807858057725,0.00999999999999446));
#3184=CARTESIAN_POINT('',(313.659946008869,-62.9807858057725,0.00999999999999446));
#3185=CARTESIAN_POINT('',(313.659946008869,-102.980785805773,0.00999999999999446));
#3186=CARTESIAN_POINT('',(313.659946008869,-62.9807858057725,0.00999999999999446));
#3187=CARTESIAN_POINT('',(313.659946008869,-102.980785805773,2.00999999999999));
#3188=CARTESIAN_POINT('',(313.659946008869,-102.980785805773,0.00999999999999446));
#3189=CARTESIAN_POINT('',(313.659946008869,-62.9807858057725,2.00999999999999));
#3190=CARTESIAN_POINT('',(313.659946008869,-62.9807858057725,2.00999999999999));
#3191=CARTESIAN_POINT('',(313.659946008869,-62.9807858057725,0.00999999999999446));
#3192=CARTESIAN_POINT('Origin',(300.659946008869,-62.9807858057725,0.00999999999999446));
#3193=CARTESIAN_POINT('',(300.659946008869,-62.9807858057725,0.00999999999999446));
#3194=CARTESIAN_POINT('',(300.659946008869,-62.9807858057725,0.00999999999999446));
#3195=CARTESIAN_POINT('',(300.659946008869,-62.9807858057725,2.00999999999999));
#3196=CARTESIAN_POINT('',(300.659946008869,-62.9807858057725,2.00999999999999));
#3197=CARTESIAN_POINT('',(300.659946008869,-62.9807858057725,0.00999999999999446));
#3198=CARTESIAN_POINT('Origin',(300.659946008869,-102.980785805773,0.00999999999999446));
#3199=CARTESIAN_POINT('',(300.659946008869,-102.980785805773,0.00999999999999446));
#3200=CARTESIAN_POINT('',(300.659946008869,-102.980785805773,0.00999999999999446));
#3201=CARTESIAN_POINT('',(300.659946008869,-102.980785805773,2.00999999999999));
#3202=CARTESIAN_POINT('',(300.659946008869,-102.980785805773,2.00999999999999));
#3203=CARTESIAN_POINT('',(300.659946008869,-102.980785805773,0.00999999999999446));
#3204=CARTESIAN_POINT('Origin',(313.659946008869,-102.980785805773,0.00999999999999446));
#3205=CARTESIAN_POINT('',(313.659946008869,-102.980785805773,0.00999999999999446));
#3206=CARTESIAN_POINT('',(313.659946008869,-102.980785805773,2.00999999999999));
#3207=CARTESIAN_POINT('Origin',(340.800001613796,-63.0000009387732,0.00999999999999446));
#3208=CARTESIAN_POINT('',(340.800001613796,-63.0000009387732,0.00999999999999446));
#3209=CARTESIAN_POINT('',(340.800001613796,-103.000000938773,0.00999999999999446));
#3210=CARTESIAN_POINT('',(340.800001613796,-63.0000009387732,0.00999999999999446));
#3211=CARTESIAN_POINT('',(340.800001613796,-103.000000938773,2.00999999999999));
#3212=CARTESIAN_POINT('',(340.800001613796,-103.000000938773,0.00999999999999446));
#3213=CARTESIAN_POINT('',(340.800001613796,-63.0000009387732,2.00999999999999));
#3214=CARTESIAN_POINT('',(340.800001613796,-63.0000009387732,2.00999999999999));
#3215=CARTESIAN_POINT('',(340.800001613796,-63.0000009387732,0.00999999999999446));
#3216=CARTESIAN_POINT('Origin',(327.800001613796,-63.0000009387732,0.00999999999999446));
#3217=CARTESIAN_POINT('',(327.800001613796,-63.0000009387732,0.00999999999999446));
#3218=CARTESIAN_POINT('',(327.800001613796,-63.0000009387732,0.00999999999999446));
#3219=CARTESIAN_POINT('',(327.800001613796,-63.0000009387732,2.00999999999999));
#3220=CARTESIAN_POINT('',(327.800001613796,-63.0000009387732,2.00999999999999));
#3221=CARTESIAN_POINT('',(327.800001613796,-63.0000009387732,0.00999999999999446));
#3222=CARTESIAN_POINT('Origin',(327.800001613796,-103.000000938773,0.00999999999999446));
#3223=CARTESIAN_POINT('',(327.800001613796,-103.000000938773,0.00999999999999446));
#3224=CARTESIAN_POINT('',(327.800001613796,-103.000000938773,0.00999999999999446));
#3225=CARTESIAN_POINT('',(327.800001613796,-103.000000938773,2.00999999999999));
#3226=CARTESIAN_POINT('',(327.800001613796,-103.000000938773,2.00999999999999));
#3227=CARTESIAN_POINT('',(327.800001613796,-103.000000938773,0.00999999999999446));
#3228=CARTESIAN_POINT('Origin',(340.800001613796,-103.000000938773,0.00999999999999446));
#3229=CARTESIAN_POINT('',(340.800001613796,-103.000000938773,0.00999999999999446));
#3230=CARTESIAN_POINT('',(340.800001613796,-103.000000938773,2.00999999999999));
#3231=CARTESIAN_POINT('Origin',(367.52899599064,-63.0357755572804,0.00999999999999446));
#3232=CARTESIAN_POINT('',(367.52899599064,-63.0357755572804,0.00999999999999446));
#3233=CARTESIAN_POINT('',(367.52899599064,-103.03577555728,0.00999999999999446));
#3234=CARTESIAN_POINT('',(367.52899599064,-63.0357755572804,0.00999999999999446));
#3235=CARTESIAN_POINT('',(367.52899599064,-103.03577555728,2.00999999999999));
#3236=CARTESIAN_POINT('',(367.52899599064,-103.03577555728,0.00999999999999446));
#3237=CARTESIAN_POINT('',(367.52899599064,-63.0357755572804,2.00999999999999));
#3238=CARTESIAN_POINT('',(367.52899599064,-63.0357755572804,2.00999999999999));
#3239=CARTESIAN_POINT('',(367.52899599064,-63.0357755572804,0.00999999999999446));
#3240=CARTESIAN_POINT('Origin',(354.52899599064,-63.0357755572804,0.00999999999999446));
#3241=CARTESIAN_POINT('',(354.52899599064,-63.0357755572804,0.00999999999999446));
#3242=CARTESIAN_POINT('',(354.52899599064,-63.0357755572804,0.00999999999999446));
#3243=CARTESIAN_POINT('',(354.52899599064,-63.0357755572804,2.00999999999999));
#3244=CARTESIAN_POINT('',(354.52899599064,-63.0357755572804,2.00999999999999));
#3245=CARTESIAN_POINT('',(354.52899599064,-63.0357755572804,0.00999999999999446));
#3246=CARTESIAN_POINT('Origin',(354.52899599064,-103.03577555728,0.00999999999999446));
#3247=CARTESIAN_POINT('',(354.52899599064,-103.03577555728,0.00999999999999446));
#3248=CARTESIAN_POINT('',(354.52899599064,-103.03577555728,0.00999999999999446));
#3249=CARTESIAN_POINT('',(354.52899599064,-103.03577555728,2.00999999999999));
#3250=CARTESIAN_POINT('',(354.52899599064,-103.03577555728,2.00999999999999));
#3251=CARTESIAN_POINT('',(354.52899599064,-103.03577555728,0.00999999999999446));
#3252=CARTESIAN_POINT('Origin',(367.52899599064,-103.03577555728,0.00999999999999446));
#3253=CARTESIAN_POINT('',(367.52899599064,-103.03577555728,0.00999999999999446));
#3254=CARTESIAN_POINT('',(367.52899599064,-103.03577555728,2.00999999999999));
#3255=CARTESIAN_POINT('Origin',(396.000002622604,-138.00000205636,0.00999999999999446));
#3256=CARTESIAN_POINT('',(396.000002622604,-138.00000205636,0.00999999999999446));
#3257=CARTESIAN_POINT('',(396.000002622604,-67.0000009983778,0.00999999999999446));
#3258=CARTESIAN_POINT('',(396.000002622604,-67.0000009983778,0.00999999999999446));
#3259=CARTESIAN_POINT('',(396.000002622604,-67.0000009983778,2.00999999999999));
#3260=CARTESIAN_POINT('',(396.000002622604,-67.0000009983778,0.00999999999999446));
#3261=CARTESIAN_POINT('',(396.000002622604,-138.00000205636,2.00999999999999));
#3262=CARTESIAN_POINT('',(396.000002622604,-67.0000009983778,2.00999999999999));
#3263=CARTESIAN_POINT('',(396.000002622604,-138.00000205636,0.00999999999999446));
#3264=CARTESIAN_POINT('Origin',(401.00000269711,-138.00000205636,0.00999999999999446));
#3265=CARTESIAN_POINT('',(406.000002771616,-138.00000205636,0.00999999999999446));
#3266=CARTESIAN_POINT('Origin',(401.00000269711,-138.00000205636,0.00999999999999446));
#3267=CARTESIAN_POINT('',(406.000002771616,-138.00000205636,2.00999999999999));
#3268=CARTESIAN_POINT('Origin',(401.00000269711,-138.00000205636,2.00999999999999));
#3269=CARTESIAN_POINT('',(406.000002771616,-138.00000205636,0.00999999999999446));
#3270=CARTESIAN_POINT('Origin',(406.000002771616,-67.0000009983778,0.00999999999999446));
#3271=CARTESIAN_POINT('',(406.000002771616,-67.0000009983778,0.00999999999999446));
#3272=CARTESIAN_POINT('',(406.000002771616,-138.00000205636,0.00999999999999446));
#3273=CARTESIAN_POINT('',(406.000002771616,-67.0000009983778,2.00999999999999));
#3274=CARTESIAN_POINT('',(406.000002771616,-138.00000205636,2.00999999999999));
#3275=CARTESIAN_POINT('',(406.000002771616,-67.0000009983778,0.00999999999999446));
#3276=CARTESIAN_POINT('Origin',(401.00000269711,-67.0000009983778,0.00999999999999446));
#3277=CARTESIAN_POINT('Origin',(401.00000269711,-67.0000009983778,0.00999999999999446));
#3278=CARTESIAN_POINT('Origin',(401.00000269711,-67.0000009983778,2.00999999999999));
#3279=CARTESIAN_POINT('Origin',(298.000001162291,-66.0000009834766,0.00999999999999446));
#3280=CARTESIAN_POINT('',(298.000001162291,-66.0000009834766,0.00999999999999446));
#3281=CARTESIAN_POINT('',(298.000001162291,-138.00000205636,0.00999999999999446));
#3282=CARTESIAN_POINT('',(298.000001162291,-138.00000205636,0.00999999999999446));
#3283=CARTESIAN_POINT('',(298.000001162291,-138.00000205636,2.00999999999999));
#3284=CARTESIAN_POINT('',(298.000001162291,-138.00000205636,0.00999999999999446));
#3285=CARTESIAN_POINT('',(298.000001162291,-66.0000009834766,2.00999999999999));
#3286=CARTESIAN_POINT('',(298.000001162291,-138.00000205636,2.00999999999999));
#3287=CARTESIAN_POINT('',(298.000001162291,-66.0000009834766,0.00999999999999446));
#3288=CARTESIAN_POINT('Origin',(293.000001087785,-66.0000009834766,0.00999999999999446));
#3289=CARTESIAN_POINT('',(288.000001013279,-66.0000009834766,0.00999999999999446));
#3290=CARTESIAN_POINT('Origin',(293.000001087785,-66.0000009834766,0.00999999999999446));
#3291=CARTESIAN_POINT('',(288.000001013279,-66.0000009834766,2.00999999999999));
#3292=CARTESIAN_POINT('Origin',(293.000001087785,-66.0000009834766,2.00999999999999));
#3293=CARTESIAN_POINT('',(288.000001013279,-66.0000009834766,0.00999999999999446));
#3294=CARTESIAN_POINT('Origin',(288.000001013279,-138.00000205636,0.00999999999999446));
#3295=CARTESIAN_POINT('',(288.000001013279,-138.00000205636,0.00999999999999446));
#3296=CARTESIAN_POINT('',(288.000001013279,-66.0000009834766,0.00999999999999446));
#3297=CARTESIAN_POINT('',(288.000001013279,-138.00000205636,2.00999999999999));
#3298=CARTESIAN_POINT('',(288.000001013279,-66.0000009834766,2.00999999999999));
#3299=CARTESIAN_POINT('',(288.000001013279,-138.00000205636,0.00999999999999446));
#3300=CARTESIAN_POINT('Origin',(293.000001087785,-138.00000205636,0.00999999999999446));
#3301=CARTESIAN_POINT('Origin',(293.000001087785,-138.00000205636,0.00999999999999446));
#3302=CARTESIAN_POINT('Origin',(293.000001087785,-138.00000205636,2.00999999999999));
#3303=CARTESIAN_POINT('Origin',(315.00000141561,-138.00000205636,0.00999999999999446));
#3304=CARTESIAN_POINT('',(315.00000141561,-138.00000205636,0.00999999999999446));
#3305=CARTESIAN_POINT('',(315.00000141561,-67.0000009983778,0.00999999999999446));
#3306=CARTESIAN_POINT('',(315.00000141561,-67.0000009983778,0.00999999999999446));
#3307=CARTESIAN_POINT('',(315.00000141561,-67.0000009983778,2.00999999999999));
#3308=CARTESIAN_POINT('',(315.00000141561,-67.0000009983778,0.00999999999999446));
#3309=CARTESIAN_POINT('',(315.00000141561,-138.00000205636,2.00999999999999));
#3310=CARTESIAN_POINT('',(315.00000141561,-67.0000009983778,2.00999999999999));
#3311=CARTESIAN_POINT('',(315.00000141561,-138.00000205636,0.00999999999999446));
#3312=CARTESIAN_POINT('Origin',(320.000001490116,-138.00000205636,0.00999999999999446));
#3313=CARTESIAN_POINT('',(325.000001564622,-138.00000205636,0.00999999999999446));
#3314=CARTESIAN_POINT('Origin',(320.000001490116,-138.00000205636,0.00999999999999446));
#3315=CARTESIAN_POINT('',(325.000001564622,-138.00000205636,2.00999999999999));
#3316=CARTESIAN_POINT('Origin',(320.000001490116,-138.00000205636,2.00999999999999));
#3317=CARTESIAN_POINT('',(325.000001564622,-138.00000205636,0.00999999999999446));
#3318=CARTESIAN_POINT('Origin',(325.000001564622,-67.0000009983778,0.00999999999999446));
#3319=CARTESIAN_POINT('',(325.000001564622,-67.0000009983778,0.00999999999999446));
#3320=CARTESIAN_POINT('',(325.000001564622,-138.00000205636,0.00999999999999446));
#3321=CARTESIAN_POINT('',(325.000001564622,-67.0000009983778,2.00999999999999));
#3322=CARTESIAN_POINT('',(325.000001564622,-138.00000205636,2.00999999999999));
#3323=CARTESIAN_POINT('',(325.000001564622,-67.0000009983778,0.00999999999999446));
#3324=CARTESIAN_POINT('Origin',(320.000001490116,-67.0000009983778,0.00999999999999446));
#3325=CARTESIAN_POINT('Origin',(320.000001490116,-67.0000009983778,0.00999999999999446));
#3326=CARTESIAN_POINT('Origin',(320.000001490116,-67.0000009983778,2.00999999999999));
#3327=CARTESIAN_POINT('Origin',(352.85,-44.8999999999997,0.00999999999999446));
#3328=CARTESIAN_POINT('',(362.85,-44.8999999999997,2.00999999999999));
#3329=CARTESIAN_POINT('Origin',(352.85,-44.8999999999997,2.00999999999999));
#3330=CARTESIAN_POINT('',(362.85,-44.8999999999997,0.00999999999999446));
#3331=CARTESIAN_POINT('',(362.85,-44.8999999999997,0.00999999999999446));
#3332=CARTESIAN_POINT('Origin',(352.85,-44.8999999999997,0.00999999999999446));
#3333=CARTESIAN_POINT('Origin',(342.000001817942,-138.00000205636,0.00999999999999446));
#3334=CARTESIAN_POINT('',(342.000001817942,-138.00000205636,0.00999999999999446));
#3335=CARTESIAN_POINT('',(342.000001817942,-67.0000009983778,0.00999999999999446));
#3336=CARTESIAN_POINT('',(342.000001817942,-67.0000009983778,0.00999999999999446));
#3337=CARTESIAN_POINT('',(342.000001817942,-67.0000009983778,2.00999999999999));
#3338=CARTESIAN_POINT('',(342.000001817942,-67.0000009983778,0.00999999999999446));
#3339=CARTESIAN_POINT('',(342.000001817942,-138.00000205636,2.00999999999999));
#3340=CARTESIAN_POINT('',(342.000001817942,-67.0000009983778,2.00999999999999));
#3341=CARTESIAN_POINT('',(342.000001817942,-138.00000205636,0.00999999999999446));
#3342=CARTESIAN_POINT('Origin',(347.000001892447,-138.00000205636,0.00999999999999446));
#3343=CARTESIAN_POINT('',(352.000001966953,-138.00000205636,0.00999999999999446));
#3344=CARTESIAN_POINT('Origin',(347.000001892447,-138.00000205636,0.00999999999999446));
#3345=CARTESIAN_POINT('',(352.000001966953,-138.00000205636,2.00999999999999));
#3346=CARTESIAN_POINT('Origin',(347.000001892447,-138.00000205636,2.00999999999999));
#3347=CARTESIAN_POINT('',(352.000001966953,-138.00000205636,0.00999999999999446));
#3348=CARTESIAN_POINT('Origin',(352.000001966953,-67.0000009983778,0.00999999999999446));
#3349=CARTESIAN_POINT('',(352.000001966953,-67.0000009983778,0.00999999999999446));
#3350=CARTESIAN_POINT('',(352.000001966953,-138.00000205636,0.00999999999999446));
#3351=CARTESIAN_POINT('',(352.000001966953,-67.0000009983778,2.00999999999999));
#3352=CARTESIAN_POINT('',(352.000001966953,-138.00000205636,2.00999999999999));
#3353=CARTESIAN_POINT('',(352.000001966953,-67.0000009983778,0.00999999999999446));
#3354=CARTESIAN_POINT('Origin',(347.000001892447,-67.0000009983778,0.00999999999999446));
#3355=CARTESIAN_POINT('Origin',(347.000001892447,-67.0000009983778,0.00999999999999446));
#3356=CARTESIAN_POINT('Origin',(347.000001892447,-67.0000009983778,2.00999999999999));
#3357=CARTESIAN_POINT('Origin',(377.35,-44.9000000000007,0.00999999999999446));
#3358=CARTESIAN_POINT('',(387.35,-44.9000000000007,2.00999999999999));
#3359=CARTESIAN_POINT('Origin',(377.35,-44.9000000000007,2.00999999999999));
#3360=CARTESIAN_POINT('',(387.35,-44.9000000000007,0.00999999999999446));
#3361=CARTESIAN_POINT('',(387.35,-44.9000000000007,0.00999999999999446));
#3362=CARTESIAN_POINT('Origin',(377.35,-44.9000000000007,0.00999999999999446));
#3363=CARTESIAN_POINT('Origin',(422.000002816319,-63.0000009387732,0.00999999999999446));
#3364=CARTESIAN_POINT('',(422.000002816319,-63.0000009387732,0.00999999999999446));
#3365=CARTESIAN_POINT('',(422.000002816319,-103.000000938773,0.00999999999999446));
#3366=CARTESIAN_POINT('',(422.000002816319,-63.0000009387732,0.00999999999999446));
#3367=CARTESIAN_POINT('',(422.000002816319,-103.000000938773,2.00999999999999));
#3368=CARTESIAN_POINT('',(422.000002816319,-103.000000938773,0.00999999999999446));
#3369=CARTESIAN_POINT('',(422.000002816319,-63.0000009387732,2.00999999999999));
#3370=CARTESIAN_POINT('',(422.000002816319,-63.0000009387732,2.00999999999999));
#3371=CARTESIAN_POINT('',(422.000002816319,-63.0000009387732,0.00999999999999446));
#3372=CARTESIAN_POINT('Origin',(409.000002816319,-63.0000009387732,0.00999999999999446));
#3373=CARTESIAN_POINT('',(409.000002816319,-63.0000009387732,0.00999999999999446));
#3374=CARTESIAN_POINT('',(409.000002816319,-63.0000009387732,0.00999999999999446));
#3375=CARTESIAN_POINT('',(409.000002816319,-63.0000009387732,2.00999999999999));
#3376=CARTESIAN_POINT('',(409.000002816319,-63.0000009387732,2.00999999999999));
#3377=CARTESIAN_POINT('',(409.000002816319,-63.0000009387732,0.00999999999999446));
#3378=CARTESIAN_POINT('Origin',(409.000002816319,-103.000000938773,0.00999999999999446));
#3379=CARTESIAN_POINT('',(409.000002816319,-103.000000938773,0.00999999999999446));
#3380=CARTESIAN_POINT('',(409.000002816319,-103.000000938773,0.00999999999999446));
#3381=CARTESIAN_POINT('',(409.000002816319,-103.000000938773,2.00999999999999));
#3382=CARTESIAN_POINT('',(409.000002816319,-103.000000938773,2.00999999999999));
#3383=CARTESIAN_POINT('',(409.000002816319,-103.000000938773,0.00999999999999446));
#3384=CARTESIAN_POINT('Origin',(422.000002816319,-103.000000938773,0.00999999999999446));
#3385=CARTESIAN_POINT('',(422.000002816319,-103.000000938773,0.00999999999999446));
#3386=CARTESIAN_POINT('',(422.000002816319,-103.000000938773,2.00999999999999));
#3387=CARTESIAN_POINT('Origin',(280.34,-149.8,0.00999999999999446));
#3388=CARTESIAN_POINT('',(283.34,-149.8,2.00999999999999));
#3389=CARTESIAN_POINT('Origin',(280.34,-149.8,2.00999999999999));
#3390=CARTESIAN_POINT('',(283.34,-149.8,0.00999999999999446));
#3391=CARTESIAN_POINT('',(283.34,-149.8,0.00999999999999446));
#3392=CARTESIAN_POINT('Origin',(280.34,-149.8,0.00999999999999446));
#3393=CARTESIAN_POINT('Origin',(395.000002413988,-63.0000009387732,0.00999999999999446));
#3394=CARTESIAN_POINT('',(395.000002413988,-63.0000009387732,0.00999999999999446));
#3395=CARTESIAN_POINT('',(395.000002413988,-103.000000938773,0.00999999999999446));
#3396=CARTESIAN_POINT('',(395.000002413988,-63.0000009387732,0.00999999999999446));
#3397=CARTESIAN_POINT('',(395.000002413988,-103.000000938773,2.00999999999999));
#3398=CARTESIAN_POINT('',(395.000002413988,-103.000000938773,0.00999999999999446));
#3399=CARTESIAN_POINT('',(395.000002413988,-63.0000009387732,2.00999999999999));
#3400=CARTESIAN_POINT('',(395.000002413988,-63.0000009387732,2.00999999999999));
#3401=CARTESIAN_POINT('',(395.000002413988,-63.0000009387732,0.00999999999999446));
#3402=CARTESIAN_POINT('Origin',(382.000002413988,-63.0000009387732,0.00999999999999446));
#3403=CARTESIAN_POINT('',(382.000002413988,-63.0000009387732,0.00999999999999446));
#3404=CARTESIAN_POINT('',(382.000002413988,-63.0000009387732,0.00999999999999446));
#3405=CARTESIAN_POINT('',(382.000002413988,-63.0000009387732,2.00999999999999));
#3406=CARTESIAN_POINT('',(382.000002413988,-63.0000009387732,2.00999999999999));
#3407=CARTESIAN_POINT('',(382.000002413988,-63.0000009387732,0.00999999999999446));
#3408=CARTESIAN_POINT('Origin',(382.000002413988,-103.000000938773,0.00999999999999446));
#3409=CARTESIAN_POINT('',(382.000002413988,-103.000000938773,0.00999999999999446));
#3410=CARTESIAN_POINT('',(382.000002413988,-103.000000938773,0.00999999999999446));
#3411=CARTESIAN_POINT('',(382.000002413988,-103.000000938773,2.00999999999999));
#3412=CARTESIAN_POINT('',(382.000002413988,-103.000000938773,2.00999999999999));
#3413=CARTESIAN_POINT('',(382.000002413988,-103.000000938773,0.00999999999999446));
#3414=CARTESIAN_POINT('Origin',(395.000002413988,-103.000000938773,0.00999999999999446));
#3415=CARTESIAN_POINT('',(395.000002413988,-103.000000938773,0.00999999999999446));
#3416=CARTESIAN_POINT('',(395.000002413988,-103.000000938773,2.00999999999999));
#3417=CARTESIAN_POINT('Origin',(423.665074831694,-90.0330605872548,0.00999999999999446));
#3418=CARTESIAN_POINT('',(423.665074831694,-90.0330605872548,0.00999999999999446));
#3419=CARTESIAN_POINT('',(423.665074831694,-32.6648578335187,0.00999999999999446));
#3420=CARTESIAN_POINT('',(423.665074831694,-90.0330605872548,2.00999999999999));
#3421=CARTESIAN_POINT('',(423.665074831694,-32.6648578335187,2.00999999999999));
#3422=CARTESIAN_POINT('',(423.665074831694,-90.0330605872548,0.00999999999999446));
#3423=CARTESIAN_POINT('Origin',(438.165074831694,-90.0330605872548,0.00999999999999446));
#3424=CARTESIAN_POINT('',(452.665074831694,-90.0330605872548,0.00999999999999446));
#3425=CARTESIAN_POINT('Origin',(438.165074831694,-90.0330605872548,0.00999999999999446));
#3426=CARTESIAN_POINT('',(452.665074831694,-90.0330605872548,2.00999999999999));
#3427=CARTESIAN_POINT('Origin',(438.165074831694,-90.0330605872548,2.00999999999999));
#3428=CARTESIAN_POINT('',(452.665074831694,-90.0330605872548,0.00999999999999446));
#3429=CARTESIAN_POINT('Origin',(452.665074831694,-34.22,0.00999999999999446));
#3430=CARTESIAN_POINT('',(452.665074831694,-34.22,0.00999999999999446));
#3431=CARTESIAN_POINT('',(452.665074831694,-90.0330605872548,0.00999999999999446));
#3432=CARTESIAN_POINT('',(452.665074831694,-90.0330605872548,2.00999999999999));
#3433=CARTESIAN_POINT('',(452.665074831694,-34.22,0.00999999999999446));
#3434=CARTESIAN_POINT('Origin',(449.496889306234,-34.22,0.00999999999999446));
#3435=CARTESIAN_POINT('',(449.496889306234,-34.22,0.00999999999999446));
#3436=CARTESIAN_POINT('',(449.496889306234,-34.22,0.00999999999999446));
#3437=CARTESIAN_POINT('',(452.665074831694,-34.22,0.00999999999999446));
#3438=CARTESIAN_POINT('Origin',(449.496889306234,-24.22,0.00999999999999446));
#3439=CARTESIAN_POINT('',(449.496889306234,-24.22,0.00999999999999446));
#3440=CARTESIAN_POINT('Origin',(471.61,-24.22,0.00999999999999446));
#3441=CARTESIAN_POINT('',(275.34,-24.22,0.00999999999999446));
#3442=CARTESIAN_POINT('Origin',(373.475,-89.51,2.00999999999999));
#3443=CARTESIAN_POINT('Origin',(373.475,-89.51,0.00999999999999446));
#3444=UNCERTAINTY_MEASURE_WITH_UNIT(LENGTH_MEASURE(0.01),#3448,
'DISTANCE_ACCURACY_VALUE',
'Maximum model space distance between geometric entities at asserted c
onnectivities');
#3445=UNCERTAINTY_MEASURE_WITH_UNIT(LENGTH_MEASURE(0.01),#3448,
'DISTANCE_ACCURACY_VALUE',
'Maximum model space distance between geometric entities at asserted c
onnectivities');
#3446=(
GEOMETRIC_REPRESENTATION_CONTEXT(3)
GLOBAL_UNCERTAINTY_ASSIGNED_CONTEXT((#3444))
GLOBAL_UNIT_ASSIGNED_CONTEXT((#3448,#3450,#3451))
REPRESENTATION_CONTEXT('','3D')
);
#3447=(
GEOMETRIC_REPRESENTATION_CONTEXT(3)
GLOBAL_UNCERTAINTY_ASSIGNED_CONTEXT((#3445))
GLOBAL_UNIT_ASSIGNED_CONTEXT((#3448,#3450,#3451))
REPRESENTATION_CONTEXT('','3D')
);
#3448=(
LENGTH_UNIT()
NAMED_UNIT(*)
SI_UNIT(.MILLI.,.METRE.)
);
#3449=(
LENGTH_UNIT()
NAMED_UNIT(*)
SI_UNIT($,.METRE.)
);
#3450=(
NAMED_UNIT(*)
PLANE_ANGLE_UNIT()
SI_UNIT($,.RADIAN.)
);
#3451=(
NAMED_UNIT(*)
SI_UNIT($,.STERADIAN.)
SOLID_ANGLE_UNIT()
);
#3452=SHAPE_DEFINITION_REPRESENTATION(#3453,#3454);
#3453=PRODUCT_DEFINITION_SHAPE('',$,#3456);
#3454=SHAPE_REPRESENTATION('',(#2080),#3446);
#3455=PRODUCT_DEFINITION_CONTEXT('part definition',#3460,'design');
#3456=PRODUCT_DEFINITION('Custom-Mixer-ESP32 1',
'Custom-Mixer-ESP32 box',#3457,#3455);
#3457=PRODUCT_DEFINITION_FORMATION('',$,#3462);
#3458=PRODUCT_RELATED_PRODUCT_CATEGORY('Custom-Mixer-ESP32 box',
'Custom-Mixer-ESP32 box',(#3462));
#3459=APPLICATION_PROTOCOL_DEFINITION('international standard',
'automotive_design',2009,#3460);
#3460=APPLICATION_CONTEXT(
'Core Data for Automotive Mechanical Design Process');
#3461=PRODUCT_CONTEXT('part definition',#3460,'mechanical');
#3462=PRODUCT('Custom-Mixer-ESP32 1','Custom-Mixer-ESP32 box',
'KiCad electronic assembly',(#3461));
#3463=PRESENTATION_STYLE_ASSIGNMENT((#3464));
#3464=SURFACE_STYLE_USAGE(.BOTH.,#3465);
#3465=SURFACE_SIDE_STYLE('',(#3466));
#3466=SURFACE_STYLE_FILL_AREA(#3467);
#3467=FILL_AREA_STYLE('Steel - Satin',(#3468));
#3468=FILL_AREA_STYLE_COLOUR('Steel - Satin',#3469);
#3469=COLOUR_RGB('Steel - Satin',0.627450980392157,0.627450980392157,0.627450980392157);
ENDSEC;
END-ISO-10303-21;
