ISO-10303-21;
HEADER;
/* Generated by software containing ST-Developer
 * from STEP Tools, Inc. (www.steptools.com) 
 */

FILE_DESCRIPTION(
/* description */ (''),
/* implementation_level */ '2;1');

FILE_NAME(
/* name */ 'Enclosure.step',
/* time_stamp */ '2026-02-14T23:35:21Z',
/* author */ (''),
/* organization */ (''),
/* preprocessor_version */ 'ST-DEVELOPER v20.1',
/* originating_system */ 'Autodesk Translation Framework v14.24.0.0',
/* authorisation */ '');

FILE_SCHEMA (('AUTOMOTIVE_DESIGN { 1 0 10303 214 3 1 1 }'));
ENDSEC;

DATA;
#10=MECHANICAL_DESIGN_GEOMETRIC_PRESENTATION_REPRESENTATION('',(#25,#26,
#27),#4493);
#11=ITEM_DEFINED_TRANSFORMATION($,$,#2636,#2882);
#12=(
REPRESENTATION_RELATIONSHIP($,$,#4504,#4503)
REPRESENTATION_RELATIONSHIP_WITH_TRANSFORMATION(#11)
SHAPE_REPRESENTATION_RELATIONSHIP()
);
#13=CONTEXT_DEPENDENT_SHAPE_REPRESENTATION(#12,#4502);
#14=NEXT_ASSEMBLY_USAGE_OCCURRENCE('Top:1','Top:1','Top:1',#4506,#4507,
'Top:1');
#15=SPHERICAL_SURFACE('',#2876,3.);
#16=SPHERICAL_SURFACE('',#2877,3.);
#17=ELLIPSE('',#2867,4.24264068711929,3.);
#18=ELLIPSE('',#2873,4.24264068711929,3.);
#19=ELLIPSE('',#2875,4.24264068711929,3.);
#20=ELLIPSE('',#2879,4.24264068711929,3.);
#21=SHAPE_REPRESENTATION_RELATIONSHIP('SRR','None',#4504,#23);
#22=SHAPE_REPRESENTATION_RELATIONSHIP('SRR','None',#4503,#24);
#23=ADVANCED_BREP_SHAPE_REPRESENTATION('',(#28),#4492);
#24=ADVANCED_BREP_SHAPE_REPRESENTATION('',(#29,#30),#4491);
#25=STYLED_ITEM('',(#4517),#28);
#26=STYLED_ITEM('',(#4517),#29);
#27=STYLED_ITEM('',(#4517),#30);
#28=MANIFOLD_SOLID_BREP('Body1',#2620);
#29=MANIFOLD_SOLID_BREP('Body1',#2621);
#30=MANIFOLD_SOLID_BREP('Body2',#2622);
#31=FACE_BOUND('',#272,.T.);
#32=FACE_BOUND('',#274,.T.);
#33=FACE_BOUND('',#275,.T.);
#34=FACE_BOUND('',#276,.T.);
#35=FACE_BOUND('',#277,.T.);
#36=FACE_BOUND('',#278,.T.);
#37=FACE_BOUND('',#279,.T.);
#38=FACE_BOUND('',#280,.T.);
#39=FACE_BOUND('',#281,.T.);
#40=FACE_BOUND('',#282,.T.);
#41=FACE_BOUND('',#284,.T.);
#42=FACE_BOUND('',#329,.T.);
#43=FACE_BOUND('',#330,.T.);
#44=FACE_BOUND('',#331,.T.);
#45=FACE_BOUND('',#332,.T.);
#46=FACE_BOUND('',#333,.T.);
#47=FACE_BOUND('',#334,.T.);
#48=FACE_BOUND('',#335,.T.);
#49=FACE_BOUND('',#336,.T.);
#50=FACE_BOUND('',#337,.T.);
#51=FACE_BOUND('',#344,.T.);
#52=FACE_BOUND('',#351,.T.);
#53=FACE_BOUND('',#365,.T.);
#54=FACE_BOUND('',#366,.T.);
#55=FACE_BOUND('',#390,.T.);
#56=FACE_BOUND('',#391,.T.);
#57=FACE_BOUND('',#392,.T.);
#58=FACE_BOUND('',#414,.T.);
#59=FACE_BOUND('',#418,.T.);
#60=FACE_BOUND('',#423,.T.);
#61=CYLINDRICAL_SURFACE('',#2647,3.99999999999999);
#62=CYLINDRICAL_SURFACE('',#2676,3.99999999999999);
#63=CYLINDRICAL_SURFACE('',#2680,6.99999999999999);
#64=CYLINDRICAL_SURFACE('',#2683,5.50000000000001);
#65=CYLINDRICAL_SURFACE('',#2686,5.50000000000001);
#66=CYLINDRICAL_SURFACE('',#2689,5.50000000000001);
#67=CYLINDRICAL_SURFACE('',#2692,5.50000000000001);
#68=CYLINDRICAL_SURFACE('',#2698,6.99999999999999);
#69=CYLINDRICAL_SURFACE('',#2701,5.50000000000001);
#70=CYLINDRICAL_SURFACE('',#2704,5.50000000000001);
#71=CYLINDRICAL_SURFACE('',#2707,5.50000000000001);
#72=CYLINDRICAL_SURFACE('',#2710,5.49999999999999);
#73=CYLINDRICAL_SURFACE('',#2713,5.50000000000001);
#74=CYLINDRICAL_SURFACE('',#2716,5.50000000000001);
#75=CYLINDRICAL_SURFACE('',#2722,6.00000000000003);
#76=CYLINDRICAL_SURFACE('',#2727,6.00000000000009);
#77=CYLINDRICAL_SURFACE('',#2738,3.99999999999999);
#78=CYLINDRICAL_SURFACE('',#2750,3.99999999999999);
#79=CYLINDRICAL_SURFACE('',#2771,1.5);
#80=CYLINDRICAL_SURFACE('',#2774,1.49999999999999);
#81=CYLINDRICAL_SURFACE('',#2794,1.5);
#82=CYLINDRICAL_SURFACE('',#2797,1.5);
#83=CYLINDRICAL_SURFACE('',#2815,1.5);
#84=CYLINDRICAL_SURFACE('',#2831,1.49999999999999);
#85=CYLINDRICAL_SURFACE('',#2833,1.5);
#86=CYLINDRICAL_SURFACE('',#2835,1.49999999999999);
#87=CYLINDRICAL_SURFACE('',#2841,6.);
#88=CYLINDRICAL_SURFACE('',#2847,6.);
#89=CYLINDRICAL_SURFACE('',#2866,3.);
#90=CYLINDRICAL_SURFACE('',#2869,3.);
#91=CYLINDRICAL_SURFACE('',#2872,3.);
#92=CYLINDRICAL_SURFACE('',#2878,3.);
#93=CYLINDRICAL_SURFACE('',#2880,3.);
#94=CONICAL_SURFACE('',#2644,2.3881182905104,0.244346095279206);
#95=CONICAL_SURFACE('',#2674,2.3881182905104,0.244346095279206);
#96=CONICAL_SURFACE('',#2735,2.,0.244346095279206);
#97=CONICAL_SURFACE('',#2747,2.,0.244346095279206);
#98=CONICAL_SURFACE('',#2756,2.24999999999999,0.785398163397447);
#99=CONICAL_SURFACE('',#2760,2.25,0.785398163397447);
#100=CONICAL_SURFACE('',#2764,2.24999999999999,0.785398163397447);
#101=CONICAL_SURFACE('',#2768,2.25,0.785398163397447);
#102=CONICAL_SURFACE('',#2783,2.25,0.785398163397447);
#103=CONICAL_SURFACE('',#2786,2.25,0.785398163397447);
#104=CONICAL_SURFACE('',#2789,2.24999999999999,0.785398163397447);
#105=CONICAL_SURFACE('',#2792,2.25,0.785398163397447);
#106=CONICAL_SURFACE('',#2800,2.24999999999999,0.785398163397447);
#107=CONICAL_SURFACE('',#2803,2.25,0.785398163397447);
#108=CONICAL_SURFACE('',#2807,2.24999999999999,0.785398163397447);
#109=CONICAL_SURFACE('',#2811,2.25,0.785398163397447);
#110=CONICAL_SURFACE('',#2822,2.25,0.785398163397447);
#111=CONICAL_SURFACE('',#2825,2.24999999999999,0.785398163397447);
#112=CONICAL_SURFACE('',#2828,2.25,0.785398163397447);
#113=CONICAL_SURFACE('',#2830,2.25,0.785398163397447);
#114=(
BOUNDED_SURFACE()
B_SPLINE_SURFACE(2,2,((#3660,#3661,#3662,#3663,#3664,#3665,#3666,#3667,
#3668),(#3669,#3670,#3671,#3672,#3673,#3674,#3675,#3676,#3677),(#3678,#3679,
#3680,#3681,#3682,#3683,#3684,#3685,#3686)),.UNSPECIFIED.,.F.,.T.,.F.)
B_SPLINE_SURFACE_WITH_KNOTS((3,3),(3,2,2,2,3),(-1.5707963267949,-0.244346095279206),
(-3.14159265358979,-1.5707963267949,0.,1.5707963267949,3.14159265358979),
 .UNSPECIFIED.)
GEOMETRIC_REPRESENTATION_ITEM()
RATIONAL_B_SPLINE_SURFACE(((1.,0.707106781186548,1.,0.707106781186548,1.,
0.707106781186548,1.,0.707106781186548,1.),(0.788010753606737,0.557207747523245,
0.788010753606737,0.557207747523245,0.788010753606737,0.557207747523245,
0.788010753606737,0.557207747523245,0.788010753606737),(1.,0.707106781186548,
1.,0.707106781186548,1.,0.707106781186548,1.,0.707106781186548,1.)))
REPRESENTATION_ITEM('')
SURFACE()
);
#115=(
BOUNDED_SURFACE()
B_SPLINE_SURFACE(2,2,((#3809,#3810,#3811,#3812,#3813,#3814,#3815,#3816,
#3817),(#3818,#3819,#3820,#3821,#3822,#3823,#3824,#3825,#3826),(#3827,#3828,
#3829,#3830,#3831,#3832,#3833,#3834,#3835)),.UNSPECIFIED.,.F.,.T.,.F.)
B_SPLINE_SURFACE_WITH_KNOTS((3,3),(3,2,2,2,3),(-1.5707963267949,-0.244346095279206),
(-3.14159265358979,-1.5707963267949,0.,1.5707963267949,3.14159265358979),
 .UNSPECIFIED.)
GEOMETRIC_REPRESENTATION_ITEM()
RATIONAL_B_SPLINE_SURFACE(((1.,0.707106781186548,1.,0.707106781186548,1.,
0.707106781186548,1.,0.707106781186548,1.),(0.788010753606733,0.557207747523243,
0.788010753606733,0.557207747523243,0.788010753606733,0.557207747523243,
0.788010753606733,0.557207747523243,0.788010753606733),(1.,0.707106781186548,
1.,0.707106781186548,1.,0.707106781186548,1.,0.707106781186548,1.)))
REPRESENTATION_ITEM('')
SURFACE()
);
#116=(
BOUNDED_SURFACE()
B_SPLINE_SURFACE(2,2,((#3999,#4000,#4001,#4002,#4003,#4004,#4005,#4006,
#4007),(#4008,#4009,#4010,#4011,#4012,#4013,#4014,#4015,#4016),(#4017,#4018,
#4019,#4020,#4021,#4022,#4023,#4024,#4025)),.UNSPECIFIED.,.F.,.T.,.F.)
B_SPLINE_SURFACE_WITH_KNOTS((3,3),(3,2,2,2,3),(-1.5707963267949,-0.24434609527919),
(-3.14159265358979,-1.5707963267949,0.,1.5707963267949,3.14159265358979),
 .UNSPECIFIED.)
GEOMETRIC_REPRESENTATION_ITEM()
RATIONAL_B_SPLINE_SURFACE(((1.,0.707106781186548,1.,0.707106781186548,1.,
0.707106781186548,1.,0.707106781186548,1.),(0.788010753606725,0.557207747523237,
0.788010753606725,0.557207747523237,0.788010753606725,0.557207747523237,
0.788010753606725,0.557207747523237,0.788010753606725),(1.,0.707106781186548,
1.,0.707106781186548,1.,0.707106781186548,1.,0.707106781186548,1.)))
REPRESENTATION_ITEM('')
SURFACE()
);
#117=(
BOUNDED_SURFACE()
B_SPLINE_SURFACE(2,2,((#4057,#4058,#4059,#4060,#4061,#4062,#4063,#4064,
#4065),(#4066,#4067,#4068,#4069,#4070,#4071,#4072,#4073,#4074),(#4075,#4076,
#4077,#4078,#4079,#4080,#4081,#4082,#4083)),.UNSPECIFIED.,.F.,.T.,.F.)
B_SPLINE_SURFACE_WITH_KNOTS((3,3),(3,2,2,2,3),(-1.5707963267949,-0.244346095279208),
(-3.14159265358979,-1.5707963267949,0.,1.5707963267949,3.14159265358979),
 .UNSPECIFIED.)
GEOMETRIC_REPRESENTATION_ITEM()
RATIONAL_B_SPLINE_SURFACE(((1.,0.707106781186548,1.,0.707106781186548,1.,
0.707106781186548,1.,0.707106781186548,1.),(0.788010753606738,0.557207747523246,
0.788010753606738,0.557207747523246,0.788010753606738,0.557207747523246,
0.788010753606738,0.557207747523246,0.788010753606738),(1.,0.707106781186548,
1.,0.707106781186548,1.,0.707106781186548,1.,0.707106781186548,1.)))
REPRESENTATION_ITEM('')
SURFACE()
);
#118=FACE_OUTER_BOUND('',#264,.T.);
#119=FACE_OUTER_BOUND('',#265,.T.);
#120=FACE_OUTER_BOUND('',#266,.T.);
#121=FACE_OUTER_BOUND('',#267,.T.);
#122=FACE_OUTER_BOUND('',#268,.T.);
#123=FACE_OUTER_BOUND('',#269,.T.);
#124=FACE_OUTER_BOUND('',#270,.T.);
#125=FACE_OUTER_BOUND('',#271,.T.);
#126=FACE_OUTER_BOUND('',#273,.T.);
#127=FACE_OUTER_BOUND('',#283,.T.);
#128=FACE_OUTER_BOUND('',#285,.T.);
#129=FACE_OUTER_BOUND('',#286,.T.);
#130=FACE_OUTER_BOUND('',#287,.T.);
#131=FACE_OUTER_BOUND('',#288,.T.);
#132=FACE_OUTER_BOUND('',#289,.T.);
#133=FACE_OUTER_BOUND('',#290,.T.);
#134=FACE_OUTER_BOUND('',#291,.T.);
#135=FACE_OUTER_BOUND('',#292,.T.);
#136=FACE_OUTER_BOUND('',#293,.T.);
#137=FACE_OUTER_BOUND('',#294,.T.);
#138=FACE_OUTER_BOUND('',#295,.T.);
#139=FACE_OUTER_BOUND('',#296,.T.);
#140=FACE_OUTER_BOUND('',#297,.T.);
#141=FACE_OUTER_BOUND('',#298,.T.);
#142=FACE_OUTER_BOUND('',#299,.T.);
#143=FACE_OUTER_BOUND('',#300,.T.);
#144=FACE_OUTER_BOUND('',#301,.T.);
#145=FACE_OUTER_BOUND('',#302,.T.);
#146=FACE_OUTER_BOUND('',#303,.T.);
#147=FACE_OUTER_BOUND('',#304,.T.);
#148=FACE_OUTER_BOUND('',#305,.T.);
#149=FACE_OUTER_BOUND('',#306,.T.);
#150=FACE_OUTER_BOUND('',#307,.T.);
#151=FACE_OUTER_BOUND('',#308,.T.);
#152=FACE_OUTER_BOUND('',#309,.T.);
#153=FACE_OUTER_BOUND('',#310,.T.);
#154=FACE_OUTER_BOUND('',#311,.T.);
#155=FACE_OUTER_BOUND('',#312,.T.);
#156=FACE_OUTER_BOUND('',#313,.T.);
#157=FACE_OUTER_BOUND('',#314,.T.);
#158=FACE_OUTER_BOUND('',#315,.T.);
#159=FACE_OUTER_BOUND('',#316,.T.);
#160=FACE_OUTER_BOUND('',#317,.T.);
#161=FACE_OUTER_BOUND('',#318,.T.);
#162=FACE_OUTER_BOUND('',#319,.T.);
#163=FACE_OUTER_BOUND('',#320,.T.);
#164=FACE_OUTER_BOUND('',#321,.T.);
#165=FACE_OUTER_BOUND('',#322,.T.);
#166=FACE_OUTER_BOUND('',#323,.T.);
#167=FACE_OUTER_BOUND('',#324,.T.);
#168=FACE_OUTER_BOUND('',#325,.T.);
#169=FACE_OUTER_BOUND('',#326,.T.);
#170=FACE_OUTER_BOUND('',#327,.T.);
#171=FACE_OUTER_BOUND('',#328,.T.);
#172=FACE_OUTER_BOUND('',#338,.T.);
#173=FACE_OUTER_BOUND('',#339,.T.);
#174=FACE_OUTER_BOUND('',#340,.T.);
#175=FACE_OUTER_BOUND('',#341,.T.);
#176=FACE_OUTER_BOUND('',#342,.T.);
#177=FACE_OUTER_BOUND('',#343,.T.);
#178=FACE_OUTER_BOUND('',#345,.T.);
#179=FACE_OUTER_BOUND('',#346,.T.);
#180=FACE_OUTER_BOUND('',#347,.T.);
#181=FACE_OUTER_BOUND('',#348,.T.);
#182=FACE_OUTER_BOUND('',#349,.T.);
#183=FACE_OUTER_BOUND('',#350,.T.);
#184=FACE_OUTER_BOUND('',#352,.T.);
#185=FACE_OUTER_BOUND('',#353,.T.);
#186=FACE_OUTER_BOUND('',#354,.T.);
#187=FACE_OUTER_BOUND('',#355,.T.);
#188=FACE_OUTER_BOUND('',#356,.T.);
#189=FACE_OUTER_BOUND('',#357,.T.);
#190=FACE_OUTER_BOUND('',#358,.T.);
#191=FACE_OUTER_BOUND('',#359,.T.);
#192=FACE_OUTER_BOUND('',#360,.T.);
#193=FACE_OUTER_BOUND('',#361,.T.);
#194=FACE_OUTER_BOUND('',#362,.T.);
#195=FACE_OUTER_BOUND('',#363,.T.);
#196=FACE_OUTER_BOUND('',#364,.T.);
#197=FACE_OUTER_BOUND('',#367,.T.);
#198=FACE_OUTER_BOUND('',#368,.T.);
#199=FACE_OUTER_BOUND('',#369,.T.);
#200=FACE_OUTER_BOUND('',#370,.T.);
#201=FACE_OUTER_BOUND('',#371,.T.);
#202=FACE_OUTER_BOUND('',#372,.T.);
#203=FACE_OUTER_BOUND('',#373,.T.);
#204=FACE_OUTER_BOUND('',#374,.T.);
#205=FACE_OUTER_BOUND('',#375,.T.);
#206=FACE_OUTER_BOUND('',#376,.T.);
#207=FACE_OUTER_BOUND('',#377,.T.);
#208=FACE_OUTER_BOUND('',#378,.T.);
#209=FACE_OUTER_BOUND('',#379,.T.);
#210=FACE_OUTER_BOUND('',#380,.T.);
#211=FACE_OUTER_BOUND('',#381,.T.);
#212=FACE_OUTER_BOUND('',#382,.T.);
#213=FACE_OUTER_BOUND('',#383,.T.);
#214=FACE_OUTER_BOUND('',#384,.T.);
#215=FACE_OUTER_BOUND('',#385,.T.);
#216=FACE_OUTER_BOUND('',#386,.T.);
#217=FACE_OUTER_BOUND('',#387,.T.);
#218=FACE_OUTER_BOUND('',#388,.T.);
#219=FACE_OUTER_BOUND('',#389,.T.);
#220=FACE_OUTER_BOUND('',#393,.T.);
#221=FACE_OUTER_BOUND('',#394,.T.);
#222=FACE_OUTER_BOUND('',#395,.T.);
#223=FACE_OUTER_BOUND('',#396,.T.);
#224=FACE_OUTER_BOUND('',#397,.T.);
#225=FACE_OUTER_BOUND('',#398,.T.);
#226=FACE_OUTER_BOUND('',#399,.T.);
#227=FACE_OUTER_BOUND('',#400,.T.);
#228=FACE_OUTER_BOUND('',#401,.T.);
#229=FACE_OUTER_BOUND('',#402,.T.);
#230=FACE_OUTER_BOUND('',#403,.T.);
#231=FACE_OUTER_BOUND('',#404,.T.);
#232=FACE_OUTER_BOUND('',#405,.T.);
#233=FACE_OUTER_BOUND('',#406,.T.);
#234=FACE_OUTER_BOUND('',#407,.T.);
#235=FACE_OUTER_BOUND('',#408,.T.);
#236=FACE_OUTER_BOUND('',#409,.T.);
#237=FACE_OUTER_BOUND('',#410,.T.);
#238=FACE_OUTER_BOUND('',#411,.T.);
#239=FACE_OUTER_BOUND('',#412,.T.);
#240=FACE_OUTER_BOUND('',#413,.T.);
#241=FACE_OUTER_BOUND('',#415,.T.);
#242=FACE_OUTER_BOUND('',#416,.T.);
#243=FACE_OUTER_BOUND('',#417,.T.);
#244=FACE_OUTER_BOUND('',#419,.T.);
#245=FACE_OUTER_BOUND('',#420,.T.);
#246=FACE_OUTER_BOUND('',#421,.T.);
#247=FACE_OUTER_BOUND('',#422,.T.);
#248=FACE_OUTER_BOUND('',#424,.T.);
#249=FACE_OUTER_BOUND('',#425,.T.);
#250=FACE_OUTER_BOUND('',#426,.T.);
#251=FACE_OUTER_BOUND('',#427,.T.);
#252=FACE_OUTER_BOUND('',#428,.T.);
#253=FACE_OUTER_BOUND('',#429,.T.);
#254=FACE_OUTER_BOUND('',#430,.T.);
#255=FACE_OUTER_BOUND('',#431,.T.);
#256=FACE_OUTER_BOUND('',#432,.T.);
#257=FACE_OUTER_BOUND('',#433,.T.);
#258=FACE_OUTER_BOUND('',#434,.T.);
#259=FACE_OUTER_BOUND('',#435,.T.);
#260=FACE_OUTER_BOUND('',#436,.T.);
#261=FACE_OUTER_BOUND('',#437,.T.);
#262=FACE_OUTER_BOUND('',#438,.T.);
#263=FACE_OUTER_BOUND('',#439,.T.);
#264=EDGE_LOOP('',(#1657,#1658,#1659,#1660,#1661));
#265=EDGE_LOOP('',(#1662,#1663,#1664,#1665));
#266=EDGE_LOOP('',(#1666,#1667,#1668,#1669,#1670));
#267=EDGE_LOOP('',(#1671,#1672,#1673,#1674,#1675));
#268=EDGE_LOOP('',(#1676));
#269=EDGE_LOOP('',(#1677,#1678,#1679,#1680));
#270=EDGE_LOOP('',(#1681,#1682,#1683,#1684));
#271=EDGE_LOOP('',(#1685,#1686,#1687,#1688,#1689));
#272=EDGE_LOOP('',(#1690));
#273=EDGE_LOOP('',(#1691,#1692,#1693,#1694,#1695,#1696,#1697,#1698,#1699,
#1700,#1701,#1702,#1703,#1704));
#274=EDGE_LOOP('',(#1705));
#275=EDGE_LOOP('',(#1706,#1707,#1708,#1709));
#276=EDGE_LOOP('',(#1710,#1711,#1712,#1713));
#277=EDGE_LOOP('',(#1714,#1715,#1716,#1717));
#278=EDGE_LOOP('',(#1718));
#279=EDGE_LOOP('',(#1719,#1720,#1721,#1722));
#280=EDGE_LOOP('',(#1723,#1724,#1725,#1726));
#281=EDGE_LOOP('',(#1727,#1728,#1729,#1730));
#282=EDGE_LOOP('',(#1731,#1732,#1733,#1734));
#283=EDGE_LOOP('',(#1735,#1736,#1737,#1738,#1739));
#284=EDGE_LOOP('',(#1740));
#285=EDGE_LOOP('',(#1741,#1742,#1743,#1744));
#286=EDGE_LOOP('',(#1745,#1746,#1747,#1748,#1749));
#287=EDGE_LOOP('',(#1750,#1751,#1752,#1753,#1754));
#288=EDGE_LOOP('',(#1755));
#289=EDGE_LOOP('',(#1756,#1757,#1758,#1759));
#290=EDGE_LOOP('',(#1760,#1761,#1762,#1763));
#291=EDGE_LOOP('',(#1764,#1765,#1766,#1767,#1768));
#292=EDGE_LOOP('',(#1769,#1770,#1771,#1772));
#293=EDGE_LOOP('',(#1773,#1774,#1775,#1776));
#294=EDGE_LOOP('',(#1777,#1778,#1779,#1780));
#295=EDGE_LOOP('',(#1781,#1782,#1783,#1784));
#296=EDGE_LOOP('',(#1785,#1786,#1787,#1788));
#297=EDGE_LOOP('',(#1789,#1790,#1791,#1792));
#298=EDGE_LOOP('',(#1793,#1794,#1795,#1796));
#299=EDGE_LOOP('',(#1797,#1798,#1799,#1800));
#300=EDGE_LOOP('',(#1801,#1802,#1803,#1804));
#301=EDGE_LOOP('',(#1805,#1806,#1807,#1808));
#302=EDGE_LOOP('',(#1809,#1810,#1811,#1812));
#303=EDGE_LOOP('',(#1813,#1814,#1815,#1816));
#304=EDGE_LOOP('',(#1817,#1818,#1819,#1820));
#305=EDGE_LOOP('',(#1821,#1822,#1823,#1824));
#306=EDGE_LOOP('',(#1825,#1826,#1827,#1828));
#307=EDGE_LOOP('',(#1829,#1830,#1831,#1832));
#308=EDGE_LOOP('',(#1833,#1834,#1835,#1836));
#309=EDGE_LOOP('',(#1837,#1838,#1839,#1840));
#310=EDGE_LOOP('',(#1841,#1842,#1843,#1844));
#311=EDGE_LOOP('',(#1845,#1846,#1847,#1848));
#312=EDGE_LOOP('',(#1849,#1850,#1851,#1852));
#313=EDGE_LOOP('',(#1853,#1854,#1855,#1856));
#314=EDGE_LOOP('',(#1857,#1858,#1859,#1860));
#315=EDGE_LOOP('',(#1861,#1862,#1863,#1864));
#316=EDGE_LOOP('',(#1865,#1866,#1867,#1868));
#317=EDGE_LOOP('',(#1869,#1870,#1871,#1872));
#318=EDGE_LOOP('',(#1873,#1874,#1875,#1876));
#319=EDGE_LOOP('',(#1877,#1878,#1879,#1880));
#320=EDGE_LOOP('',(#1881,#1882,#1883,#1884));
#321=EDGE_LOOP('',(#1885,#1886,#1887,#1888));
#322=EDGE_LOOP('',(#1889,#1890,#1891,#1892));
#323=EDGE_LOOP('',(#1893,#1894,#1895,#1896));
#324=EDGE_LOOP('',(#1897,#1898,#1899,#1900,#1901,#1902,#1903,#1904,#1905,
#1906,#1907,#1908));
#325=EDGE_LOOP('',(#1909,#1910,#1911,#1912));
#326=EDGE_LOOP('',(#1913,#1914,#1915,#1916));
#327=EDGE_LOOP('',(#1917,#1918,#1919,#1920));
#328=EDGE_LOOP('',(#1921,#1922,#1923,#1924,#1925,#1926));
#329=EDGE_LOOP('',(#1927));
#330=EDGE_LOOP('',(#1928,#1929,#1930,#1931));
#331=EDGE_LOOP('',(#1932,#1933,#1934,#1935));
#332=EDGE_LOOP('',(#1936,#1937,#1938,#1939));
#333=EDGE_LOOP('',(#1940));
#334=EDGE_LOOP('',(#1941,#1942,#1943,#1944));
#335=EDGE_LOOP('',(#1945,#1946,#1947,#1948));
#336=EDGE_LOOP('',(#1949,#1950,#1951,#1952));
#337=EDGE_LOOP('',(#1953,#1954,#1955,#1956));
#338=EDGE_LOOP('',(#1957,#1958,#1959,#1960,#1961));
#339=EDGE_LOOP('',(#1962,#1963,#1964,#1965,#1966));
#340=EDGE_LOOP('',(#1967));
#341=EDGE_LOOP('',(#1968,#1969,#1970,#1971));
#342=EDGE_LOOP('',(#1972,#1973,#1974,#1975));
#343=EDGE_LOOP('',(#1976,#1977,#1978,#1979));
#344=EDGE_LOOP('',(#1980));
#345=EDGE_LOOP('',(#1981,#1982,#1983,#1984,#1985));
#346=EDGE_LOOP('',(#1986,#1987,#1988,#1989,#1990));
#347=EDGE_LOOP('',(#1991));
#348=EDGE_LOOP('',(#1992,#1993,#1994,#1995));
#349=EDGE_LOOP('',(#1996,#1997,#1998,#1999));
#350=EDGE_LOOP('',(#2000,#2001,#2002,#2003));
#351=EDGE_LOOP('',(#2004));
#352=EDGE_LOOP('',(#2005,#2006,#2007,#2008));
#353=EDGE_LOOP('',(#2009,#2010,#2011,#2012));
#354=EDGE_LOOP('',(#2013,#2014,#2015,#2016));
#355=EDGE_LOOP('',(#2017,#2018,#2019,#2020));
#356=EDGE_LOOP('',(#2021,#2022,#2023,#2024));
#357=EDGE_LOOP('',(#2025,#2026,#2027,#2028));
#358=EDGE_LOOP('',(#2029,#2030,#2031,#2032));
#359=EDGE_LOOP('',(#2033,#2034,#2035,#2036));
#360=EDGE_LOOP('',(#2037,#2038,#2039,#2040));
#361=EDGE_LOOP('',(#2041,#2042,#2043,#2044));
#362=EDGE_LOOP('',(#2045,#2046,#2047,#2048));
#363=EDGE_LOOP('',(#2049,#2050,#2051,#2052));
#364=EDGE_LOOP('',(#2053,#2054,#2055,#2056,#2057));
#365=EDGE_LOOP('',(#2058,#2059,#2060,#2061,#2062,#2063,#2064,#2065));
#366=EDGE_LOOP('',(#2066,#2067,#2068,#2069,#2070,#2071,#2072,#2073));
#367=EDGE_LOOP('',(#2074,#2075,#2076,#2077));
#368=EDGE_LOOP('',(#2078,#2079,#2080,#2081));
#369=EDGE_LOOP('',(#2082,#2083,#2084,#2085));
#370=EDGE_LOOP('',(#2086,#2087,#2088,#2089));
#371=EDGE_LOOP('',(#2090,#2091,#2092,#2093));
#372=EDGE_LOOP('',(#2094,#2095,#2096,#2097));
#373=EDGE_LOOP('',(#2098,#2099,#2100,#2101));
#374=EDGE_LOOP('',(#2102,#2103,#2104,#2105));
#375=EDGE_LOOP('',(#2106,#2107,#2108,#2109));
#376=EDGE_LOOP('',(#2110,#2111,#2112,#2113));
#377=EDGE_LOOP('',(#2114,#2115,#2116,#2117));
#378=EDGE_LOOP('',(#2118,#2119,#2120,#2121));
#379=EDGE_LOOP('',(#2122,#2123,#2124,#2125));
#380=EDGE_LOOP('',(#2126,#2127,#2128,#2129));
#381=EDGE_LOOP('',(#2130,#2131,#2132,#2133));
#382=EDGE_LOOP('',(#2134,#2135,#2136,#2137));
#383=EDGE_LOOP('',(#2138,#2139,#2140,#2141));
#384=EDGE_LOOP('',(#2142,#2143,#2144,#2145));
#385=EDGE_LOOP('',(#2146,#2147,#2148,#2149));
#386=EDGE_LOOP('',(#2150,#2151,#2152,#2153));
#387=EDGE_LOOP('',(#2154,#2155,#2156,#2157));
#388=EDGE_LOOP('',(#2158,#2159,#2160,#2161));
#389=EDGE_LOOP('',(#2162,#2163,#2164,#2165));
#390=EDGE_LOOP('',(#2166,#2167,#2168,#2169,#2170,#2171,#2172,#2173));
#391=EDGE_LOOP('',(#2174,#2175,#2176,#2177));
#392=EDGE_LOOP('',(#2178,#2179,#2180,#2181,#2182,#2183,#2184,#2185));
#393=EDGE_LOOP('',(#2186,#2187,#2188,#2189));
#394=EDGE_LOOP('',(#2190,#2191,#2192,#2193));
#395=EDGE_LOOP('',(#2194,#2195,#2196,#2197));
#396=EDGE_LOOP('',(#2198,#2199,#2200,#2201));
#397=EDGE_LOOP('',(#2202,#2203,#2204,#2205));
#398=EDGE_LOOP('',(#2206,#2207,#2208,#2209));
#399=EDGE_LOOP('',(#2210,#2211,#2212,#2213));
#400=EDGE_LOOP('',(#2214,#2215,#2216,#2217));
#401=EDGE_LOOP('',(#2218,#2219,#2220,#2221));
#402=EDGE_LOOP('',(#2222,#2223,#2224,#2225));
#403=EDGE_LOOP('',(#2226,#2227,#2228,#2229));
#404=EDGE_LOOP('',(#2230,#2231,#2232,#2233));
#405=EDGE_LOOP('',(#2234,#2235,#2236,#2237));
#406=EDGE_LOOP('',(#2238,#2239,#2240,#2241));
#407=EDGE_LOOP('',(#2242,#2243,#2244,#2245));
#408=EDGE_LOOP('',(#2246,#2247,#2248,#2249));
#409=EDGE_LOOP('',(#2250,#2251,#2252,#2253));
#410=EDGE_LOOP('',(#2254,#2255,#2256,#2257));
#411=EDGE_LOOP('',(#2258,#2259,#2260,#2261));
#412=EDGE_LOOP('',(#2262,#2263,#2264,#2265));
#413=EDGE_LOOP('',(#2266,#2267,#2268,#2269,#2270,#2271,#2272,#2273,#2274,
#2275));
#414=EDGE_LOOP('',(#2276,#2277,#2278,#2279));
#415=EDGE_LOOP('',(#2280,#2281,#2282,#2283));
#416=EDGE_LOOP('',(#2284,#2285,#2286,#2287));
#417=EDGE_LOOP('',(#2288,#2289,#2290,#2291));
#418=EDGE_LOOP('',(#2292,#2293,#2294,#2295));
#419=EDGE_LOOP('',(#2296,#2297,#2298,#2299));
#420=EDGE_LOOP('',(#2300,#2301,#2302,#2303,#2304));
#421=EDGE_LOOP('',(#2305,#2306,#2307,#2308));
#422=EDGE_LOOP('',(#2309,#2310,#2311,#2312,#2313,#2314,#2315,#2316));
#423=EDGE_LOOP('',(#2317,#2318,#2319,#2320));
#424=EDGE_LOOP('',(#2321,#2322,#2323));
#425=EDGE_LOOP('',(#2324,#2325,#2326));
#426=EDGE_LOOP('',(#2327,#2328,#2329));
#427=EDGE_LOOP('',(#2330,#2331,#2332,#2333,#2334,#2335));
#428=EDGE_LOOP('',(#2336,#2337,#2338,#2339,#2340));
#429=EDGE_LOOP('',(#2341,#2342,#2343,#2344,#2345));
#430=EDGE_LOOP('',(#2346,#2347,#2348,#2349,#2350,#2351));
#431=EDGE_LOOP('',(#2352,#2353,#2354,#2355));
#432=EDGE_LOOP('',(#2356,#2357,#2358,#2359));
#433=EDGE_LOOP('',(#2360,#2361,#2362,#2363));
#434=EDGE_LOOP('',(#2364,#2365,#2366,#2367,#2368));
#435=EDGE_LOOP('',(#2369,#2370,#2371));
#436=EDGE_LOOP('',(#2372,#2373,#2374));
#437=EDGE_LOOP('',(#2375,#2376,#2377));
#438=EDGE_LOOP('',(#2378,#2379,#2380,#2381,#2382));
#439=EDGE_LOOP('',(#2383,#2384,#2385,#2386));
#440=CIRCLE('',#2638,3.99999999999999);
#441=CIRCLE('',#2640,0.271267962689193);
#442=CIRCLE('',#2641,1.4);
#443=CIRCLE('',#2642,1.62968197947559);
#444=CIRCLE('',#2643,1.62968197947559);
#445=CIRCLE('',#2645,2.26264865003405);
#446=CIRCLE('',#2648,3.99999999999999);
#447=CIRCLE('',#2652,6.00000000000009);
#448=CIRCLE('',#2653,6.00000000000003);
#449=CIRCLE('',#2654,6.99999999999999);
#450=CIRCLE('',#2655,5.50000000000001);
#451=CIRCLE('',#2656,5.50000000000001);
#452=CIRCLE('',#2657,5.50000000000001);
#453=CIRCLE('',#2658,5.50000000000001);
#454=CIRCLE('',#2659,6.99999999999999);
#455=CIRCLE('',#2660,5.50000000000001);
#456=CIRCLE('',#2661,5.50000000000001);
#457=CIRCLE('',#2662,5.49999999999999);
#458=CIRCLE('',#2663,5.50000000000001);
#459=CIRCLE('',#2664,5.50000000000001);
#460=CIRCLE('',#2665,5.50000000000001);
#461=CIRCLE('',#2667,3.99999999999999);
#462=CIRCLE('',#2668,2.26264865003405);
#463=CIRCLE('',#2670,0.271267962689193);
#464=CIRCLE('',#2671,1.4);
#465=CIRCLE('',#2672,1.62968197947559);
#466=CIRCLE('',#2673,1.62968197947559);
#467=CIRCLE('',#2677,3.99999999999999);
#468=CIRCLE('',#2681,6.99999999999999);
#469=CIRCLE('',#2684,5.50000000000001);
#470=CIRCLE('',#2687,5.50000000000001);
#471=CIRCLE('',#2690,5.50000000000001);
#472=CIRCLE('',#2693,5.50000000000001);
#473=CIRCLE('',#2699,6.99999999999999);
#474=CIRCLE('',#2702,5.50000000000001);
#475=CIRCLE('',#2705,5.50000000000001);
#476=CIRCLE('',#2708,5.50000000000001);
#477=CIRCLE('',#2711,5.49999999999999);
#478=CIRCLE('',#2714,5.50000000000001);
#479=CIRCLE('',#2717,5.50000000000001);
#480=CIRCLE('',#2723,6.00000000000003);
#481=CIRCLE('',#2728,6.00000000000009);
#482=CIRCLE('',#2731,1.24156368896519);
#483=CIRCLE('',#2732,1.24156368896519);
#484=CIRCLE('',#2733,1.);
#485=CIRCLE('',#2734,0.271267962689193);
#486=CIRCLE('',#2736,2.);
#487=CIRCLE('',#2739,3.99999999999999);
#488=CIRCLE('',#2740,3.99999999999999);
#489=CIRCLE('',#2743,1.24156368896519);
#490=CIRCLE('',#2744,1.);
#491=CIRCLE('',#2745,0.271267962689193);
#492=CIRCLE('',#2746,1.24156368896519);
#493=CIRCLE('',#2748,2.);
#494=CIRCLE('',#2751,3.99999999999999);
#495=CIRCLE('',#2752,3.99999999999999);
#496=CIRCLE('',#2757,2.99999999999999);
#497=CIRCLE('',#2758,1.49999999999999);
#498=CIRCLE('',#2761,3.);
#499=CIRCLE('',#2762,1.5);
#500=CIRCLE('',#2765,2.99999999999999);
#501=CIRCLE('',#2766,1.49999999999999);
#502=CIRCLE('',#2769,3.);
#503=CIRCLE('',#2770,1.5);
#504=CIRCLE('',#2772,1.5);
#505=CIRCLE('',#2775,1.49999999999999);
#506=CIRCLE('',#2778,3.);
#507=CIRCLE('',#2779,3.);
#508=CIRCLE('',#2780,2.99999999999999);
#509=CIRCLE('',#2781,3.);
#510=CIRCLE('',#2784,1.5);
#511=CIRCLE('',#2787,1.5);
#512=CIRCLE('',#2790,1.49999999999999);
#513=CIRCLE('',#2793,1.5);
#514=CIRCLE('',#2795,1.5);
#515=CIRCLE('',#2798,1.5);
#516=CIRCLE('',#2801,2.99999999999999);
#517=CIRCLE('',#2804,3.);
#518=CIRCLE('',#2805,1.5);
#519=CIRCLE('',#2808,2.99999999999999);
#520=CIRCLE('',#2809,1.49999999999999);
#521=CIRCLE('',#2812,3.);
#522=CIRCLE('',#2817,3.);
#523=CIRCLE('',#2818,2.99999999999999);
#524=CIRCLE('',#2819,3.);
#525=CIRCLE('',#2820,3.);
#526=CIRCLE('',#2823,1.5);
#527=CIRCLE('',#2826,1.49999999999999);
#528=CIRCLE('',#2842,6.);
#529=CIRCLE('',#2843,6.);
#530=CIRCLE('',#2846,6.);
#531=CIRCLE('',#2848,6.);
#532=CIRCLE('',#2856,3.);
#533=CIRCLE('',#2858,3.);
#534=CIRCLE('',#2860,3.);
#535=CIRCLE('',#2868,3.);
#536=CIRCLE('',#2870,3.);
#537=CIRCLE('',#2871,3.00000000000001);
#538=CIRCLE('',#2874,3.00000000000001);
#539=LINE('',#3646,#801);
#540=LINE('',#3648,#802);
#541=LINE('',#3650,#803);
#542=LINE('',#3653,#804);
#543=LINE('',#3656,#805);
#544=LINE('',#3658,#806);
#545=LINE('',#3659,#807);
#546=LINE('',#3697,#808);
#547=LINE('',#3702,#809);
#548=LINE('',#3705,#810);
#549=LINE('',#3706,#811);
#550=LINE('',#3709,#812);
#551=LINE('',#3710,#813);
#552=LINE('',#3713,#814);
#553=LINE('',#3715,#815);
#554=LINE('',#3719,#816);
#555=LINE('',#3723,#817);
#556=LINE('',#3725,#818);
#557=LINE('',#3727,#819);
#558=LINE('',#3729,#820);
#559=LINE('',#3731,#821);
#560=LINE('',#3732,#822);
#561=LINE('',#3737,#823);
#562=LINE('',#3741,#824);
#563=LINE('',#3745,#825);
#564=LINE('',#3749,#826);
#565=LINE('',#3753,#827);
#566=LINE('',#3755,#828);
#567=LINE('',#3757,#829);
#568=LINE('',#3758,#830);
#569=LINE('',#3763,#831);
#570=LINE('',#3767,#832);
#571=LINE('',#3771,#833);
#572=LINE('',#3775,#834);
#573=LINE('',#3779,#835);
#574=LINE('',#3783,#836);
#575=LINE('',#3787,#837);
#576=LINE('',#3789,#838);
#577=LINE('',#3791,#839);
#578=LINE('',#3792,#840);
#579=LINE('',#3795,#841);
#580=LINE('',#3797,#842);
#581=LINE('',#3800,#843);
#582=LINE('',#3805,#844);
#583=LINE('',#3807,#845);
#584=LINE('',#3808,#846);
#585=LINE('',#3844,#847);
#586=LINE('',#3849,#848);
#587=LINE('',#3851,#849);
#588=LINE('',#3853,#850);
#589=LINE('',#3857,#851);
#590=LINE('',#3860,#852);
#591=LINE('',#3862,#853);
#592=LINE('',#3863,#854);
#593=LINE('',#3867,#855);
#594=LINE('',#3870,#856);
#595=LINE('',#3871,#857);
#596=LINE('',#3876,#858);
#597=LINE('',#3878,#859);
#598=LINE('',#3879,#860);
#599=LINE('',#3883,#861);
#600=LINE('',#3886,#862);
#601=LINE('',#3887,#863);
#602=LINE('',#3892,#864);
#603=LINE('',#3894,#865);
#604=LINE('',#3895,#866);
#605=LINE('',#3898,#867);
#606=LINE('',#3899,#868);
#607=LINE('',#3902,#869);
#608=LINE('',#3903,#870);
#609=LINE('',#3905,#871);
#610=LINE('',#3909,#872);
#611=LINE('',#3912,#873);
#612=LINE('',#3914,#874);
#613=LINE('',#3915,#875);
#614=LINE('',#3919,#876);
#615=LINE('',#3922,#877);
#616=LINE('',#3923,#878);
#617=LINE('',#3928,#879);
#618=LINE('',#3930,#880);
#619=LINE('',#3931,#881);
#620=LINE('',#3935,#882);
#621=LINE('',#3938,#883);
#622=LINE('',#3939,#884);
#623=LINE('',#3944,#885);
#624=LINE('',#3946,#886);
#625=LINE('',#3947,#887);
#626=LINE('',#3951,#888);
#627=LINE('',#3954,#889);
#628=LINE('',#3955,#890);
#629=LINE('',#3960,#891);
#630=LINE('',#3962,#892);
#631=LINE('',#3963,#893);
#632=LINE('',#3966,#894);
#633=LINE('',#3967,#895);
#634=LINE('',#3970,#896);
#635=LINE('',#3971,#897);
#636=LINE('',#3973,#898);
#637=LINE('',#3976,#899);
#638=LINE('',#3979,#900);
#639=LINE('',#3982,#901);
#640=LINE('',#3983,#902);
#641=LINE('',#3986,#903);
#642=LINE('',#3987,#904);
#643=LINE('',#3990,#905);
#644=LINE('',#3991,#906);
#645=LINE('',#3995,#907);
#646=LINE('',#3997,#908);
#647=LINE('',#4035,#909);
#648=LINE('',#4043,#910);
#649=LINE('',#4046,#911);
#650=LINE('',#4049,#912);
#651=LINE('',#4051,#913);
#652=LINE('',#4052,#914);
#653=LINE('',#4055,#915);
#654=LINE('',#4056,#916);
#655=LINE('',#4093,#917);
#656=LINE('',#4101,#918);
#657=LINE('',#4104,#919);
#658=LINE('',#4107,#920);
#659=LINE('',#4109,#921);
#660=LINE('',#4110,#922);
#661=LINE('',#4113,#923);
#662=LINE('',#4114,#924);
#663=LINE('',#4118,#925);
#664=LINE('',#4120,#926);
#665=LINE('',#4122,#927);
#666=LINE('',#4123,#928);
#667=LINE('',#4127,#929);
#668=LINE('',#4133,#930);
#669=LINE('',#4134,#931);
#670=LINE('',#4135,#932);
#671=LINE('',#4139,#933);
#672=LINE('',#4145,#934);
#673=LINE('',#4146,#935);
#674=LINE('',#4147,#936);
#675=LINE('',#4151,#937);
#676=LINE('',#4157,#938);
#677=LINE('',#4158,#939);
#678=LINE('',#4159,#940);
#679=LINE('',#4165,#941);
#680=LINE('',#4168,#942);
#681=LINE('',#4171,#943);
#682=LINE('',#4172,#944);
#683=LINE('',#4175,#945);
#684=LINE('',#4179,#946);
#685=LINE('',#4180,#947);
#686=LINE('',#4184,#948);
#687=LINE('',#4185,#949);
#688=LINE('',#4186,#950);
#689=LINE('',#4189,#951);
#690=LINE('',#4193,#952);
#691=LINE('',#4197,#953);
#692=LINE('',#4201,#954);
#693=LINE('',#4205,#955);
#694=LINE('',#4207,#956);
#695=LINE('',#4208,#957);
#696=LINE('',#4211,#958);
#697=LINE('',#4215,#959);
#698=LINE('',#4216,#960);
#699=LINE('',#4219,#961);
#700=LINE('',#4223,#962);
#701=LINE('',#4224,#963);
#702=LINE('',#4227,#964);
#703=LINE('',#4231,#965);
#704=LINE('',#4232,#966);
#705=LINE('',#4237,#967);
#706=LINE('',#4240,#968);
#707=LINE('',#4243,#969);
#708=LINE('',#4244,#970);
#709=LINE('',#4247,#971);
#710=LINE('',#4251,#972);
#711=LINE('',#4252,#973);
#712=LINE('',#4255,#974);
#713=LINE('',#4258,#975);
#714=LINE('',#4261,#976);
#715=LINE('',#4262,#977);
#716=LINE('',#4266,#978);
#717=LINE('',#4272,#979);
#718=LINE('',#4273,#980);
#719=LINE('',#4274,#981);
#720=LINE('',#4278,#982);
#721=LINE('',#4283,#983);
#722=LINE('',#4284,#984);
#723=LINE('',#4285,#985);
#724=LINE('',#4288,#986);
#725=LINE('',#4291,#987);
#726=LINE('',#4293,#988);
#727=LINE('',#4294,#989);
#728=LINE('',#4299,#990);
#729=LINE('',#4301,#991);
#730=LINE('',#4303,#992);
#731=LINE('',#4304,#993);
#732=LINE('',#4307,#994);
#733=LINE('',#4311,#995);
#734=LINE('',#4315,#996);
#735=LINE('',#4319,#997);
#736=LINE('',#4323,#998);
#737=LINE('',#4325,#999);
#738=LINE('',#4327,#1000);
#739=LINE('',#4328,#1001);
#740=LINE('',#4330,#1002);
#741=LINE('',#4331,#1003);
#742=LINE('',#4334,#1004);
#743=LINE('',#4338,#1005);
#744=LINE('',#4339,#1006);
#745=LINE('',#4342,#1007);
#746=LINE('',#4345,#1008);
#747=LINE('',#4346,#1009);
#748=LINE('',#4348,#1010);
#749=LINE('',#4350,#1011);
#750=LINE('',#4353,#1012);
#751=LINE('',#4354,#1013);
#752=LINE('',#4356,#1014);
#753=LINE('',#4360,#1015);
#754=LINE('',#4365,#1016);
#755=LINE('',#4366,#1017);
#756=LINE('',#4367,#1018);
#757=LINE('',#4370,#1019);
#758=LINE('',#4371,#1020);
#759=LINE('',#4374,#1021);
#760=LINE('',#4375,#1022);
#761=LINE('',#4377,#1023);
#762=LINE('',#4383,#1024);
#763=LINE('',#4386,#1025);
#764=LINE('',#4389,#1026);
#765=LINE('',#4391,#1027);
#766=LINE('',#4392,#1028);
#767=LINE('',#4394,#1029);
#768=LINE('',#4395,#1030);
#769=LINE('',#4398,#1031);
#770=LINE('',#4400,#1032);
#771=LINE('',#4401,#1033);
#772=LINE('',#4406,#1034);
#773=LINE('',#4407,#1035);
#774=LINE('',#4410,#1036);
#775=LINE('',#4411,#1037);
#776=LINE('',#4413,#1038);
#777=LINE('',#4415,#1039);
#778=LINE('',#4417,#1040);
#779=LINE('',#4424,#1041);
#780=LINE('',#4425,#1042);
#781=LINE('',#4431,#1043);
#782=LINE('',#4432,#1044);
#783=LINE('',#4438,#1045);
#784=LINE('',#4439,#1046);
#785=LINE('',#4441,#1047);
#786=LINE('',#4443,#1048);
#787=LINE('',#4445,#1049);
#788=LINE('',#4446,#1050);
#789=LINE('',#4449,#1051);
#790=LINE('',#4451,#1052);
#791=LINE('',#4452,#1053);
#792=LINE('',#4454,#1054);
#793=LINE('',#4456,#1055);
#794=LINE('',#4457,#1056);
#795=LINE('',#4459,#1057);
#796=LINE('',#4460,#1058);
#797=LINE('',#4466,#1059);
#798=LINE('',#4472,#1060);
#799=LINE('',#4478,#1061);
#800=LINE('',#4485,#1062);
#801=VECTOR('',#2889,10.);
#802=VECTOR('',#2890,10.);
#803=VECTOR('',#2891,10.);
#804=VECTOR('',#2894,10.);
#805=VECTOR('',#2897,10.);
#806=VECTOR('',#2898,10.);
#807=VECTOR('',#2899,10.);
#808=VECTOR('',#2912,2.);
#809=VECTOR('',#2919,10.);
#810=VECTOR('',#2922,10.);
#811=VECTOR('',#2923,10.);
#812=VECTOR('',#2926,10.);
#813=VECTOR('',#2927,10.);
#814=VECTOR('',#2930,10.);
#815=VECTOR('',#2931,10.);
#816=VECTOR('',#2934,10.);
#817=VECTOR('',#2937,10.);
#818=VECTOR('',#2938,10.);
#819=VECTOR('',#2939,10.);
#820=VECTOR('',#2940,10.);
#821=VECTOR('',#2941,10.);
#822=VECTOR('',#2942,10.);
#823=VECTOR('',#2945,10.);
#824=VECTOR('',#2948,10.);
#825=VECTOR('',#2951,10.);
#826=VECTOR('',#2954,10.);
#827=VECTOR('',#2957,10.);
#828=VECTOR('',#2958,10.);
#829=VECTOR('',#2959,10.);
#830=VECTOR('',#2960,10.);
#831=VECTOR('',#2963,10.);
#832=VECTOR('',#2966,10.);
#833=VECTOR('',#2969,10.);
#834=VECTOR('',#2972,10.);
#835=VECTOR('',#2975,10.);
#836=VECTOR('',#2978,10.);
#837=VECTOR('',#2981,10.);
#838=VECTOR('',#2982,10.);
#839=VECTOR('',#2983,10.);
#840=VECTOR('',#2984,10.);
#841=VECTOR('',#2987,10.);
#842=VECTOR('',#2988,10.);
#843=VECTOR('',#2991,10.);
#844=VECTOR('',#2996,10.);
#845=VECTOR('',#2997,10.);
#846=VECTOR('',#2998,10.);
#847=VECTOR('',#3009,2.);
#848=VECTOR('',#3016,10.);
#849=VECTOR('',#3019,10.);
#850=VECTOR('',#3022,10.);
#851=VECTOR('',#3027,6.99999999999999);
#852=VECTOR('',#3030,10.);
#853=VECTOR('',#3031,10.);
#854=VECTOR('',#3032,10.);
#855=VECTOR('',#3037,10.);
#856=VECTOR('',#3040,10.);
#857=VECTOR('',#3041,10.);
#858=VECTOR('',#3048,10.);
#859=VECTOR('',#3049,10.);
#860=VECTOR('',#3050,10.);
#861=VECTOR('',#3055,10.);
#862=VECTOR('',#3058,10.);
#863=VECTOR('',#3059,10.);
#864=VECTOR('',#3066,10.);
#865=VECTOR('',#3067,10.);
#866=VECTOR('',#3068,10.);
#867=VECTOR('',#3071,10.);
#868=VECTOR('',#3072,10.);
#869=VECTOR('',#3075,10.);
#870=VECTOR('',#3076,10.);
#871=VECTOR('',#3079,10.);
#872=VECTOR('',#3084,6.99999999999999);
#873=VECTOR('',#3087,10.);
#874=VECTOR('',#3088,10.);
#875=VECTOR('',#3089,10.);
#876=VECTOR('',#3094,10.);
#877=VECTOR('',#3097,10.);
#878=VECTOR('',#3098,10.);
#879=VECTOR('',#3105,10.);
#880=VECTOR('',#3106,10.);
#881=VECTOR('',#3107,10.);
#882=VECTOR('',#3112,10.);
#883=VECTOR('',#3115,10.);
#884=VECTOR('',#3116,10.);
#885=VECTOR('',#3123,10.);
#886=VECTOR('',#3124,10.);
#887=VECTOR('',#3125,10.);
#888=VECTOR('',#3130,10.);
#889=VECTOR('',#3133,10.);
#890=VECTOR('',#3134,10.);
#891=VECTOR('',#3141,10.);
#892=VECTOR('',#3142,10.);
#893=VECTOR('',#3143,10.);
#894=VECTOR('',#3146,10.);
#895=VECTOR('',#3147,10.);
#896=VECTOR('',#3150,10.);
#897=VECTOR('',#3151,10.);
#898=VECTOR('',#3154,10.);
#899=VECTOR('',#3157,10.);
#900=VECTOR('',#3160,10.);
#901=VECTOR('',#3163,10.);
#902=VECTOR('',#3164,10.);
#903=VECTOR('',#3167,10.);
#904=VECTOR('',#3168,10.);
#905=VECTOR('',#3171,10.);
#906=VECTOR('',#3172,10.);
#907=VECTOR('',#3177,10.);
#908=VECTOR('',#3180,10.);
#909=VECTOR('',#3193,2.);
#910=VECTOR('',#3202,10.);
#911=VECTOR('',#3205,10.);
#912=VECTOR('',#3208,10.);
#913=VECTOR('',#3209,10.);
#914=VECTOR('',#3210,10.);
#915=VECTOR('',#3213,10.);
#916=VECTOR('',#3214,10.);
#917=VECTOR('',#3225,2.);
#918=VECTOR('',#3234,10.);
#919=VECTOR('',#3237,10.);
#920=VECTOR('',#3240,10.);
#921=VECTOR('',#3241,10.);
#922=VECTOR('',#3242,10.);
#923=VECTOR('',#3245,10.);
#924=VECTOR('',#3246,10.);
#925=VECTOR('',#3249,10.);
#926=VECTOR('',#3250,10.);
#927=VECTOR('',#3251,10.);
#928=VECTOR('',#3252,10.);
#929=VECTOR('',#3255,10.);
#930=VECTOR('',#3262,10.);
#931=VECTOR('',#3263,10.);
#932=VECTOR('',#3264,10.);
#933=VECTOR('',#3267,10.);
#934=VECTOR('',#3274,10.);
#935=VECTOR('',#3275,10.);
#936=VECTOR('',#3276,10.);
#937=VECTOR('',#3279,10.);
#938=VECTOR('',#3286,10.);
#939=VECTOR('',#3287,10.);
#940=VECTOR('',#3288,10.);
#941=VECTOR('',#3297,10.);
#942=VECTOR('',#3300,10.);
#943=VECTOR('',#3303,10.);
#944=VECTOR('',#3304,10.);
#945=VECTOR('',#3307,10.);
#946=VECTOR('',#3312,10.);
#947=VECTOR('',#3313,10.);
#948=VECTOR('',#3316,10.);
#949=VECTOR('',#3317,10.);
#950=VECTOR('',#3318,10.);
#951=VECTOR('',#3319,10.);
#952=VECTOR('',#3322,10.);
#953=VECTOR('',#3325,10.);
#954=VECTOR('',#3328,10.);
#955=VECTOR('',#3333,10.);
#956=VECTOR('',#3334,10.);
#957=VECTOR('',#3335,10.);
#958=VECTOR('',#3338,10.);
#959=VECTOR('',#3343,10.);
#960=VECTOR('',#3344,10.);
#961=VECTOR('',#3347,10.);
#962=VECTOR('',#3352,10.);
#963=VECTOR('',#3353,10.);
#964=VECTOR('',#3356,10.);
#965=VECTOR('',#3361,10.);
#966=VECTOR('',#3362,10.);
#967=VECTOR('',#3369,10.);
#968=VECTOR('',#3372,10.);
#969=VECTOR('',#3375,10.);
#970=VECTOR('',#3376,10.);
#971=VECTOR('',#3379,10.);
#972=VECTOR('',#3384,10.);
#973=VECTOR('',#3385,10.);
#974=VECTOR('',#3388,10.);
#975=VECTOR('',#3391,10.);
#976=VECTOR('',#3394,10.);
#977=VECTOR('',#3395,10.);
#978=VECTOR('',#3398,10.);
#979=VECTOR('',#3405,10.);
#980=VECTOR('',#3406,10.);
#981=VECTOR('',#3407,10.);
#982=VECTOR('',#3410,10.);
#983=VECTOR('',#3417,10.);
#984=VECTOR('',#3418,10.);
#985=VECTOR('',#3419,10.);
#986=VECTOR('',#3422,10.);
#987=VECTOR('',#3427,10.);
#988=VECTOR('',#3430,10.);
#989=VECTOR('',#3431,10.);
#990=VECTOR('',#3436,10.);
#991=VECTOR('',#3437,10.);
#992=VECTOR('',#3438,10.);
#993=VECTOR('',#3439,10.);
#994=VECTOR('',#3440,10.);
#995=VECTOR('',#3443,10.);
#996=VECTOR('',#3446,10.);
#997=VECTOR('',#3449,10.);
#998=VECTOR('',#3452,10.);
#999=VECTOR('',#3453,10.);
#1000=VECTOR('',#3454,10.);
#1001=VECTOR('',#3455,10.);
#1002=VECTOR('',#3458,10.);
#1003=VECTOR('',#3459,10.);
#1004=VECTOR('',#3462,10.);
#1005=VECTOR('',#3467,10.);
#1006=VECTOR('',#3468,10.);
#1007=VECTOR('',#3471,10.);
#1008=VECTOR('',#3476,10.);
#1009=VECTOR('',#3477,10.);
#1010=VECTOR('',#3480,10.);
#1011=VECTOR('',#3483,10.);
#1012=VECTOR('',#3488,10.);
#1013=VECTOR('',#3489,10.);
#1014=VECTOR('',#3492,10.);
#1015=VECTOR('',#3499,10.);
#1016=VECTOR('',#3504,10.);
#1017=VECTOR('',#3505,10.);
#1018=VECTOR('',#3506,10.);
#1019=VECTOR('',#3509,10.);
#1020=VECTOR('',#3510,10.);
#1021=VECTOR('',#3513,10.);
#1022=VECTOR('',#3514,10.);
#1023=VECTOR('',#3517,10.);
#1024=VECTOR('',#3522,10.);
#1025=VECTOR('',#3525,10.);
#1026=VECTOR('',#3528,10.);
#1027=VECTOR('',#3529,10.);
#1028=VECTOR('',#3530,10.);
#1029=VECTOR('',#3533,10.);
#1030=VECTOR('',#3534,10.);
#1031=VECTOR('',#3537,10.);
#1032=VECTOR('',#3538,10.);
#1033=VECTOR('',#3539,10.);
#1034=VECTOR('',#3546,10.);
#1035=VECTOR('',#3547,10.);
#1036=VECTOR('',#3550,10.);
#1037=VECTOR('',#3551,10.);
#1038=VECTOR('',#3554,10.);
#1039=VECTOR('',#3557,10.);
#1040=VECTOR('',#3560,10.);
#1041=VECTOR('',#3567,10.);
#1042=VECTOR('',#3568,10.);
#1043=VECTOR('',#3573,10.);
#1044=VECTOR('',#3574,10.);
#1045=VECTOR('',#3579,10.);
#1046=VECTOR('',#3580,10.);
#1047=VECTOR('',#3583,10.);
#1048=VECTOR('',#3584,10.);
#1049=VECTOR('',#3585,10.);
#1050=VECTOR('',#3586,10.);
#1051=VECTOR('',#3589,10.);
#1052=VECTOR('',#3590,10.);
#1053=VECTOR('',#3591,10.);
#1054=VECTOR('',#3594,10.);
#1055=VECTOR('',#3595,10.);
#1056=VECTOR('',#3596,10.);
#1057=VECTOR('',#3599,10.);
#1058=VECTOR('',#3600,10.);
#1059=VECTOR('',#3607,10.);
#1060=VECTOR('',#3616,10.);
#1061=VECTOR('',#3623,10.);
#1062=VECTOR('',#3636,10.);
#1063=VERTEX_POINT('',#3644);
#1064=VERTEX_POINT('',#3645);
#1065=VERTEX_POINT('',#3647);
#1066=VERTEX_POINT('',#3649);
#1067=VERTEX_POINT('',#3651);
#1068=VERTEX_POINT('',#3655);
#1069=VERTEX_POINT('',#3657);
#1070=VERTEX_POINT('',#3687);
#1071=VERTEX_POINT('',#3689);
#1072=VERTEX_POINT('',#3691);
#1073=VERTEX_POINT('',#3695);
#1074=VERTEX_POINT('',#3700);
#1075=VERTEX_POINT('',#3704);
#1076=VERTEX_POINT('',#3708);
#1077=VERTEX_POINT('',#3712);
#1078=VERTEX_POINT('',#3714);
#1079=VERTEX_POINT('',#3716);
#1080=VERTEX_POINT('',#3718);
#1081=VERTEX_POINT('',#3720);
#1082=VERTEX_POINT('',#3722);
#1083=VERTEX_POINT('',#3724);
#1084=VERTEX_POINT('',#3726);
#1085=VERTEX_POINT('',#3728);
#1086=VERTEX_POINT('',#3730);
#1087=VERTEX_POINT('',#3733);
#1088=VERTEX_POINT('',#3735);
#1089=VERTEX_POINT('',#3736);
#1090=VERTEX_POINT('',#3738);
#1091=VERTEX_POINT('',#3740);
#1092=VERTEX_POINT('',#3743);
#1093=VERTEX_POINT('',#3744);
#1094=VERTEX_POINT('',#3746);
#1095=VERTEX_POINT('',#3748);
#1096=VERTEX_POINT('',#3751);
#1097=VERTEX_POINT('',#3752);
#1098=VERTEX_POINT('',#3754);
#1099=VERTEX_POINT('',#3756);
#1100=VERTEX_POINT('',#3759);
#1101=VERTEX_POINT('',#3761);
#1102=VERTEX_POINT('',#3762);
#1103=VERTEX_POINT('',#3764);
#1104=VERTEX_POINT('',#3766);
#1105=VERTEX_POINT('',#3769);
#1106=VERTEX_POINT('',#3770);
#1107=VERTEX_POINT('',#3772);
#1108=VERTEX_POINT('',#3774);
#1109=VERTEX_POINT('',#3777);
#1110=VERTEX_POINT('',#3778);
#1111=VERTEX_POINT('',#3780);
#1112=VERTEX_POINT('',#3782);
#1113=VERTEX_POINT('',#3785);
#1114=VERTEX_POINT('',#3786);
#1115=VERTEX_POINT('',#3788);
#1116=VERTEX_POINT('',#3790);
#1117=VERTEX_POINT('',#3794);
#1118=VERTEX_POINT('',#3796);
#1119=VERTEX_POINT('',#3798);
#1120=VERTEX_POINT('',#3801);
#1121=VERTEX_POINT('',#3804);
#1122=VERTEX_POINT('',#3806);
#1123=VERTEX_POINT('',#3836);
#1124=VERTEX_POINT('',#3838);
#1125=VERTEX_POINT('',#3840);
#1126=VERTEX_POINT('',#3847);
#1127=VERTEX_POINT('',#3855);
#1128=VERTEX_POINT('',#3859);
#1129=VERTEX_POINT('',#3861);
#1130=VERTEX_POINT('',#3865);
#1131=VERTEX_POINT('',#3869);
#1132=VERTEX_POINT('',#3875);
#1133=VERTEX_POINT('',#3877);
#1134=VERTEX_POINT('',#3881);
#1135=VERTEX_POINT('',#3885);
#1136=VERTEX_POINT('',#3891);
#1137=VERTEX_POINT('',#3893);
#1138=VERTEX_POINT('',#3897);
#1139=VERTEX_POINT('',#3901);
#1140=VERTEX_POINT('',#3907);
#1141=VERTEX_POINT('',#3911);
#1142=VERTEX_POINT('',#3913);
#1143=VERTEX_POINT('',#3917);
#1144=VERTEX_POINT('',#3921);
#1145=VERTEX_POINT('',#3927);
#1146=VERTEX_POINT('',#3929);
#1147=VERTEX_POINT('',#3933);
#1148=VERTEX_POINT('',#3937);
#1149=VERTEX_POINT('',#3943);
#1150=VERTEX_POINT('',#3945);
#1151=VERTEX_POINT('',#3949);
#1152=VERTEX_POINT('',#3953);
#1153=VERTEX_POINT('',#3959);
#1154=VERTEX_POINT('',#3961);
#1155=VERTEX_POINT('',#3965);
#1156=VERTEX_POINT('',#3969);
#1157=VERTEX_POINT('',#3975);
#1158=VERTEX_POINT('',#3977);
#1159=VERTEX_POINT('',#3981);
#1160=VERTEX_POINT('',#3985);
#1161=VERTEX_POINT('',#3989);
#1162=VERTEX_POINT('',#3993);
#1163=VERTEX_POINT('',#4026);
#1164=VERTEX_POINT('',#4027);
#1165=VERTEX_POINT('',#4030);
#1166=VERTEX_POINT('',#4034);
#1167=VERTEX_POINT('',#4039);
#1168=VERTEX_POINT('',#4040);
#1169=VERTEX_POINT('',#4042);
#1170=VERTEX_POINT('',#4044);
#1171=VERTEX_POINT('',#4048);
#1172=VERTEX_POINT('',#4050);
#1173=VERTEX_POINT('',#4054);
#1174=VERTEX_POINT('',#4084);
#1175=VERTEX_POINT('',#4085);
#1176=VERTEX_POINT('',#4087);
#1177=VERTEX_POINT('',#4092);
#1178=VERTEX_POINT('',#4097);
#1179=VERTEX_POINT('',#4098);
#1180=VERTEX_POINT('',#4100);
#1181=VERTEX_POINT('',#4102);
#1182=VERTEX_POINT('',#4106);
#1183=VERTEX_POINT('',#4108);
#1184=VERTEX_POINT('',#4112);
#1185=VERTEX_POINT('',#4116);
#1186=VERTEX_POINT('',#4117);
#1187=VERTEX_POINT('',#4119);
#1188=VERTEX_POINT('',#4121);
#1189=VERTEX_POINT('',#4125);
#1190=VERTEX_POINT('',#4126);
#1191=VERTEX_POINT('',#4131);
#1192=VERTEX_POINT('',#4132);
#1193=VERTEX_POINT('',#4137);
#1194=VERTEX_POINT('',#4138);
#1195=VERTEX_POINT('',#4143);
#1196=VERTEX_POINT('',#4144);
#1197=VERTEX_POINT('',#4149);
#1198=VERTEX_POINT('',#4150);
#1199=VERTEX_POINT('',#4155);
#1200=VERTEX_POINT('',#4156);
#1201=VERTEX_POINT('',#4164);
#1202=VERTEX_POINT('',#4166);
#1203=VERTEX_POINT('',#4170);
#1204=VERTEX_POINT('',#4174);
#1205=VERTEX_POINT('',#4178);
#1206=VERTEX_POINT('',#4182);
#1207=VERTEX_POINT('',#4183);
#1208=VERTEX_POINT('',#4187);
#1209=VERTEX_POINT('',#4188);
#1210=VERTEX_POINT('',#4190);
#1211=VERTEX_POINT('',#4192);
#1212=VERTEX_POINT('',#4194);
#1213=VERTEX_POINT('',#4196);
#1214=VERTEX_POINT('',#4198);
#1215=VERTEX_POINT('',#4200);
#1216=VERTEX_POINT('',#4204);
#1217=VERTEX_POINT('',#4206);
#1218=VERTEX_POINT('',#4210);
#1219=VERTEX_POINT('',#4214);
#1220=VERTEX_POINT('',#4218);
#1221=VERTEX_POINT('',#4222);
#1222=VERTEX_POINT('',#4226);
#1223=VERTEX_POINT('',#4230);
#1224=VERTEX_POINT('',#4236);
#1225=VERTEX_POINT('',#4238);
#1226=VERTEX_POINT('',#4242);
#1227=VERTEX_POINT('',#4246);
#1228=VERTEX_POINT('',#4250);
#1229=VERTEX_POINT('',#4254);
#1230=VERTEX_POINT('',#4256);
#1231=VERTEX_POINT('',#4260);
#1232=VERTEX_POINT('',#4264);
#1233=VERTEX_POINT('',#4265);
#1234=VERTEX_POINT('',#4270);
#1235=VERTEX_POINT('',#4271);
#1236=VERTEX_POINT('',#4276);
#1237=VERTEX_POINT('',#4277);
#1238=VERTEX_POINT('',#4282);
#1239=VERTEX_POINT('',#4287);
#1240=VERTEX_POINT('',#4297);
#1241=VERTEX_POINT('',#4298);
#1242=VERTEX_POINT('',#4300);
#1243=VERTEX_POINT('',#4302);
#1244=VERTEX_POINT('',#4305);
#1245=VERTEX_POINT('',#4306);
#1246=VERTEX_POINT('',#4308);
#1247=VERTEX_POINT('',#4310);
#1248=VERTEX_POINT('',#4312);
#1249=VERTEX_POINT('',#4314);
#1250=VERTEX_POINT('',#4316);
#1251=VERTEX_POINT('',#4318);
#1252=VERTEX_POINT('',#4321);
#1253=VERTEX_POINT('',#4322);
#1254=VERTEX_POINT('',#4324);
#1255=VERTEX_POINT('',#4326);
#1256=VERTEX_POINT('',#4333);
#1257=VERTEX_POINT('',#4337);
#1258=VERTEX_POINT('',#4341);
#1259=VERTEX_POINT('',#4363);
#1260=VERTEX_POINT('',#4364);
#1261=VERTEX_POINT('',#4369);
#1262=VERTEX_POINT('',#4373);
#1263=VERTEX_POINT('',#4379);
#1264=VERTEX_POINT('',#4380);
#1265=VERTEX_POINT('',#4382);
#1266=VERTEX_POINT('',#4384);
#1267=VERTEX_POINT('',#4388);
#1268=VERTEX_POINT('',#4390);
#1269=VERTEX_POINT('',#4397);
#1270=VERTEX_POINT('',#4399);
#1271=VERTEX_POINT('',#4405);
#1272=VERTEX_POINT('',#4409);
#1273=VERTEX_POINT('',#4420);
#1274=VERTEX_POINT('',#4421);
#1275=VERTEX_POINT('',#4423);
#1276=VERTEX_POINT('',#4427);
#1277=VERTEX_POINT('',#4428);
#1278=VERTEX_POINT('',#4430);
#1279=VERTEX_POINT('',#4434);
#1280=VERTEX_POINT('',#4435);
#1281=VERTEX_POINT('',#4437);
#1282=VERTEX_POINT('',#4442);
#1283=VERTEX_POINT('',#4444);
#1284=VERTEX_POINT('',#4448);
#1285=VERTEX_POINT('',#4450);
#1286=VERTEX_POINT('',#4455);
#1287=VERTEX_POINT('',#4463);
#1288=VERTEX_POINT('',#4465);
#1289=VERTEX_POINT('',#4469);
#1290=VERTEX_POINT('',#4474);
#1291=VERTEX_POINT('',#4477);
#1292=EDGE_CURVE('',#1063,#1064,#539,.T.);
#1293=EDGE_CURVE('',#1065,#1063,#540,.T.);
#1294=EDGE_CURVE('',#1066,#1065,#541,.T.);
#1295=EDGE_CURVE('',#1067,#1066,#440,.T.);
#1296=EDGE_CURVE('',#1064,#1067,#542,.T.);
#1297=EDGE_CURVE('',#1068,#1065,#543,.T.);
#1298=EDGE_CURVE('',#1068,#1069,#544,.T.);
#1299=EDGE_CURVE('',#1069,#1066,#545,.T.);
#1300=EDGE_CURVE('',#1070,#1070,#441,.T.);
#1301=EDGE_CURVE('',#1070,#1071,#442,.T.);
#1302=EDGE_CURVE('',#1071,#1072,#443,.T.);
#1303=EDGE_CURVE('',#1072,#1071,#444,.T.);
#1304=EDGE_CURVE('',#1073,#1073,#445,.F.);
#1305=EDGE_CURVE('',#1073,#1072,#546,.T.);
#1306=EDGE_CURVE('',#1074,#1069,#446,.T.);
#1307=EDGE_CURVE('',#1074,#1067,#547,.T.);
#1308=EDGE_CURVE('',#1064,#1075,#548,.T.);
#1309=EDGE_CURVE('',#1075,#1074,#549,.T.);
#1310=EDGE_CURVE('',#1075,#1076,#550,.T.);
#1311=EDGE_CURVE('',#1076,#1068,#551,.T.);
#1312=EDGE_CURVE('',#1076,#1077,#552,.T.);
#1313=EDGE_CURVE('',#1077,#1078,#553,.T.);
#1314=EDGE_CURVE('',#1079,#1078,#447,.T.);
#1315=EDGE_CURVE('',#1079,#1080,#554,.T.);
#1316=EDGE_CURVE('',#1081,#1080,#448,.T.);
#1317=EDGE_CURVE('',#1081,#1082,#555,.T.);
#1318=EDGE_CURVE('',#1082,#1083,#556,.T.);
#1319=EDGE_CURVE('',#1083,#1084,#557,.T.);
#1320=EDGE_CURVE('',#1084,#1085,#558,.T.);
#1321=EDGE_CURVE('',#1085,#1086,#559,.T.);
#1322=EDGE_CURVE('',#1086,#1063,#560,.T.);
#1323=EDGE_CURVE('',#1087,#1087,#449,.T.);
#1324=EDGE_CURVE('',#1088,#1089,#561,.T.);
#1325=EDGE_CURVE('',#1089,#1090,#450,.T.);
#1326=EDGE_CURVE('',#1090,#1091,#562,.T.);
#1327=EDGE_CURVE('',#1091,#1088,#451,.T.);
#1328=EDGE_CURVE('',#1092,#1093,#563,.T.);
#1329=EDGE_CURVE('',#1093,#1094,#452,.T.);
#1330=EDGE_CURVE('',#1094,#1095,#564,.T.);
#1331=EDGE_CURVE('',#1095,#1092,#453,.T.);
#1332=EDGE_CURVE('',#1096,#1097,#565,.T.);
#1333=EDGE_CURVE('',#1097,#1098,#566,.T.);
#1334=EDGE_CURVE('',#1098,#1099,#567,.T.);
#1335=EDGE_CURVE('',#1099,#1096,#568,.T.);
#1336=EDGE_CURVE('',#1100,#1100,#454,.T.);
#1337=EDGE_CURVE('',#1101,#1102,#569,.T.);
#1338=EDGE_CURVE('',#1102,#1103,#455,.T.);
#1339=EDGE_CURVE('',#1103,#1104,#570,.T.);
#1340=EDGE_CURVE('',#1104,#1101,#456,.T.);
#1341=EDGE_CURVE('',#1105,#1106,#571,.T.);
#1342=EDGE_CURVE('',#1106,#1107,#457,.T.);
#1343=EDGE_CURVE('',#1107,#1108,#572,.T.);
#1344=EDGE_CURVE('',#1108,#1105,#458,.T.);
#1345=EDGE_CURVE('',#1109,#1110,#573,.T.);
#1346=EDGE_CURVE('',#1110,#1111,#459,.T.);
#1347=EDGE_CURVE('',#1111,#1112,#574,.T.);
#1348=EDGE_CURVE('',#1112,#1109,#460,.T.);
#1349=EDGE_CURVE('',#1113,#1114,#575,.T.);
#1350=EDGE_CURVE('',#1114,#1115,#576,.T.);
#1351=EDGE_CURVE('',#1115,#1116,#577,.T.);
#1352=EDGE_CURVE('',#1116,#1113,#578,.T.);
#1353=EDGE_CURVE('',#1117,#1083,#579,.T.);
#1354=EDGE_CURVE('',#1117,#1118,#580,.T.);
#1355=EDGE_CURVE('',#1119,#1118,#461,.T.);
#1356=EDGE_CURVE('',#1084,#1119,#581,.T.);
#1357=EDGE_CURVE('',#1120,#1120,#462,.F.);
#1358=EDGE_CURVE('',#1121,#1117,#582,.T.);
#1359=EDGE_CURVE('',#1122,#1121,#583,.T.);
#1360=EDGE_CURVE('',#1118,#1122,#584,.T.);
#1361=EDGE_CURVE('',#1123,#1123,#463,.T.);
#1362=EDGE_CURVE('',#1123,#1124,#464,.T.);
#1363=EDGE_CURVE('',#1125,#1124,#465,.T.);
#1364=EDGE_CURVE('',#1124,#1125,#466,.T.);
#1365=EDGE_CURVE('',#1120,#1125,#585,.T.);
#1366=EDGE_CURVE('',#1126,#1122,#467,.T.);
#1367=EDGE_CURVE('',#1119,#1126,#586,.T.);
#1368=EDGE_CURVE('',#1085,#1126,#587,.T.);
#1369=EDGE_CURVE('',#1086,#1121,#588,.T.);
#1370=EDGE_CURVE('',#1127,#1127,#468,.T.);
#1371=EDGE_CURVE('',#1127,#1087,#589,.T.);
#1372=EDGE_CURVE('',#1128,#1090,#590,.T.);
#1373=EDGE_CURVE('',#1129,#1128,#591,.T.);
#1374=EDGE_CURVE('',#1129,#1091,#592,.T.);
#1375=EDGE_CURVE('',#1130,#1129,#469,.T.);
#1376=EDGE_CURVE('',#1130,#1088,#593,.T.);
#1377=EDGE_CURVE('',#1131,#1130,#594,.T.);
#1378=EDGE_CURVE('',#1131,#1089,#595,.T.);
#1379=EDGE_CURVE('',#1128,#1131,#470,.T.);
#1380=EDGE_CURVE('',#1132,#1094,#596,.T.);
#1381=EDGE_CURVE('',#1133,#1132,#597,.T.);
#1382=EDGE_CURVE('',#1133,#1095,#598,.T.);
#1383=EDGE_CURVE('',#1134,#1133,#471,.T.);
#1384=EDGE_CURVE('',#1134,#1092,#599,.T.);
#1385=EDGE_CURVE('',#1135,#1134,#600,.T.);
#1386=EDGE_CURVE('',#1135,#1093,#601,.T.);
#1387=EDGE_CURVE('',#1132,#1135,#472,.T.);
#1388=EDGE_CURVE('',#1136,#1098,#602,.T.);
#1389=EDGE_CURVE('',#1137,#1136,#603,.T.);
#1390=EDGE_CURVE('',#1137,#1099,#604,.T.);
#1391=EDGE_CURVE('',#1138,#1137,#605,.T.);
#1392=EDGE_CURVE('',#1138,#1096,#606,.T.);
#1393=EDGE_CURVE('',#1139,#1138,#607,.T.);
#1394=EDGE_CURVE('',#1139,#1097,#608,.T.);
#1395=EDGE_CURVE('',#1136,#1139,#609,.T.);
#1396=EDGE_CURVE('',#1140,#1140,#473,.T.);
#1397=EDGE_CURVE('',#1140,#1100,#610,.T.);
#1398=EDGE_CURVE('',#1141,#1103,#611,.T.);
#1399=EDGE_CURVE('',#1142,#1141,#612,.T.);
#1400=EDGE_CURVE('',#1142,#1104,#613,.T.);
#1401=EDGE_CURVE('',#1143,#1142,#474,.T.);
#1402=EDGE_CURVE('',#1143,#1101,#614,.T.);
#1403=EDGE_CURVE('',#1144,#1143,#615,.T.);
#1404=EDGE_CURVE('',#1144,#1102,#616,.T.);
#1405=EDGE_CURVE('',#1141,#1144,#475,.T.);
#1406=EDGE_CURVE('',#1145,#1107,#617,.T.);
#1407=EDGE_CURVE('',#1146,#1145,#618,.T.);
#1408=EDGE_CURVE('',#1146,#1108,#619,.T.);
#1409=EDGE_CURVE('',#1147,#1146,#476,.T.);
#1410=EDGE_CURVE('',#1147,#1105,#620,.T.);
#1411=EDGE_CURVE('',#1148,#1147,#621,.T.);
#1412=EDGE_CURVE('',#1148,#1106,#622,.T.);
#1413=EDGE_CURVE('',#1145,#1148,#477,.T.);
#1414=EDGE_CURVE('',#1149,#1111,#623,.T.);
#1415=EDGE_CURVE('',#1150,#1149,#624,.T.);
#1416=EDGE_CURVE('',#1150,#1112,#625,.T.);
#1417=EDGE_CURVE('',#1151,#1150,#478,.T.);
#1418=EDGE_CURVE('',#1151,#1109,#626,.T.);
#1419=EDGE_CURVE('',#1152,#1151,#627,.T.);
#1420=EDGE_CURVE('',#1152,#1110,#628,.T.);
#1421=EDGE_CURVE('',#1149,#1152,#479,.T.);
#1422=EDGE_CURVE('',#1153,#1115,#629,.T.);
#1423=EDGE_CURVE('',#1154,#1153,#630,.T.);
#1424=EDGE_CURVE('',#1154,#1116,#631,.T.);
#1425=EDGE_CURVE('',#1155,#1154,#632,.T.);
#1426=EDGE_CURVE('',#1155,#1113,#633,.T.);
#1427=EDGE_CURVE('',#1156,#1155,#634,.T.);
#1428=EDGE_CURVE('',#1156,#1114,#635,.T.);
#1429=EDGE_CURVE('',#1153,#1156,#636,.T.);
#1430=EDGE_CURVE('',#1080,#1157,#637,.T.);
#1431=EDGE_CURVE('',#1158,#1157,#480,.T.);
#1432=EDGE_CURVE('',#1081,#1158,#638,.T.);
#1433=EDGE_CURVE('',#1159,#1158,#639,.T.);
#1434=EDGE_CURVE('',#1082,#1159,#640,.T.);
#1435=EDGE_CURVE('',#1160,#1159,#641,.T.);
#1436=EDGE_CURVE('',#1077,#1160,#642,.T.);
#1437=EDGE_CURVE('',#1161,#1160,#643,.T.);
#1438=EDGE_CURVE('',#1078,#1161,#644,.T.);
#1439=EDGE_CURVE('',#1162,#1161,#481,.T.);
#1440=EDGE_CURVE('',#1079,#1162,#645,.T.);
#1441=EDGE_CURVE('',#1157,#1162,#646,.T.);
#1442=EDGE_CURVE('',#1163,#1164,#482,.T.);
#1443=EDGE_CURVE('',#1164,#1163,#483,.T.);
#1444=EDGE_CURVE('',#1164,#1165,#484,.T.);
#1445=EDGE_CURVE('',#1165,#1165,#485,.T.);
#1446=EDGE_CURVE('',#1163,#1166,#647,.T.);
#1447=EDGE_CURVE('',#1166,#1166,#486,.T.);
#1448=EDGE_CURVE('',#1167,#1168,#487,.T.);
#1449=EDGE_CURVE('',#1168,#1169,#648,.T.);
#1450=EDGE_CURVE('',#1169,#1170,#488,.T.);
#1451=EDGE_CURVE('',#1167,#1170,#649,.T.);
#1452=EDGE_CURVE('',#1171,#1168,#650,.T.);
#1453=EDGE_CURVE('',#1172,#1171,#651,.T.);
#1454=EDGE_CURVE('',#1172,#1169,#652,.T.);
#1455=EDGE_CURVE('',#1170,#1173,#653,.T.);
#1456=EDGE_CURVE('',#1173,#1172,#654,.T.);
#1457=EDGE_CURVE('',#1174,#1175,#489,.T.);
#1458=EDGE_CURVE('',#1175,#1176,#490,.T.);
#1459=EDGE_CURVE('',#1176,#1176,#491,.T.);
#1460=EDGE_CURVE('',#1175,#1174,#492,.T.);
#1461=EDGE_CURVE('',#1174,#1177,#655,.T.);
#1462=EDGE_CURVE('',#1177,#1177,#493,.T.);
#1463=EDGE_CURVE('',#1178,#1179,#494,.T.);
#1464=EDGE_CURVE('',#1178,#1180,#656,.T.);
#1465=EDGE_CURVE('',#1181,#1180,#495,.T.);
#1466=EDGE_CURVE('',#1179,#1181,#657,.T.);
#1467=EDGE_CURVE('',#1182,#1179,#658,.T.);
#1468=EDGE_CURVE('',#1183,#1181,#659,.T.);
#1469=EDGE_CURVE('',#1182,#1183,#660,.T.);
#1470=EDGE_CURVE('',#1180,#1184,#661,.T.);
#1471=EDGE_CURVE('',#1183,#1184,#662,.T.);
#1472=EDGE_CURVE('',#1185,#1186,#663,.T.);
#1473=EDGE_CURVE('',#1186,#1187,#664,.T.);
#1474=EDGE_CURVE('',#1187,#1188,#665,.T.);
#1475=EDGE_CURVE('',#1188,#1185,#666,.T.);
#1476=EDGE_CURVE('',#1189,#1190,#667,.T.);
#1477=EDGE_CURVE('',#1190,#1186,#496,.T.);
#1478=EDGE_CURVE('',#1185,#1189,#497,.T.);
#1479=EDGE_CURVE('',#1191,#1192,#668,.T.);
#1480=EDGE_CURVE('',#1192,#1190,#669,.T.);
#1481=EDGE_CURVE('',#1189,#1191,#670,.T.);
#1482=EDGE_CURVE('',#1193,#1194,#671,.T.);
#1483=EDGE_CURVE('',#1194,#1192,#498,.T.);
#1484=EDGE_CURVE('',#1191,#1193,#499,.T.);
#1485=EDGE_CURVE('',#1195,#1196,#672,.T.);
#1486=EDGE_CURVE('',#1196,#1194,#673,.T.);
#1487=EDGE_CURVE('',#1193,#1195,#674,.T.);
#1488=EDGE_CURVE('',#1197,#1198,#675,.T.);
#1489=EDGE_CURVE('',#1198,#1196,#500,.T.);
#1490=EDGE_CURVE('',#1195,#1197,#501,.T.);
#1491=EDGE_CURVE('',#1199,#1200,#676,.T.);
#1492=EDGE_CURVE('',#1200,#1198,#677,.T.);
#1493=EDGE_CURVE('',#1197,#1199,#678,.T.);
#1494=EDGE_CURVE('',#1187,#1200,#502,.T.);
#1495=EDGE_CURVE('',#1199,#1188,#503,.T.);
#1496=EDGE_CURVE('',#1191,#1201,#679,.T.);
#1497=EDGE_CURVE('',#1202,#1201,#504,.T.);
#1498=EDGE_CURVE('',#1193,#1202,#680,.T.);
#1499=EDGE_CURVE('',#1189,#1203,#681,.T.);
#1500=EDGE_CURVE('',#1201,#1203,#682,.T.);
#1501=EDGE_CURVE('',#1185,#1204,#683,.T.);
#1502=EDGE_CURVE('',#1203,#1204,#505,.T.);
#1503=EDGE_CURVE('',#1188,#1205,#684,.T.);
#1504=EDGE_CURVE('',#1204,#1205,#685,.T.);
#1505=EDGE_CURVE('',#1206,#1207,#686,.T.);
#1506=EDGE_CURVE('',#1206,#1178,#687,.T.);
#1507=EDGE_CURVE('',#1207,#1182,#688,.T.);
#1508=EDGE_CURVE('',#1208,#1209,#689,.T.);
#1509=EDGE_CURVE('',#1210,#1208,#506,.T.);
#1510=EDGE_CURVE('',#1211,#1210,#690,.T.);
#1511=EDGE_CURVE('',#1212,#1211,#507,.T.);
#1512=EDGE_CURVE('',#1213,#1212,#691,.T.);
#1513=EDGE_CURVE('',#1214,#1213,#508,.T.);
#1514=EDGE_CURVE('',#1215,#1214,#692,.T.);
#1515=EDGE_CURVE('',#1209,#1215,#509,.T.);
#1516=EDGE_CURVE('',#1216,#1208,#693,.T.);
#1517=EDGE_CURVE('',#1209,#1217,#694,.T.);
#1518=EDGE_CURVE('',#1217,#1216,#695,.T.);
#1519=EDGE_CURVE('',#1218,#1210,#696,.T.);
#1520=EDGE_CURVE('',#1216,#1218,#510,.T.);
#1521=EDGE_CURVE('',#1219,#1211,#697,.T.);
#1522=EDGE_CURVE('',#1218,#1219,#698,.T.);
#1523=EDGE_CURVE('',#1220,#1212,#699,.T.);
#1524=EDGE_CURVE('',#1219,#1220,#511,.T.);
#1525=EDGE_CURVE('',#1221,#1213,#700,.T.);
#1526=EDGE_CURVE('',#1220,#1221,#701,.T.);
#1527=EDGE_CURVE('',#1222,#1214,#702,.T.);
#1528=EDGE_CURVE('',#1221,#1222,#512,.T.);
#1529=EDGE_CURVE('',#1223,#1215,#703,.T.);
#1530=EDGE_CURVE('',#1222,#1223,#704,.T.);
#1531=EDGE_CURVE('',#1223,#1217,#513,.T.);
#1532=EDGE_CURVE('',#1219,#1224,#705,.T.);
#1533=EDGE_CURVE('',#1225,#1224,#514,.T.);
#1534=EDGE_CURVE('',#1220,#1225,#706,.T.);
#1535=EDGE_CURVE('',#1218,#1226,#707,.T.);
#1536=EDGE_CURVE('',#1224,#1226,#708,.T.);
#1537=EDGE_CURVE('',#1216,#1227,#709,.T.);
#1538=EDGE_CURVE('',#1226,#1227,#515,.T.);
#1539=EDGE_CURVE('',#1217,#1228,#710,.T.);
#1540=EDGE_CURVE('',#1227,#1228,#711,.T.);
#1541=EDGE_CURVE('',#1204,#1229,#712,.T.);
#1542=EDGE_CURVE('',#1229,#1230,#516,.T.);
#1543=EDGE_CURVE('',#1230,#1203,#713,.T.);
#1544=EDGE_CURVE('',#1205,#1231,#714,.T.);
#1545=EDGE_CURVE('',#1231,#1229,#715,.T.);
#1546=EDGE_CURVE('',#1232,#1233,#716,.T.);
#1547=EDGE_CURVE('',#1233,#1231,#517,.T.);
#1548=EDGE_CURVE('',#1205,#1232,#518,.T.);
#1549=EDGE_CURVE('',#1234,#1235,#717,.T.);
#1550=EDGE_CURVE('',#1235,#1233,#718,.T.);
#1551=EDGE_CURVE('',#1232,#1234,#719,.T.);
#1552=EDGE_CURVE('',#1236,#1237,#720,.T.);
#1553=EDGE_CURVE('',#1237,#1235,#519,.T.);
#1554=EDGE_CURVE('',#1234,#1236,#520,.T.);
#1555=EDGE_CURVE('',#1202,#1238,#721,.T.);
#1556=EDGE_CURVE('',#1238,#1237,#722,.T.);
#1557=EDGE_CURVE('',#1236,#1202,#723,.T.);
#1558=EDGE_CURVE('',#1201,#1239,#724,.T.);
#1559=EDGE_CURVE('',#1239,#1238,#521,.T.);
#1560=EDGE_CURVE('',#1230,#1239,#725,.T.);
#1561=EDGE_CURVE('',#1197,#1234,#726,.T.);
#1562=EDGE_CURVE('',#1199,#1232,#727,.T.);
#1563=EDGE_CURVE('',#1240,#1241,#728,.T.);
#1564=EDGE_CURVE('',#1242,#1241,#729,.T.);
#1565=EDGE_CURVE('',#1242,#1243,#730,.T.);
#1566=EDGE_CURVE('',#1240,#1243,#731,.T.);
#1567=EDGE_CURVE('',#1244,#1245,#732,.T.);
#1568=EDGE_CURVE('',#1246,#1244,#522,.T.);
#1569=EDGE_CURVE('',#1247,#1246,#733,.T.);
#1570=EDGE_CURVE('',#1248,#1247,#523,.T.);
#1571=EDGE_CURVE('',#1249,#1248,#734,.T.);
#1572=EDGE_CURVE('',#1250,#1249,#524,.T.);
#1573=EDGE_CURVE('',#1251,#1250,#735,.T.);
#1574=EDGE_CURVE('',#1245,#1251,#525,.T.);
#1575=EDGE_CURVE('',#1252,#1253,#736,.T.);
#1576=EDGE_CURVE('',#1253,#1254,#737,.T.);
#1577=EDGE_CURVE('',#1254,#1255,#738,.T.);
#1578=EDGE_CURVE('',#1255,#1252,#739,.T.);
#1579=EDGE_CURVE('',#1228,#1244,#740,.T.);
#1580=EDGE_CURVE('',#1245,#1227,#741,.T.);
#1581=EDGE_CURVE('',#1256,#1246,#742,.T.);
#1582=EDGE_CURVE('',#1228,#1256,#526,.T.);
#1583=EDGE_CURVE('',#1257,#1247,#743,.T.);
#1584=EDGE_CURVE('',#1256,#1257,#744,.T.);
#1585=EDGE_CURVE('',#1258,#1248,#745,.T.);
#1586=EDGE_CURVE('',#1257,#1258,#527,.T.);
#1587=EDGE_CURVE('',#1225,#1249,#746,.T.);
#1588=EDGE_CURVE('',#1258,#1225,#747,.T.);
#1589=EDGE_CURVE('',#1224,#1250,#748,.T.);
#1590=EDGE_CURVE('',#1226,#1251,#749,.T.);
#1591=EDGE_CURVE('',#1221,#1258,#750,.T.);
#1592=EDGE_CURVE('',#1222,#1257,#751,.T.);
#1593=EDGE_CURVE('',#1223,#1256,#752,.T.);
#1594=EDGE_CURVE('',#1195,#1236,#753,.T.);
#1595=EDGE_CURVE('',#1259,#1260,#754,.T.);
#1596=EDGE_CURVE('',#1252,#1259,#755,.T.);
#1597=EDGE_CURVE('',#1255,#1260,#756,.T.);
#1598=EDGE_CURVE('',#1261,#1259,#757,.T.);
#1599=EDGE_CURVE('',#1253,#1261,#758,.T.);
#1600=EDGE_CURVE('',#1262,#1261,#759,.T.);
#1601=EDGE_CURVE('',#1254,#1262,#760,.T.);
#1602=EDGE_CURVE('',#1260,#1262,#761,.T.);
#1603=EDGE_CURVE('',#1263,#1264,#528,.T.);
#1604=EDGE_CURVE('',#1264,#1265,#762,.T.);
#1605=EDGE_CURVE('',#1265,#1266,#529,.T.);
#1606=EDGE_CURVE('',#1266,#1263,#763,.T.);
#1607=EDGE_CURVE('',#1267,#1264,#764,.T.);
#1608=EDGE_CURVE('',#1268,#1267,#765,.T.);
#1609=EDGE_CURVE('',#1265,#1268,#766,.T.);
#1610=EDGE_CURVE('',#1263,#1167,#767,.T.);
#1611=EDGE_CURVE('',#1173,#1184,#768,.T.);
#1612=EDGE_CURVE('',#1267,#1206,#530,.T.);
#1613=EDGE_CURVE('',#1243,#1269,#769,.T.);
#1614=EDGE_CURVE('',#1269,#1270,#770,.T.);
#1615=EDGE_CURVE('',#1270,#1240,#771,.T.);
#1616=EDGE_CURVE('',#1207,#1268,#531,.T.);
#1617=EDGE_CURVE('',#1271,#1242,#772,.T.);
#1618=EDGE_CURVE('',#1271,#1269,#773,.T.);
#1619=EDGE_CURVE('',#1272,#1271,#774,.T.);
#1620=EDGE_CURVE('',#1272,#1270,#775,.T.);
#1621=EDGE_CURVE('',#1241,#1272,#776,.T.);
#1622=EDGE_CURVE('',#1171,#1266,#777,.T.);
#1623=EDGE_CURVE('',#1183,#1172,#778,.T.);
#1624=EDGE_CURVE('',#1273,#1274,#532,.T.);
#1625=EDGE_CURVE('',#1275,#1273,#779,.T.);
#1626=EDGE_CURVE('',#1274,#1275,#780,.T.);
#1627=EDGE_CURVE('',#1276,#1277,#533,.T.);
#1628=EDGE_CURVE('',#1278,#1276,#781,.T.);
#1629=EDGE_CURVE('',#1277,#1278,#782,.T.);
#1630=EDGE_CURVE('',#1279,#1280,#534,.T.);
#1631=EDGE_CURVE('',#1281,#1279,#783,.T.);
#1632=EDGE_CURVE('',#1280,#1281,#784,.T.);
#1633=EDGE_CURVE('',#1279,#1274,#785,.T.);
#1634=EDGE_CURVE('',#1275,#1282,#786,.T.);
#1635=EDGE_CURVE('',#1283,#1282,#787,.T.);
#1636=EDGE_CURVE('',#1281,#1283,#788,.T.);
#1637=EDGE_CURVE('',#1284,#1280,#789,.T.);
#1638=EDGE_CURVE('',#1285,#1283,#790,.T.);
#1639=EDGE_CURVE('',#1284,#1285,#791,.T.);
#1640=EDGE_CURVE('',#1276,#1284,#792,.T.);
#1641=EDGE_CURVE('',#1286,#1285,#793,.T.);
#1642=EDGE_CURVE('',#1278,#1286,#794,.T.);
#1643=EDGE_CURVE('',#1273,#1277,#795,.T.);
#1644=EDGE_CURVE('',#1282,#1286,#796,.T.);
#1645=EDGE_CURVE('',#1284,#1287,#17,.T.);
#1646=EDGE_CURVE('',#1287,#1288,#797,.T.);
#1647=EDGE_CURVE('',#1288,#1280,#535,.T.);
#1648=EDGE_CURVE('',#1289,#1274,#536,.T.);
#1649=EDGE_CURVE('',#1279,#1288,#537,.T.);
#1650=EDGE_CURVE('',#1288,#1289,#798,.T.);
#1651=EDGE_CURVE('',#1290,#1277,#18,.T.);
#1652=EDGE_CURVE('',#1273,#1289,#538,.T.);
#1653=EDGE_CURVE('',#1289,#1291,#799,.T.);
#1654=EDGE_CURVE('',#1291,#1290,#19,.T.);
#1655=EDGE_CURVE('',#1276,#1290,#20,.T.);
#1656=EDGE_CURVE('',#1291,#1287,#800,.T.);
#1657=ORIENTED_EDGE('',*,*,#1292,.F.);
#1658=ORIENTED_EDGE('',*,*,#1293,.F.);
#1659=ORIENTED_EDGE('',*,*,#1294,.F.);
#1660=ORIENTED_EDGE('',*,*,#1295,.F.);
#1661=ORIENTED_EDGE('',*,*,#1296,.F.);
#1662=ORIENTED_EDGE('',*,*,#1297,.F.);
#1663=ORIENTED_EDGE('',*,*,#1298,.T.);
#1664=ORIENTED_EDGE('',*,*,#1299,.T.);
#1665=ORIENTED_EDGE('',*,*,#1294,.T.);
#1666=ORIENTED_EDGE('',*,*,#1300,.T.);
#1667=ORIENTED_EDGE('',*,*,#1301,.T.);
#1668=ORIENTED_EDGE('',*,*,#1302,.T.);
#1669=ORIENTED_EDGE('',*,*,#1303,.T.);
#1670=ORIENTED_EDGE('',*,*,#1301,.F.);
#1671=ORIENTED_EDGE('',*,*,#1304,.T.);
#1672=ORIENTED_EDGE('',*,*,#1305,.T.);
#1673=ORIENTED_EDGE('',*,*,#1302,.F.);
#1674=ORIENTED_EDGE('',*,*,#1303,.F.);
#1675=ORIENTED_EDGE('',*,*,#1305,.F.);
#1676=ORIENTED_EDGE('',*,*,#1300,.F.);
#1677=ORIENTED_EDGE('',*,*,#1306,.F.);
#1678=ORIENTED_EDGE('',*,*,#1307,.T.);
#1679=ORIENTED_EDGE('',*,*,#1295,.T.);
#1680=ORIENTED_EDGE('',*,*,#1299,.F.);
#1681=ORIENTED_EDGE('',*,*,#1308,.F.);
#1682=ORIENTED_EDGE('',*,*,#1296,.T.);
#1683=ORIENTED_EDGE('',*,*,#1307,.F.);
#1684=ORIENTED_EDGE('',*,*,#1309,.F.);
#1685=ORIENTED_EDGE('',*,*,#1310,.F.);
#1686=ORIENTED_EDGE('',*,*,#1309,.T.);
#1687=ORIENTED_EDGE('',*,*,#1306,.T.);
#1688=ORIENTED_EDGE('',*,*,#1298,.F.);
#1689=ORIENTED_EDGE('',*,*,#1311,.F.);
#1690=ORIENTED_EDGE('',*,*,#1304,.F.);
#1691=ORIENTED_EDGE('',*,*,#1292,.T.);
#1692=ORIENTED_EDGE('',*,*,#1308,.T.);
#1693=ORIENTED_EDGE('',*,*,#1310,.T.);
#1694=ORIENTED_EDGE('',*,*,#1312,.T.);
#1695=ORIENTED_EDGE('',*,*,#1313,.T.);
#1696=ORIENTED_EDGE('',*,*,#1314,.F.);
#1697=ORIENTED_EDGE('',*,*,#1315,.T.);
#1698=ORIENTED_EDGE('',*,*,#1316,.F.);
#1699=ORIENTED_EDGE('',*,*,#1317,.T.);
#1700=ORIENTED_EDGE('',*,*,#1318,.T.);
#1701=ORIENTED_EDGE('',*,*,#1319,.T.);
#1702=ORIENTED_EDGE('',*,*,#1320,.T.);
#1703=ORIENTED_EDGE('',*,*,#1321,.T.);
#1704=ORIENTED_EDGE('',*,*,#1322,.T.);
#1705=ORIENTED_EDGE('',*,*,#1323,.T.);
#1706=ORIENTED_EDGE('',*,*,#1324,.T.);
#1707=ORIENTED_EDGE('',*,*,#1325,.T.);
#1708=ORIENTED_EDGE('',*,*,#1326,.T.);
#1709=ORIENTED_EDGE('',*,*,#1327,.T.);
#1710=ORIENTED_EDGE('',*,*,#1328,.T.);
#1711=ORIENTED_EDGE('',*,*,#1329,.T.);
#1712=ORIENTED_EDGE('',*,*,#1330,.T.);
#1713=ORIENTED_EDGE('',*,*,#1331,.T.);
#1714=ORIENTED_EDGE('',*,*,#1332,.T.);
#1715=ORIENTED_EDGE('',*,*,#1333,.T.);
#1716=ORIENTED_EDGE('',*,*,#1334,.T.);
#1717=ORIENTED_EDGE('',*,*,#1335,.T.);
#1718=ORIENTED_EDGE('',*,*,#1336,.T.);
#1719=ORIENTED_EDGE('',*,*,#1337,.T.);
#1720=ORIENTED_EDGE('',*,*,#1338,.T.);
#1721=ORIENTED_EDGE('',*,*,#1339,.T.);
#1722=ORIENTED_EDGE('',*,*,#1340,.T.);
#1723=ORIENTED_EDGE('',*,*,#1341,.T.);
#1724=ORIENTED_EDGE('',*,*,#1342,.T.);
#1725=ORIENTED_EDGE('',*,*,#1343,.T.);
#1726=ORIENTED_EDGE('',*,*,#1344,.T.);
#1727=ORIENTED_EDGE('',*,*,#1345,.T.);
#1728=ORIENTED_EDGE('',*,*,#1346,.T.);
#1729=ORIENTED_EDGE('',*,*,#1347,.T.);
#1730=ORIENTED_EDGE('',*,*,#1348,.T.);
#1731=ORIENTED_EDGE('',*,*,#1349,.T.);
#1732=ORIENTED_EDGE('',*,*,#1350,.T.);
#1733=ORIENTED_EDGE('',*,*,#1351,.T.);
#1734=ORIENTED_EDGE('',*,*,#1352,.T.);
#1735=ORIENTED_EDGE('',*,*,#1319,.F.);
#1736=ORIENTED_EDGE('',*,*,#1353,.F.);
#1737=ORIENTED_EDGE('',*,*,#1354,.T.);
#1738=ORIENTED_EDGE('',*,*,#1355,.F.);
#1739=ORIENTED_EDGE('',*,*,#1356,.F.);
#1740=ORIENTED_EDGE('',*,*,#1357,.T.);
#1741=ORIENTED_EDGE('',*,*,#1358,.F.);
#1742=ORIENTED_EDGE('',*,*,#1359,.F.);
#1743=ORIENTED_EDGE('',*,*,#1360,.F.);
#1744=ORIENTED_EDGE('',*,*,#1354,.F.);
#1745=ORIENTED_EDGE('',*,*,#1361,.F.);
#1746=ORIENTED_EDGE('',*,*,#1362,.T.);
#1747=ORIENTED_EDGE('',*,*,#1363,.F.);
#1748=ORIENTED_EDGE('',*,*,#1364,.F.);
#1749=ORIENTED_EDGE('',*,*,#1362,.F.);
#1750=ORIENTED_EDGE('',*,*,#1357,.F.);
#1751=ORIENTED_EDGE('',*,*,#1365,.T.);
#1752=ORIENTED_EDGE('',*,*,#1363,.T.);
#1753=ORIENTED_EDGE('',*,*,#1364,.T.);
#1754=ORIENTED_EDGE('',*,*,#1365,.F.);
#1755=ORIENTED_EDGE('',*,*,#1361,.T.);
#1756=ORIENTED_EDGE('',*,*,#1355,.T.);
#1757=ORIENTED_EDGE('',*,*,#1360,.T.);
#1758=ORIENTED_EDGE('',*,*,#1366,.F.);
#1759=ORIENTED_EDGE('',*,*,#1367,.F.);
#1760=ORIENTED_EDGE('',*,*,#1320,.F.);
#1761=ORIENTED_EDGE('',*,*,#1356,.T.);
#1762=ORIENTED_EDGE('',*,*,#1367,.T.);
#1763=ORIENTED_EDGE('',*,*,#1368,.F.);
#1764=ORIENTED_EDGE('',*,*,#1321,.F.);
#1765=ORIENTED_EDGE('',*,*,#1368,.T.);
#1766=ORIENTED_EDGE('',*,*,#1366,.T.);
#1767=ORIENTED_EDGE('',*,*,#1359,.T.);
#1768=ORIENTED_EDGE('',*,*,#1369,.F.);
#1769=ORIENTED_EDGE('',*,*,#1370,.F.);
#1770=ORIENTED_EDGE('',*,*,#1371,.T.);
#1771=ORIENTED_EDGE('',*,*,#1323,.F.);
#1772=ORIENTED_EDGE('',*,*,#1371,.F.);
#1773=ORIENTED_EDGE('',*,*,#1326,.F.);
#1774=ORIENTED_EDGE('',*,*,#1372,.F.);
#1775=ORIENTED_EDGE('',*,*,#1373,.F.);
#1776=ORIENTED_EDGE('',*,*,#1374,.T.);
#1777=ORIENTED_EDGE('',*,*,#1327,.F.);
#1778=ORIENTED_EDGE('',*,*,#1374,.F.);
#1779=ORIENTED_EDGE('',*,*,#1375,.F.);
#1780=ORIENTED_EDGE('',*,*,#1376,.T.);
#1781=ORIENTED_EDGE('',*,*,#1324,.F.);
#1782=ORIENTED_EDGE('',*,*,#1376,.F.);
#1783=ORIENTED_EDGE('',*,*,#1377,.F.);
#1784=ORIENTED_EDGE('',*,*,#1378,.T.);
#1785=ORIENTED_EDGE('',*,*,#1325,.F.);
#1786=ORIENTED_EDGE('',*,*,#1378,.F.);
#1787=ORIENTED_EDGE('',*,*,#1379,.F.);
#1788=ORIENTED_EDGE('',*,*,#1372,.T.);
#1789=ORIENTED_EDGE('',*,*,#1330,.F.);
#1790=ORIENTED_EDGE('',*,*,#1380,.F.);
#1791=ORIENTED_EDGE('',*,*,#1381,.F.);
#1792=ORIENTED_EDGE('',*,*,#1382,.T.);
#1793=ORIENTED_EDGE('',*,*,#1331,.F.);
#1794=ORIENTED_EDGE('',*,*,#1382,.F.);
#1795=ORIENTED_EDGE('',*,*,#1383,.F.);
#1796=ORIENTED_EDGE('',*,*,#1384,.T.);
#1797=ORIENTED_EDGE('',*,*,#1328,.F.);
#1798=ORIENTED_EDGE('',*,*,#1384,.F.);
#1799=ORIENTED_EDGE('',*,*,#1385,.F.);
#1800=ORIENTED_EDGE('',*,*,#1386,.T.);
#1801=ORIENTED_EDGE('',*,*,#1329,.F.);
#1802=ORIENTED_EDGE('',*,*,#1386,.F.);
#1803=ORIENTED_EDGE('',*,*,#1387,.F.);
#1804=ORIENTED_EDGE('',*,*,#1380,.T.);
#1805=ORIENTED_EDGE('',*,*,#1334,.F.);
#1806=ORIENTED_EDGE('',*,*,#1388,.F.);
#1807=ORIENTED_EDGE('',*,*,#1389,.F.);
#1808=ORIENTED_EDGE('',*,*,#1390,.T.);
#1809=ORIENTED_EDGE('',*,*,#1335,.F.);
#1810=ORIENTED_EDGE('',*,*,#1390,.F.);
#1811=ORIENTED_EDGE('',*,*,#1391,.F.);
#1812=ORIENTED_EDGE('',*,*,#1392,.T.);
#1813=ORIENTED_EDGE('',*,*,#1332,.F.);
#1814=ORIENTED_EDGE('',*,*,#1392,.F.);
#1815=ORIENTED_EDGE('',*,*,#1393,.F.);
#1816=ORIENTED_EDGE('',*,*,#1394,.T.);
#1817=ORIENTED_EDGE('',*,*,#1333,.F.);
#1818=ORIENTED_EDGE('',*,*,#1394,.F.);
#1819=ORIENTED_EDGE('',*,*,#1395,.F.);
#1820=ORIENTED_EDGE('',*,*,#1388,.T.);
#1821=ORIENTED_EDGE('',*,*,#1396,.F.);
#1822=ORIENTED_EDGE('',*,*,#1397,.T.);
#1823=ORIENTED_EDGE('',*,*,#1336,.F.);
#1824=ORIENTED_EDGE('',*,*,#1397,.F.);
#1825=ORIENTED_EDGE('',*,*,#1339,.F.);
#1826=ORIENTED_EDGE('',*,*,#1398,.F.);
#1827=ORIENTED_EDGE('',*,*,#1399,.F.);
#1828=ORIENTED_EDGE('',*,*,#1400,.T.);
#1829=ORIENTED_EDGE('',*,*,#1340,.F.);
#1830=ORIENTED_EDGE('',*,*,#1400,.F.);
#1831=ORIENTED_EDGE('',*,*,#1401,.F.);
#1832=ORIENTED_EDGE('',*,*,#1402,.T.);
#1833=ORIENTED_EDGE('',*,*,#1337,.F.);
#1834=ORIENTED_EDGE('',*,*,#1402,.F.);
#1835=ORIENTED_EDGE('',*,*,#1403,.F.);
#1836=ORIENTED_EDGE('',*,*,#1404,.T.);
#1837=ORIENTED_EDGE('',*,*,#1338,.F.);
#1838=ORIENTED_EDGE('',*,*,#1404,.F.);
#1839=ORIENTED_EDGE('',*,*,#1405,.F.);
#1840=ORIENTED_EDGE('',*,*,#1398,.T.);
#1841=ORIENTED_EDGE('',*,*,#1343,.F.);
#1842=ORIENTED_EDGE('',*,*,#1406,.F.);
#1843=ORIENTED_EDGE('',*,*,#1407,.F.);
#1844=ORIENTED_EDGE('',*,*,#1408,.T.);
#1845=ORIENTED_EDGE('',*,*,#1344,.F.);
#1846=ORIENTED_EDGE('',*,*,#1408,.F.);
#1847=ORIENTED_EDGE('',*,*,#1409,.F.);
#1848=ORIENTED_EDGE('',*,*,#1410,.T.);
#1849=ORIENTED_EDGE('',*,*,#1341,.F.);
#1850=ORIENTED_EDGE('',*,*,#1410,.F.);
#1851=ORIENTED_EDGE('',*,*,#1411,.F.);
#1852=ORIENTED_EDGE('',*,*,#1412,.T.);
#1853=ORIENTED_EDGE('',*,*,#1342,.F.);
#1854=ORIENTED_EDGE('',*,*,#1412,.F.);
#1855=ORIENTED_EDGE('',*,*,#1413,.F.);
#1856=ORIENTED_EDGE('',*,*,#1406,.T.);
#1857=ORIENTED_EDGE('',*,*,#1347,.F.);
#1858=ORIENTED_EDGE('',*,*,#1414,.F.);
#1859=ORIENTED_EDGE('',*,*,#1415,.F.);
#1860=ORIENTED_EDGE('',*,*,#1416,.T.);
#1861=ORIENTED_EDGE('',*,*,#1348,.F.);
#1862=ORIENTED_EDGE('',*,*,#1416,.F.);
#1863=ORIENTED_EDGE('',*,*,#1417,.F.);
#1864=ORIENTED_EDGE('',*,*,#1418,.T.);
#1865=ORIENTED_EDGE('',*,*,#1345,.F.);
#1866=ORIENTED_EDGE('',*,*,#1418,.F.);
#1867=ORIENTED_EDGE('',*,*,#1419,.F.);
#1868=ORIENTED_EDGE('',*,*,#1420,.T.);
#1869=ORIENTED_EDGE('',*,*,#1346,.F.);
#1870=ORIENTED_EDGE('',*,*,#1420,.F.);
#1871=ORIENTED_EDGE('',*,*,#1421,.F.);
#1872=ORIENTED_EDGE('',*,*,#1414,.T.);
#1873=ORIENTED_EDGE('',*,*,#1351,.F.);
#1874=ORIENTED_EDGE('',*,*,#1422,.F.);
#1875=ORIENTED_EDGE('',*,*,#1423,.F.);
#1876=ORIENTED_EDGE('',*,*,#1424,.T.);
#1877=ORIENTED_EDGE('',*,*,#1352,.F.);
#1878=ORIENTED_EDGE('',*,*,#1424,.F.);
#1879=ORIENTED_EDGE('',*,*,#1425,.F.);
#1880=ORIENTED_EDGE('',*,*,#1426,.T.);
#1881=ORIENTED_EDGE('',*,*,#1349,.F.);
#1882=ORIENTED_EDGE('',*,*,#1426,.F.);
#1883=ORIENTED_EDGE('',*,*,#1427,.F.);
#1884=ORIENTED_EDGE('',*,*,#1428,.T.);
#1885=ORIENTED_EDGE('',*,*,#1350,.F.);
#1886=ORIENTED_EDGE('',*,*,#1428,.F.);
#1887=ORIENTED_EDGE('',*,*,#1429,.F.);
#1888=ORIENTED_EDGE('',*,*,#1422,.T.);
#1889=ORIENTED_EDGE('',*,*,#1316,.T.);
#1890=ORIENTED_EDGE('',*,*,#1430,.T.);
#1891=ORIENTED_EDGE('',*,*,#1431,.F.);
#1892=ORIENTED_EDGE('',*,*,#1432,.F.);
#1893=ORIENTED_EDGE('',*,*,#1317,.F.);
#1894=ORIENTED_EDGE('',*,*,#1432,.T.);
#1895=ORIENTED_EDGE('',*,*,#1433,.F.);
#1896=ORIENTED_EDGE('',*,*,#1434,.F.);
#1897=ORIENTED_EDGE('',*,*,#1293,.T.);
#1898=ORIENTED_EDGE('',*,*,#1322,.F.);
#1899=ORIENTED_EDGE('',*,*,#1369,.T.);
#1900=ORIENTED_EDGE('',*,*,#1358,.T.);
#1901=ORIENTED_EDGE('',*,*,#1353,.T.);
#1902=ORIENTED_EDGE('',*,*,#1318,.F.);
#1903=ORIENTED_EDGE('',*,*,#1434,.T.);
#1904=ORIENTED_EDGE('',*,*,#1435,.F.);
#1905=ORIENTED_EDGE('',*,*,#1436,.F.);
#1906=ORIENTED_EDGE('',*,*,#1312,.F.);
#1907=ORIENTED_EDGE('',*,*,#1311,.T.);
#1908=ORIENTED_EDGE('',*,*,#1297,.T.);
#1909=ORIENTED_EDGE('',*,*,#1313,.F.);
#1910=ORIENTED_EDGE('',*,*,#1436,.T.);
#1911=ORIENTED_EDGE('',*,*,#1437,.F.);
#1912=ORIENTED_EDGE('',*,*,#1438,.F.);
#1913=ORIENTED_EDGE('',*,*,#1314,.T.);
#1914=ORIENTED_EDGE('',*,*,#1438,.T.);
#1915=ORIENTED_EDGE('',*,*,#1439,.F.);
#1916=ORIENTED_EDGE('',*,*,#1440,.F.);
#1917=ORIENTED_EDGE('',*,*,#1315,.F.);
#1918=ORIENTED_EDGE('',*,*,#1440,.T.);
#1919=ORIENTED_EDGE('',*,*,#1441,.F.);
#1920=ORIENTED_EDGE('',*,*,#1430,.F.);
#1921=ORIENTED_EDGE('',*,*,#1441,.T.);
#1922=ORIENTED_EDGE('',*,*,#1439,.T.);
#1923=ORIENTED_EDGE('',*,*,#1437,.T.);
#1924=ORIENTED_EDGE('',*,*,#1435,.T.);
#1925=ORIENTED_EDGE('',*,*,#1433,.T.);
#1926=ORIENTED_EDGE('',*,*,#1431,.T.);
#1927=ORIENTED_EDGE('',*,*,#1370,.T.);
#1928=ORIENTED_EDGE('',*,*,#1377,.T.);
#1929=ORIENTED_EDGE('',*,*,#1375,.T.);
#1930=ORIENTED_EDGE('',*,*,#1373,.T.);
#1931=ORIENTED_EDGE('',*,*,#1379,.T.);
#1932=ORIENTED_EDGE('',*,*,#1385,.T.);
#1933=ORIENTED_EDGE('',*,*,#1383,.T.);
#1934=ORIENTED_EDGE('',*,*,#1381,.T.);
#1935=ORIENTED_EDGE('',*,*,#1387,.T.);
#1936=ORIENTED_EDGE('',*,*,#1393,.T.);
#1937=ORIENTED_EDGE('',*,*,#1391,.T.);
#1938=ORIENTED_EDGE('',*,*,#1389,.T.);
#1939=ORIENTED_EDGE('',*,*,#1395,.T.);
#1940=ORIENTED_EDGE('',*,*,#1396,.T.);
#1941=ORIENTED_EDGE('',*,*,#1403,.T.);
#1942=ORIENTED_EDGE('',*,*,#1401,.T.);
#1943=ORIENTED_EDGE('',*,*,#1399,.T.);
#1944=ORIENTED_EDGE('',*,*,#1405,.T.);
#1945=ORIENTED_EDGE('',*,*,#1411,.T.);
#1946=ORIENTED_EDGE('',*,*,#1409,.T.);
#1947=ORIENTED_EDGE('',*,*,#1407,.T.);
#1948=ORIENTED_EDGE('',*,*,#1413,.T.);
#1949=ORIENTED_EDGE('',*,*,#1419,.T.);
#1950=ORIENTED_EDGE('',*,*,#1417,.T.);
#1951=ORIENTED_EDGE('',*,*,#1415,.T.);
#1952=ORIENTED_EDGE('',*,*,#1421,.T.);
#1953=ORIENTED_EDGE('',*,*,#1427,.T.);
#1954=ORIENTED_EDGE('',*,*,#1425,.T.);
#1955=ORIENTED_EDGE('',*,*,#1423,.T.);
#1956=ORIENTED_EDGE('',*,*,#1429,.T.);
#1957=ORIENTED_EDGE('',*,*,#1442,.F.);
#1958=ORIENTED_EDGE('',*,*,#1443,.F.);
#1959=ORIENTED_EDGE('',*,*,#1444,.T.);
#1960=ORIENTED_EDGE('',*,*,#1445,.F.);
#1961=ORIENTED_EDGE('',*,*,#1444,.F.);
#1962=ORIENTED_EDGE('',*,*,#1442,.T.);
#1963=ORIENTED_EDGE('',*,*,#1443,.T.);
#1964=ORIENTED_EDGE('',*,*,#1446,.T.);
#1965=ORIENTED_EDGE('',*,*,#1447,.T.);
#1966=ORIENTED_EDGE('',*,*,#1446,.F.);
#1967=ORIENTED_EDGE('',*,*,#1445,.T.);
#1968=ORIENTED_EDGE('',*,*,#1448,.T.);
#1969=ORIENTED_EDGE('',*,*,#1449,.T.);
#1970=ORIENTED_EDGE('',*,*,#1450,.T.);
#1971=ORIENTED_EDGE('',*,*,#1451,.F.);
#1972=ORIENTED_EDGE('',*,*,#1452,.F.);
#1973=ORIENTED_EDGE('',*,*,#1453,.F.);
#1974=ORIENTED_EDGE('',*,*,#1454,.T.);
#1975=ORIENTED_EDGE('',*,*,#1449,.F.);
#1976=ORIENTED_EDGE('',*,*,#1455,.F.);
#1977=ORIENTED_EDGE('',*,*,#1450,.F.);
#1978=ORIENTED_EDGE('',*,*,#1454,.F.);
#1979=ORIENTED_EDGE('',*,*,#1456,.F.);
#1980=ORIENTED_EDGE('',*,*,#1447,.F.);
#1981=ORIENTED_EDGE('',*,*,#1457,.T.);
#1982=ORIENTED_EDGE('',*,*,#1458,.T.);
#1983=ORIENTED_EDGE('',*,*,#1459,.T.);
#1984=ORIENTED_EDGE('',*,*,#1458,.F.);
#1985=ORIENTED_EDGE('',*,*,#1460,.T.);
#1986=ORIENTED_EDGE('',*,*,#1457,.F.);
#1987=ORIENTED_EDGE('',*,*,#1461,.T.);
#1988=ORIENTED_EDGE('',*,*,#1462,.F.);
#1989=ORIENTED_EDGE('',*,*,#1461,.F.);
#1990=ORIENTED_EDGE('',*,*,#1460,.F.);
#1991=ORIENTED_EDGE('',*,*,#1459,.F.);
#1992=ORIENTED_EDGE('',*,*,#1463,.F.);
#1993=ORIENTED_EDGE('',*,*,#1464,.T.);
#1994=ORIENTED_EDGE('',*,*,#1465,.F.);
#1995=ORIENTED_EDGE('',*,*,#1466,.F.);
#1996=ORIENTED_EDGE('',*,*,#1467,.T.);
#1997=ORIENTED_EDGE('',*,*,#1466,.T.);
#1998=ORIENTED_EDGE('',*,*,#1468,.F.);
#1999=ORIENTED_EDGE('',*,*,#1469,.F.);
#2000=ORIENTED_EDGE('',*,*,#1470,.T.);
#2001=ORIENTED_EDGE('',*,*,#1471,.F.);
#2002=ORIENTED_EDGE('',*,*,#1468,.T.);
#2003=ORIENTED_EDGE('',*,*,#1465,.T.);
#2004=ORIENTED_EDGE('',*,*,#1462,.T.);
#2005=ORIENTED_EDGE('',*,*,#1472,.T.);
#2006=ORIENTED_EDGE('',*,*,#1473,.T.);
#2007=ORIENTED_EDGE('',*,*,#1474,.T.);
#2008=ORIENTED_EDGE('',*,*,#1475,.T.);
#2009=ORIENTED_EDGE('',*,*,#1476,.T.);
#2010=ORIENTED_EDGE('',*,*,#1477,.T.);
#2011=ORIENTED_EDGE('',*,*,#1472,.F.);
#2012=ORIENTED_EDGE('',*,*,#1478,.T.);
#2013=ORIENTED_EDGE('',*,*,#1479,.T.);
#2014=ORIENTED_EDGE('',*,*,#1480,.T.);
#2015=ORIENTED_EDGE('',*,*,#1476,.F.);
#2016=ORIENTED_EDGE('',*,*,#1481,.T.);
#2017=ORIENTED_EDGE('',*,*,#1482,.T.);
#2018=ORIENTED_EDGE('',*,*,#1483,.T.);
#2019=ORIENTED_EDGE('',*,*,#1479,.F.);
#2020=ORIENTED_EDGE('',*,*,#1484,.T.);
#2021=ORIENTED_EDGE('',*,*,#1485,.T.);
#2022=ORIENTED_EDGE('',*,*,#1486,.T.);
#2023=ORIENTED_EDGE('',*,*,#1482,.F.);
#2024=ORIENTED_EDGE('',*,*,#1487,.T.);
#2025=ORIENTED_EDGE('',*,*,#1488,.T.);
#2026=ORIENTED_EDGE('',*,*,#1489,.T.);
#2027=ORIENTED_EDGE('',*,*,#1485,.F.);
#2028=ORIENTED_EDGE('',*,*,#1490,.T.);
#2029=ORIENTED_EDGE('',*,*,#1491,.T.);
#2030=ORIENTED_EDGE('',*,*,#1492,.T.);
#2031=ORIENTED_EDGE('',*,*,#1488,.F.);
#2032=ORIENTED_EDGE('',*,*,#1493,.T.);
#2033=ORIENTED_EDGE('',*,*,#1474,.F.);
#2034=ORIENTED_EDGE('',*,*,#1494,.T.);
#2035=ORIENTED_EDGE('',*,*,#1491,.F.);
#2036=ORIENTED_EDGE('',*,*,#1495,.T.);
#2037=ORIENTED_EDGE('',*,*,#1484,.F.);
#2038=ORIENTED_EDGE('',*,*,#1496,.T.);
#2039=ORIENTED_EDGE('',*,*,#1497,.F.);
#2040=ORIENTED_EDGE('',*,*,#1498,.F.);
#2041=ORIENTED_EDGE('',*,*,#1481,.F.);
#2042=ORIENTED_EDGE('',*,*,#1499,.T.);
#2043=ORIENTED_EDGE('',*,*,#1500,.F.);
#2044=ORIENTED_EDGE('',*,*,#1496,.F.);
#2045=ORIENTED_EDGE('',*,*,#1478,.F.);
#2046=ORIENTED_EDGE('',*,*,#1501,.T.);
#2047=ORIENTED_EDGE('',*,*,#1502,.F.);
#2048=ORIENTED_EDGE('',*,*,#1499,.F.);
#2049=ORIENTED_EDGE('',*,*,#1475,.F.);
#2050=ORIENTED_EDGE('',*,*,#1503,.T.);
#2051=ORIENTED_EDGE('',*,*,#1504,.F.);
#2052=ORIENTED_EDGE('',*,*,#1501,.F.);
#2053=ORIENTED_EDGE('',*,*,#1505,.F.);
#2054=ORIENTED_EDGE('',*,*,#1506,.T.);
#2055=ORIENTED_EDGE('',*,*,#1463,.T.);
#2056=ORIENTED_EDGE('',*,*,#1467,.F.);
#2057=ORIENTED_EDGE('',*,*,#1507,.F.);
#2058=ORIENTED_EDGE('',*,*,#1508,.F.);
#2059=ORIENTED_EDGE('',*,*,#1509,.F.);
#2060=ORIENTED_EDGE('',*,*,#1510,.F.);
#2061=ORIENTED_EDGE('',*,*,#1511,.F.);
#2062=ORIENTED_EDGE('',*,*,#1512,.F.);
#2063=ORIENTED_EDGE('',*,*,#1513,.F.);
#2064=ORIENTED_EDGE('',*,*,#1514,.F.);
#2065=ORIENTED_EDGE('',*,*,#1515,.F.);
#2066=ORIENTED_EDGE('',*,*,#1473,.F.);
#2067=ORIENTED_EDGE('',*,*,#1477,.F.);
#2068=ORIENTED_EDGE('',*,*,#1480,.F.);
#2069=ORIENTED_EDGE('',*,*,#1483,.F.);
#2070=ORIENTED_EDGE('',*,*,#1486,.F.);
#2071=ORIENTED_EDGE('',*,*,#1489,.F.);
#2072=ORIENTED_EDGE('',*,*,#1492,.F.);
#2073=ORIENTED_EDGE('',*,*,#1494,.F.);
#2074=ORIENTED_EDGE('',*,*,#1516,.T.);
#2075=ORIENTED_EDGE('',*,*,#1508,.T.);
#2076=ORIENTED_EDGE('',*,*,#1517,.T.);
#2077=ORIENTED_EDGE('',*,*,#1518,.T.);
#2078=ORIENTED_EDGE('',*,*,#1519,.T.);
#2079=ORIENTED_EDGE('',*,*,#1509,.T.);
#2080=ORIENTED_EDGE('',*,*,#1516,.F.);
#2081=ORIENTED_EDGE('',*,*,#1520,.T.);
#2082=ORIENTED_EDGE('',*,*,#1521,.T.);
#2083=ORIENTED_EDGE('',*,*,#1510,.T.);
#2084=ORIENTED_EDGE('',*,*,#1519,.F.);
#2085=ORIENTED_EDGE('',*,*,#1522,.T.);
#2086=ORIENTED_EDGE('',*,*,#1523,.T.);
#2087=ORIENTED_EDGE('',*,*,#1511,.T.);
#2088=ORIENTED_EDGE('',*,*,#1521,.F.);
#2089=ORIENTED_EDGE('',*,*,#1524,.T.);
#2090=ORIENTED_EDGE('',*,*,#1525,.T.);
#2091=ORIENTED_EDGE('',*,*,#1512,.T.);
#2092=ORIENTED_EDGE('',*,*,#1523,.F.);
#2093=ORIENTED_EDGE('',*,*,#1526,.T.);
#2094=ORIENTED_EDGE('',*,*,#1527,.T.);
#2095=ORIENTED_EDGE('',*,*,#1513,.T.);
#2096=ORIENTED_EDGE('',*,*,#1525,.F.);
#2097=ORIENTED_EDGE('',*,*,#1528,.T.);
#2098=ORIENTED_EDGE('',*,*,#1529,.T.);
#2099=ORIENTED_EDGE('',*,*,#1514,.T.);
#2100=ORIENTED_EDGE('',*,*,#1527,.F.);
#2101=ORIENTED_EDGE('',*,*,#1530,.T.);
#2102=ORIENTED_EDGE('',*,*,#1517,.F.);
#2103=ORIENTED_EDGE('',*,*,#1515,.T.);
#2104=ORIENTED_EDGE('',*,*,#1529,.F.);
#2105=ORIENTED_EDGE('',*,*,#1531,.T.);
#2106=ORIENTED_EDGE('',*,*,#1524,.F.);
#2107=ORIENTED_EDGE('',*,*,#1532,.T.);
#2108=ORIENTED_EDGE('',*,*,#1533,.F.);
#2109=ORIENTED_EDGE('',*,*,#1534,.F.);
#2110=ORIENTED_EDGE('',*,*,#1522,.F.);
#2111=ORIENTED_EDGE('',*,*,#1535,.T.);
#2112=ORIENTED_EDGE('',*,*,#1536,.F.);
#2113=ORIENTED_EDGE('',*,*,#1532,.F.);
#2114=ORIENTED_EDGE('',*,*,#1520,.F.);
#2115=ORIENTED_EDGE('',*,*,#1537,.T.);
#2116=ORIENTED_EDGE('',*,*,#1538,.F.);
#2117=ORIENTED_EDGE('',*,*,#1535,.F.);
#2118=ORIENTED_EDGE('',*,*,#1518,.F.);
#2119=ORIENTED_EDGE('',*,*,#1539,.T.);
#2120=ORIENTED_EDGE('',*,*,#1540,.F.);
#2121=ORIENTED_EDGE('',*,*,#1537,.F.);
#2122=ORIENTED_EDGE('',*,*,#1541,.T.);
#2123=ORIENTED_EDGE('',*,*,#1542,.T.);
#2124=ORIENTED_EDGE('',*,*,#1543,.T.);
#2125=ORIENTED_EDGE('',*,*,#1502,.T.);
#2126=ORIENTED_EDGE('',*,*,#1544,.T.);
#2127=ORIENTED_EDGE('',*,*,#1545,.T.);
#2128=ORIENTED_EDGE('',*,*,#1541,.F.);
#2129=ORIENTED_EDGE('',*,*,#1504,.T.);
#2130=ORIENTED_EDGE('',*,*,#1546,.T.);
#2131=ORIENTED_EDGE('',*,*,#1547,.T.);
#2132=ORIENTED_EDGE('',*,*,#1544,.F.);
#2133=ORIENTED_EDGE('',*,*,#1548,.T.);
#2134=ORIENTED_EDGE('',*,*,#1549,.T.);
#2135=ORIENTED_EDGE('',*,*,#1550,.T.);
#2136=ORIENTED_EDGE('',*,*,#1546,.F.);
#2137=ORIENTED_EDGE('',*,*,#1551,.T.);
#2138=ORIENTED_EDGE('',*,*,#1552,.T.);
#2139=ORIENTED_EDGE('',*,*,#1553,.T.);
#2140=ORIENTED_EDGE('',*,*,#1549,.F.);
#2141=ORIENTED_EDGE('',*,*,#1554,.T.);
#2142=ORIENTED_EDGE('',*,*,#1555,.T.);
#2143=ORIENTED_EDGE('',*,*,#1556,.T.);
#2144=ORIENTED_EDGE('',*,*,#1552,.F.);
#2145=ORIENTED_EDGE('',*,*,#1557,.T.);
#2146=ORIENTED_EDGE('',*,*,#1558,.T.);
#2147=ORIENTED_EDGE('',*,*,#1559,.T.);
#2148=ORIENTED_EDGE('',*,*,#1555,.F.);
#2149=ORIENTED_EDGE('',*,*,#1497,.T.);
#2150=ORIENTED_EDGE('',*,*,#1543,.F.);
#2151=ORIENTED_EDGE('',*,*,#1560,.T.);
#2152=ORIENTED_EDGE('',*,*,#1558,.F.);
#2153=ORIENTED_EDGE('',*,*,#1500,.T.);
#2154=ORIENTED_EDGE('',*,*,#1493,.F.);
#2155=ORIENTED_EDGE('',*,*,#1561,.T.);
#2156=ORIENTED_EDGE('',*,*,#1551,.F.);
#2157=ORIENTED_EDGE('',*,*,#1562,.F.);
#2158=ORIENTED_EDGE('',*,*,#1495,.F.);
#2159=ORIENTED_EDGE('',*,*,#1562,.T.);
#2160=ORIENTED_EDGE('',*,*,#1548,.F.);
#2161=ORIENTED_EDGE('',*,*,#1503,.F.);
#2162=ORIENTED_EDGE('',*,*,#1563,.T.);
#2163=ORIENTED_EDGE('',*,*,#1564,.F.);
#2164=ORIENTED_EDGE('',*,*,#1565,.T.);
#2165=ORIENTED_EDGE('',*,*,#1566,.F.);
#2166=ORIENTED_EDGE('',*,*,#1567,.F.);
#2167=ORIENTED_EDGE('',*,*,#1568,.F.);
#2168=ORIENTED_EDGE('',*,*,#1569,.F.);
#2169=ORIENTED_EDGE('',*,*,#1570,.F.);
#2170=ORIENTED_EDGE('',*,*,#1571,.F.);
#2171=ORIENTED_EDGE('',*,*,#1572,.F.);
#2172=ORIENTED_EDGE('',*,*,#1573,.F.);
#2173=ORIENTED_EDGE('',*,*,#1574,.F.);
#2174=ORIENTED_EDGE('',*,*,#1575,.T.);
#2175=ORIENTED_EDGE('',*,*,#1576,.T.);
#2176=ORIENTED_EDGE('',*,*,#1577,.T.);
#2177=ORIENTED_EDGE('',*,*,#1578,.T.);
#2178=ORIENTED_EDGE('',*,*,#1542,.F.);
#2179=ORIENTED_EDGE('',*,*,#1545,.F.);
#2180=ORIENTED_EDGE('',*,*,#1547,.F.);
#2181=ORIENTED_EDGE('',*,*,#1550,.F.);
#2182=ORIENTED_EDGE('',*,*,#1553,.F.);
#2183=ORIENTED_EDGE('',*,*,#1556,.F.);
#2184=ORIENTED_EDGE('',*,*,#1559,.F.);
#2185=ORIENTED_EDGE('',*,*,#1560,.F.);
#2186=ORIENTED_EDGE('',*,*,#1579,.T.);
#2187=ORIENTED_EDGE('',*,*,#1567,.T.);
#2188=ORIENTED_EDGE('',*,*,#1580,.T.);
#2189=ORIENTED_EDGE('',*,*,#1540,.T.);
#2190=ORIENTED_EDGE('',*,*,#1581,.T.);
#2191=ORIENTED_EDGE('',*,*,#1568,.T.);
#2192=ORIENTED_EDGE('',*,*,#1579,.F.);
#2193=ORIENTED_EDGE('',*,*,#1582,.T.);
#2194=ORIENTED_EDGE('',*,*,#1583,.T.);
#2195=ORIENTED_EDGE('',*,*,#1569,.T.);
#2196=ORIENTED_EDGE('',*,*,#1581,.F.);
#2197=ORIENTED_EDGE('',*,*,#1584,.T.);
#2198=ORIENTED_EDGE('',*,*,#1585,.T.);
#2199=ORIENTED_EDGE('',*,*,#1570,.T.);
#2200=ORIENTED_EDGE('',*,*,#1583,.F.);
#2201=ORIENTED_EDGE('',*,*,#1586,.T.);
#2202=ORIENTED_EDGE('',*,*,#1587,.T.);
#2203=ORIENTED_EDGE('',*,*,#1571,.T.);
#2204=ORIENTED_EDGE('',*,*,#1585,.F.);
#2205=ORIENTED_EDGE('',*,*,#1588,.T.);
#2206=ORIENTED_EDGE('',*,*,#1589,.T.);
#2207=ORIENTED_EDGE('',*,*,#1572,.T.);
#2208=ORIENTED_EDGE('',*,*,#1587,.F.);
#2209=ORIENTED_EDGE('',*,*,#1533,.T.);
#2210=ORIENTED_EDGE('',*,*,#1590,.T.);
#2211=ORIENTED_EDGE('',*,*,#1573,.T.);
#2212=ORIENTED_EDGE('',*,*,#1589,.F.);
#2213=ORIENTED_EDGE('',*,*,#1536,.T.);
#2214=ORIENTED_EDGE('',*,*,#1580,.F.);
#2215=ORIENTED_EDGE('',*,*,#1574,.T.);
#2216=ORIENTED_EDGE('',*,*,#1590,.F.);
#2217=ORIENTED_EDGE('',*,*,#1538,.T.);
#2218=ORIENTED_EDGE('',*,*,#1528,.F.);
#2219=ORIENTED_EDGE('',*,*,#1591,.T.);
#2220=ORIENTED_EDGE('',*,*,#1586,.F.);
#2221=ORIENTED_EDGE('',*,*,#1592,.F.);
#2222=ORIENTED_EDGE('',*,*,#1530,.F.);
#2223=ORIENTED_EDGE('',*,*,#1592,.T.);
#2224=ORIENTED_EDGE('',*,*,#1584,.F.);
#2225=ORIENTED_EDGE('',*,*,#1593,.F.);
#2226=ORIENTED_EDGE('',*,*,#1531,.F.);
#2227=ORIENTED_EDGE('',*,*,#1593,.T.);
#2228=ORIENTED_EDGE('',*,*,#1582,.F.);
#2229=ORIENTED_EDGE('',*,*,#1539,.F.);
#2230=ORIENTED_EDGE('',*,*,#1526,.F.);
#2231=ORIENTED_EDGE('',*,*,#1534,.T.);
#2232=ORIENTED_EDGE('',*,*,#1588,.F.);
#2233=ORIENTED_EDGE('',*,*,#1591,.F.);
#2234=ORIENTED_EDGE('',*,*,#1490,.F.);
#2235=ORIENTED_EDGE('',*,*,#1594,.T.);
#2236=ORIENTED_EDGE('',*,*,#1554,.F.);
#2237=ORIENTED_EDGE('',*,*,#1561,.F.);
#2238=ORIENTED_EDGE('',*,*,#1487,.F.);
#2239=ORIENTED_EDGE('',*,*,#1498,.T.);
#2240=ORIENTED_EDGE('',*,*,#1557,.F.);
#2241=ORIENTED_EDGE('',*,*,#1594,.F.);
#2242=ORIENTED_EDGE('',*,*,#1595,.F.);
#2243=ORIENTED_EDGE('',*,*,#1596,.F.);
#2244=ORIENTED_EDGE('',*,*,#1578,.F.);
#2245=ORIENTED_EDGE('',*,*,#1597,.T.);
#2246=ORIENTED_EDGE('',*,*,#1598,.F.);
#2247=ORIENTED_EDGE('',*,*,#1599,.F.);
#2248=ORIENTED_EDGE('',*,*,#1575,.F.);
#2249=ORIENTED_EDGE('',*,*,#1596,.T.);
#2250=ORIENTED_EDGE('',*,*,#1600,.F.);
#2251=ORIENTED_EDGE('',*,*,#1601,.F.);
#2252=ORIENTED_EDGE('',*,*,#1576,.F.);
#2253=ORIENTED_EDGE('',*,*,#1599,.T.);
#2254=ORIENTED_EDGE('',*,*,#1602,.F.);
#2255=ORIENTED_EDGE('',*,*,#1597,.F.);
#2256=ORIENTED_EDGE('',*,*,#1577,.F.);
#2257=ORIENTED_EDGE('',*,*,#1601,.T.);
#2258=ORIENTED_EDGE('',*,*,#1603,.T.);
#2259=ORIENTED_EDGE('',*,*,#1604,.T.);
#2260=ORIENTED_EDGE('',*,*,#1605,.T.);
#2261=ORIENTED_EDGE('',*,*,#1606,.T.);
#2262=ORIENTED_EDGE('',*,*,#1604,.F.);
#2263=ORIENTED_EDGE('',*,*,#1607,.F.);
#2264=ORIENTED_EDGE('',*,*,#1608,.F.);
#2265=ORIENTED_EDGE('',*,*,#1609,.F.);
#2266=ORIENTED_EDGE('',*,*,#1603,.F.);
#2267=ORIENTED_EDGE('',*,*,#1610,.T.);
#2268=ORIENTED_EDGE('',*,*,#1451,.T.);
#2269=ORIENTED_EDGE('',*,*,#1455,.T.);
#2270=ORIENTED_EDGE('',*,*,#1611,.T.);
#2271=ORIENTED_EDGE('',*,*,#1470,.F.);
#2272=ORIENTED_EDGE('',*,*,#1464,.F.);
#2273=ORIENTED_EDGE('',*,*,#1506,.F.);
#2274=ORIENTED_EDGE('',*,*,#1612,.F.);
#2275=ORIENTED_EDGE('',*,*,#1607,.T.);
#2276=ORIENTED_EDGE('',*,*,#1566,.T.);
#2277=ORIENTED_EDGE('',*,*,#1613,.T.);
#2278=ORIENTED_EDGE('',*,*,#1614,.T.);
#2279=ORIENTED_EDGE('',*,*,#1615,.T.);
#2280=ORIENTED_EDGE('',*,*,#1616,.T.);
#2281=ORIENTED_EDGE('',*,*,#1608,.T.);
#2282=ORIENTED_EDGE('',*,*,#1612,.T.);
#2283=ORIENTED_EDGE('',*,*,#1505,.T.);
#2284=ORIENTED_EDGE('',*,*,#1565,.F.);
#2285=ORIENTED_EDGE('',*,*,#1617,.F.);
#2286=ORIENTED_EDGE('',*,*,#1618,.T.);
#2287=ORIENTED_EDGE('',*,*,#1613,.F.);
#2288=ORIENTED_EDGE('',*,*,#1618,.F.);
#2289=ORIENTED_EDGE('',*,*,#1619,.F.);
#2290=ORIENTED_EDGE('',*,*,#1620,.T.);
#2291=ORIENTED_EDGE('',*,*,#1614,.F.);
#2292=ORIENTED_EDGE('',*,*,#1598,.T.);
#2293=ORIENTED_EDGE('',*,*,#1595,.T.);
#2294=ORIENTED_EDGE('',*,*,#1602,.T.);
#2295=ORIENTED_EDGE('',*,*,#1600,.T.);
#2296=ORIENTED_EDGE('',*,*,#1620,.F.);
#2297=ORIENTED_EDGE('',*,*,#1621,.F.);
#2298=ORIENTED_EDGE('',*,*,#1563,.F.);
#2299=ORIENTED_EDGE('',*,*,#1615,.F.);
#2300=ORIENTED_EDGE('',*,*,#1606,.F.);
#2301=ORIENTED_EDGE('',*,*,#1622,.F.);
#2302=ORIENTED_EDGE('',*,*,#1452,.T.);
#2303=ORIENTED_EDGE('',*,*,#1448,.F.);
#2304=ORIENTED_EDGE('',*,*,#1610,.F.);
#2305=ORIENTED_EDGE('',*,*,#1456,.T.);
#2306=ORIENTED_EDGE('',*,*,#1623,.F.);
#2307=ORIENTED_EDGE('',*,*,#1471,.T.);
#2308=ORIENTED_EDGE('',*,*,#1611,.F.);
#2309=ORIENTED_EDGE('',*,*,#1605,.F.);
#2310=ORIENTED_EDGE('',*,*,#1609,.T.);
#2311=ORIENTED_EDGE('',*,*,#1616,.F.);
#2312=ORIENTED_EDGE('',*,*,#1507,.T.);
#2313=ORIENTED_EDGE('',*,*,#1469,.T.);
#2314=ORIENTED_EDGE('',*,*,#1623,.T.);
#2315=ORIENTED_EDGE('',*,*,#1453,.T.);
#2316=ORIENTED_EDGE('',*,*,#1622,.T.);
#2317=ORIENTED_EDGE('',*,*,#1564,.T.);
#2318=ORIENTED_EDGE('',*,*,#1621,.T.);
#2319=ORIENTED_EDGE('',*,*,#1619,.T.);
#2320=ORIENTED_EDGE('',*,*,#1617,.T.);
#2321=ORIENTED_EDGE('',*,*,#1624,.F.);
#2322=ORIENTED_EDGE('',*,*,#1625,.F.);
#2323=ORIENTED_EDGE('',*,*,#1626,.F.);
#2324=ORIENTED_EDGE('',*,*,#1627,.F.);
#2325=ORIENTED_EDGE('',*,*,#1628,.F.);
#2326=ORIENTED_EDGE('',*,*,#1629,.F.);
#2327=ORIENTED_EDGE('',*,*,#1630,.F.);
#2328=ORIENTED_EDGE('',*,*,#1631,.F.);
#2329=ORIENTED_EDGE('',*,*,#1632,.F.);
#2330=ORIENTED_EDGE('',*,*,#1631,.T.);
#2331=ORIENTED_EDGE('',*,*,#1633,.T.);
#2332=ORIENTED_EDGE('',*,*,#1626,.T.);
#2333=ORIENTED_EDGE('',*,*,#1634,.T.);
#2334=ORIENTED_EDGE('',*,*,#1635,.F.);
#2335=ORIENTED_EDGE('',*,*,#1636,.F.);
#2336=ORIENTED_EDGE('',*,*,#1637,.T.);
#2337=ORIENTED_EDGE('',*,*,#1632,.T.);
#2338=ORIENTED_EDGE('',*,*,#1636,.T.);
#2339=ORIENTED_EDGE('',*,*,#1638,.F.);
#2340=ORIENTED_EDGE('',*,*,#1639,.F.);
#2341=ORIENTED_EDGE('',*,*,#1628,.T.);
#2342=ORIENTED_EDGE('',*,*,#1640,.T.);
#2343=ORIENTED_EDGE('',*,*,#1639,.T.);
#2344=ORIENTED_EDGE('',*,*,#1641,.F.);
#2345=ORIENTED_EDGE('',*,*,#1642,.F.);
#2346=ORIENTED_EDGE('',*,*,#1625,.T.);
#2347=ORIENTED_EDGE('',*,*,#1643,.T.);
#2348=ORIENTED_EDGE('',*,*,#1629,.T.);
#2349=ORIENTED_EDGE('',*,*,#1642,.T.);
#2350=ORIENTED_EDGE('',*,*,#1644,.F.);
#2351=ORIENTED_EDGE('',*,*,#1634,.F.);
#2352=ORIENTED_EDGE('',*,*,#1644,.T.);
#2353=ORIENTED_EDGE('',*,*,#1641,.T.);
#2354=ORIENTED_EDGE('',*,*,#1638,.T.);
#2355=ORIENTED_EDGE('',*,*,#1635,.T.);
#2356=ORIENTED_EDGE('',*,*,#1645,.T.);
#2357=ORIENTED_EDGE('',*,*,#1646,.T.);
#2358=ORIENTED_EDGE('',*,*,#1647,.T.);
#2359=ORIENTED_EDGE('',*,*,#1637,.F.);
#2360=ORIENTED_EDGE('',*,*,#1648,.T.);
#2361=ORIENTED_EDGE('',*,*,#1633,.F.);
#2362=ORIENTED_EDGE('',*,*,#1649,.T.);
#2363=ORIENTED_EDGE('',*,*,#1650,.T.);
#2364=ORIENTED_EDGE('',*,*,#1651,.T.);
#2365=ORIENTED_EDGE('',*,*,#1643,.F.);
#2366=ORIENTED_EDGE('',*,*,#1652,.T.);
#2367=ORIENTED_EDGE('',*,*,#1653,.T.);
#2368=ORIENTED_EDGE('',*,*,#1654,.T.);
#2369=ORIENTED_EDGE('',*,*,#1652,.F.);
#2370=ORIENTED_EDGE('',*,*,#1624,.T.);
#2371=ORIENTED_EDGE('',*,*,#1648,.F.);
#2372=ORIENTED_EDGE('',*,*,#1649,.F.);
#2373=ORIENTED_EDGE('',*,*,#1630,.T.);
#2374=ORIENTED_EDGE('',*,*,#1647,.F.);
#2375=ORIENTED_EDGE('',*,*,#1651,.F.);
#2376=ORIENTED_EDGE('',*,*,#1655,.F.);
#2377=ORIENTED_EDGE('',*,*,#1627,.T.);
#2378=ORIENTED_EDGE('',*,*,#1645,.F.);
#2379=ORIENTED_EDGE('',*,*,#1640,.F.);
#2380=ORIENTED_EDGE('',*,*,#1655,.T.);
#2381=ORIENTED_EDGE('',*,*,#1654,.F.);
#2382=ORIENTED_EDGE('',*,*,#1656,.T.);
#2383=ORIENTED_EDGE('',*,*,#1646,.F.);
#2384=ORIENTED_EDGE('',*,*,#1656,.F.);
#2385=ORIENTED_EDGE('',*,*,#1653,.F.);
#2386=ORIENTED_EDGE('',*,*,#1650,.F.);
#2387=PLANE('',#2637);
#2388=PLANE('',#2639);
#2389=PLANE('',#2646);
#2390=PLANE('',#2649);
#2391=PLANE('',#2650);
#2392=PLANE('',#2651);
#2393=PLANE('',#2666);
#2394=PLANE('',#2669);
#2395=PLANE('',#2675);
#2396=PLANE('',#2678);
#2397=PLANE('',#2679);
#2398=PLANE('',#2682);
#2399=PLANE('',#2685);
#2400=PLANE('',#2688);
#2401=PLANE('',#2691);
#2402=PLANE('',#2694);
#2403=PLANE('',#2695);
#2404=PLANE('',#2696);
#2405=PLANE('',#2697);
#2406=PLANE('',#2700);
#2407=PLANE('',#2703);
#2408=PLANE('',#2706);
#2409=PLANE('',#2709);
#2410=PLANE('',#2712);
#2411=PLANE('',#2715);
#2412=PLANE('',#2718);
#2413=PLANE('',#2719);
#2414=PLANE('',#2720);
#2415=PLANE('',#2721);
#2416=PLANE('',#2724);
#2417=PLANE('',#2725);
#2418=PLANE('',#2726);
#2419=PLANE('',#2729);
#2420=PLANE('',#2730);
#2421=PLANE('',#2737);
#2422=PLANE('',#2741);
#2423=PLANE('',#2742);
#2424=PLANE('',#2749);
#2425=PLANE('',#2753);
#2426=PLANE('',#2754);
#2427=PLANE('',#2755);
#2428=PLANE('',#2759);
#2429=PLANE('',#2763);
#2430=PLANE('',#2767);
#2431=PLANE('',#2773);
#2432=PLANE('',#2776);
#2433=PLANE('',#2777);
#2434=PLANE('',#2782);
#2435=PLANE('',#2785);
#2436=PLANE('',#2788);
#2437=PLANE('',#2791);
#2438=PLANE('',#2796);
#2439=PLANE('',#2799);
#2440=PLANE('',#2802);
#2441=PLANE('',#2806);
#2442=PLANE('',#2810);
#2443=PLANE('',#2813);
#2444=PLANE('',#2814);
#2445=PLANE('',#2816);
#2446=PLANE('',#2821);
#2447=PLANE('',#2824);
#2448=PLANE('',#2827);
#2449=PLANE('',#2829);
#2450=PLANE('',#2832);
#2451=PLANE('',#2834);
#2452=PLANE('',#2836);
#2453=PLANE('',#2837);
#2454=PLANE('',#2838);
#2455=PLANE('',#2839);
#2456=PLANE('',#2840);
#2457=PLANE('',#2844);
#2458=PLANE('',#2845);
#2459=PLANE('',#2849);
#2460=PLANE('',#2850);
#2461=PLANE('',#2851);
#2462=PLANE('',#2852);
#2463=PLANE('',#2853);
#2464=PLANE('',#2854);
#2465=PLANE('',#2855);
#2466=PLANE('',#2857);
#2467=PLANE('',#2859);
#2468=PLANE('',#2861);
#2469=PLANE('',#2862);
#2470=PLANE('',#2863);
#2471=PLANE('',#2864);
#2472=PLANE('',#2865);
#2473=PLANE('',#2881);
#2474=ADVANCED_FACE('',(#118),#2387,.F.);
#2475=ADVANCED_FACE('',(#119),#2388,.F.);
#2476=ADVANCED_FACE('',(#120),#114,.F.);
#2477=ADVANCED_FACE('',(#121),#94,.F.);
#2478=ADVANCED_FACE('',(#122),#2389,.T.);
#2479=ADVANCED_FACE('',(#123),#61,.T.);
#2480=ADVANCED_FACE('',(#124),#2390,.F.);
#2481=ADVANCED_FACE('',(#125,#31),#2391,.T.);
#2482=ADVANCED_FACE('',(#126,#32,#33,#34,#35,#36,#37,#38,#39,#40),#2392,
 .F.);
#2483=ADVANCED_FACE('',(#127,#41),#2393,.F.);
#2484=ADVANCED_FACE('',(#128),#2394,.T.);
#2485=ADVANCED_FACE('',(#129),#115,.T.);
#2486=ADVANCED_FACE('',(#130),#95,.F.);
#2487=ADVANCED_FACE('',(#131),#2395,.F.);
#2488=ADVANCED_FACE('',(#132),#62,.T.);
#2489=ADVANCED_FACE('',(#133),#2396,.T.);
#2490=ADVANCED_FACE('',(#134),#2397,.T.);
#2491=ADVANCED_FACE('',(#135),#63,.F.);
#2492=ADVANCED_FACE('',(#136),#2398,.F.);
#2493=ADVANCED_FACE('',(#137),#64,.F.);
#2494=ADVANCED_FACE('',(#138),#2399,.F.);
#2495=ADVANCED_FACE('',(#139),#65,.F.);
#2496=ADVANCED_FACE('',(#140),#2400,.F.);
#2497=ADVANCED_FACE('',(#141),#66,.F.);
#2498=ADVANCED_FACE('',(#142),#2401,.F.);
#2499=ADVANCED_FACE('',(#143),#67,.F.);
#2500=ADVANCED_FACE('',(#144),#2402,.F.);
#2501=ADVANCED_FACE('',(#145),#2403,.F.);
#2502=ADVANCED_FACE('',(#146),#2404,.F.);
#2503=ADVANCED_FACE('',(#147),#2405,.F.);
#2504=ADVANCED_FACE('',(#148),#68,.F.);
#2505=ADVANCED_FACE('',(#149),#2406,.F.);
#2506=ADVANCED_FACE('',(#150),#69,.F.);
#2507=ADVANCED_FACE('',(#151),#2407,.F.);
#2508=ADVANCED_FACE('',(#152),#70,.F.);
#2509=ADVANCED_FACE('',(#153),#2408,.F.);
#2510=ADVANCED_FACE('',(#154),#71,.F.);
#2511=ADVANCED_FACE('',(#155),#2409,.F.);
#2512=ADVANCED_FACE('',(#156),#72,.F.);
#2513=ADVANCED_FACE('',(#157),#2410,.F.);
#2514=ADVANCED_FACE('',(#158),#73,.F.);
#2515=ADVANCED_FACE('',(#159),#2411,.F.);
#2516=ADVANCED_FACE('',(#160),#74,.F.);
#2517=ADVANCED_FACE('',(#161),#2412,.F.);
#2518=ADVANCED_FACE('',(#162),#2413,.F.);
#2519=ADVANCED_FACE('',(#163),#2414,.F.);
#2520=ADVANCED_FACE('',(#164),#2415,.F.);
#2521=ADVANCED_FACE('',(#165),#75,.T.);
#2522=ADVANCED_FACE('',(#166),#2416,.T.);
#2523=ADVANCED_FACE('',(#167),#2417,.T.);
#2524=ADVANCED_FACE('',(#168),#2418,.T.);
#2525=ADVANCED_FACE('',(#169),#76,.T.);
#2526=ADVANCED_FACE('',(#170),#2419,.T.);
#2527=ADVANCED_FACE('',(#171,#42,#43,#44,#45,#46,#47,#48,#49,#50),#2420,
 .T.);
#2528=ADVANCED_FACE('',(#172),#116,.T.);
#2529=ADVANCED_FACE('',(#173),#96,.T.);
#2530=ADVANCED_FACE('',(#174),#2421,.F.);
#2531=ADVANCED_FACE('',(#175),#77,.T.);
#2532=ADVANCED_FACE('',(#176),#2422,.F.);
#2533=ADVANCED_FACE('',(#177,#51),#2423,.T.);
#2534=ADVANCED_FACE('',(#178),#117,.F.);
#2535=ADVANCED_FACE('',(#179),#97,.T.);
#2536=ADVANCED_FACE('',(#180),#2424,.T.);
#2537=ADVANCED_FACE('',(#181),#78,.T.);
#2538=ADVANCED_FACE('',(#182),#2425,.T.);
#2539=ADVANCED_FACE('',(#183,#52),#2426,.F.);
#2540=ADVANCED_FACE('',(#184),#2427,.T.);
#2541=ADVANCED_FACE('',(#185),#98,.F.);
#2542=ADVANCED_FACE('',(#186),#2428,.T.);
#2543=ADVANCED_FACE('',(#187),#99,.F.);
#2544=ADVANCED_FACE('',(#188),#2429,.T.);
#2545=ADVANCED_FACE('',(#189),#100,.F.);
#2546=ADVANCED_FACE('',(#190),#2430,.T.);
#2547=ADVANCED_FACE('',(#191),#101,.F.);
#2548=ADVANCED_FACE('',(#192),#79,.F.);
#2549=ADVANCED_FACE('',(#193),#2431,.F.);
#2550=ADVANCED_FACE('',(#194),#80,.F.);
#2551=ADVANCED_FACE('',(#195),#2432,.F.);
#2552=ADVANCED_FACE('',(#196,#53,#54),#2433,.T.);
#2553=ADVANCED_FACE('',(#197),#2434,.T.);
#2554=ADVANCED_FACE('',(#198),#102,.F.);
#2555=ADVANCED_FACE('',(#199),#2435,.T.);
#2556=ADVANCED_FACE('',(#200),#103,.F.);
#2557=ADVANCED_FACE('',(#201),#2436,.T.);
#2558=ADVANCED_FACE('',(#202),#104,.F.);
#2559=ADVANCED_FACE('',(#203),#2437,.T.);
#2560=ADVANCED_FACE('',(#204),#105,.F.);
#2561=ADVANCED_FACE('',(#205),#81,.F.);
#2562=ADVANCED_FACE('',(#206),#2438,.F.);
#2563=ADVANCED_FACE('',(#207),#82,.F.);
#2564=ADVANCED_FACE('',(#208),#2439,.F.);
#2565=ADVANCED_FACE('',(#209),#106,.F.);
#2566=ADVANCED_FACE('',(#210),#2440,.T.);
#2567=ADVANCED_FACE('',(#211),#107,.F.);
#2568=ADVANCED_FACE('',(#212),#2441,.T.);
#2569=ADVANCED_FACE('',(#213),#108,.F.);
#2570=ADVANCED_FACE('',(#214),#2442,.T.);
#2571=ADVANCED_FACE('',(#215),#109,.F.);
#2572=ADVANCED_FACE('',(#216),#2443,.T.);
#2573=ADVANCED_FACE('',(#217),#2444,.F.);
#2574=ADVANCED_FACE('',(#218),#83,.F.);
#2575=ADVANCED_FACE('',(#219,#55,#56,#57),#2445,.T.);
#2576=ADVANCED_FACE('',(#220),#2446,.T.);
#2577=ADVANCED_FACE('',(#221),#110,.F.);
#2578=ADVANCED_FACE('',(#222),#2447,.T.);
#2579=ADVANCED_FACE('',(#223),#111,.F.);
#2580=ADVANCED_FACE('',(#224),#2448,.T.);
#2581=ADVANCED_FACE('',(#225),#112,.F.);
#2582=ADVANCED_FACE('',(#226),#2449,.T.);
#2583=ADVANCED_FACE('',(#227),#113,.F.);
#2584=ADVANCED_FACE('',(#228),#84,.F.);
#2585=ADVANCED_FACE('',(#229),#2450,.F.);
#2586=ADVANCED_FACE('',(#230),#85,.F.);
#2587=ADVANCED_FACE('',(#231),#2451,.F.);
#2588=ADVANCED_FACE('',(#232),#86,.F.);
#2589=ADVANCED_FACE('',(#233),#2452,.F.);
#2590=ADVANCED_FACE('',(#234),#2453,.T.);
#2591=ADVANCED_FACE('',(#235),#2454,.T.);
#2592=ADVANCED_FACE('',(#236),#2455,.T.);
#2593=ADVANCED_FACE('',(#237),#2456,.T.);
#2594=ADVANCED_FACE('',(#238),#87,.T.);
#2595=ADVANCED_FACE('',(#239),#2457,.T.);
#2596=ADVANCED_FACE('',(#240,#58),#2458,.T.);
#2597=ADVANCED_FACE('',(#241),#88,.T.);
#2598=ADVANCED_FACE('',(#242),#2459,.T.);
#2599=ADVANCED_FACE('',(#243,#59),#2460,.T.);
#2600=ADVANCED_FACE('',(#244),#2461,.T.);
#2601=ADVANCED_FACE('',(#245),#2462,.T.);
#2602=ADVANCED_FACE('',(#246),#2463,.T.);
#2603=ADVANCED_FACE('',(#247,#60),#2464,.T.);
#2604=ADVANCED_FACE('',(#248),#2465,.T.);
#2605=ADVANCED_FACE('',(#249),#2466,.T.);
#2606=ADVANCED_FACE('',(#250),#2467,.T.);
#2607=ADVANCED_FACE('',(#251),#2468,.T.);
#2608=ADVANCED_FACE('',(#252),#2469,.T.);
#2609=ADVANCED_FACE('',(#253),#2470,.T.);
#2610=ADVANCED_FACE('',(#254),#2471,.T.);
#2611=ADVANCED_FACE('',(#255),#2472,.T.);
#2612=ADVANCED_FACE('',(#256),#89,.T.);
#2613=ADVANCED_FACE('',(#257),#90,.T.);
#2614=ADVANCED_FACE('',(#258),#91,.T.);
#2615=ADVANCED_FACE('',(#259),#15,.T.);
#2616=ADVANCED_FACE('',(#260),#16,.T.);
#2617=ADVANCED_FACE('',(#261),#92,.T.);
#2618=ADVANCED_FACE('',(#262),#93,.T.);
#2619=ADVANCED_FACE('',(#263),#2473,.T.);
#2620=CLOSED_SHELL('',(#2474,#2475,#2476,#2477,#2478,#2479,#2480,#2481,
#2482,#2483,#2484,#2485,#2486,#2487,#2488,#2489,#2490,#2491,#2492,#2493,
#2494,#2495,#2496,#2497,#2498,#2499,#2500,#2501,#2502,#2503,#2504,#2505,
#2506,#2507,#2508,#2509,#2510,#2511,#2512,#2513,#2514,#2515,#2516,#2517,
#2518,#2519,#2520,#2521,#2522,#2523,#2524,#2525,#2526,#2527));
#2621=CLOSED_SHELL('',(#2528,#2529,#2530,#2531,#2532,#2533,#2534,#2535,
#2536,#2537,#2538,#2539,#2540,#2541,#2542,#2543,#2544,#2545,#2546,#2547,
#2548,#2549,#2550,#2551,#2552,#2553,#2554,#2555,#2556,#2557,#2558,#2559,
#2560,#2561,#2562,#2563,#2564,#2565,#2566,#2567,#2568,#2569,#2570,#2571,
#2572,#2573,#2574,#2575,#2576,#2577,#2578,#2579,#2580,#2581,#2582,#2583,
#2584,#2585,#2586,#2587,#2588,#2589,#2590,#2591,#2592,#2593,#2594,#2595,
#2596,#2597,#2598,#2599,#2600,#2601,#2602,#2603));
#2622=CLOSED_SHELL('',(#2604,#2605,#2606,#2607,#2608,#2609,#2610,#2611,
#2612,#2613,#2614,#2615,#2616,#2617,#2618,#2619));
#2623=DERIVED_UNIT_ELEMENT(#2625,1.);
#2624=DERIVED_UNIT_ELEMENT(#4495,-3.);
#2625=(
MASS_UNIT()
NAMED_UNIT(*)
SI_UNIT(.KILO.,.GRAM.)
);
#2626=DERIVED_UNIT((#2623,#2624));
#2627=MEASURE_REPRESENTATION_ITEM('density measure',
POSITIVE_RATIO_MEASURE(7850.),#2626);
#2628=PROPERTY_DEFINITION_REPRESENTATION(#2633,#2630);
#2629=PROPERTY_DEFINITION_REPRESENTATION(#2634,#2631);
#2630=REPRESENTATION('material name',(#2632),#4492);
#2631=REPRESENTATION('density',(#2627),#4492);
#2632=DESCRIPTIVE_REPRESENTATION_ITEM('Steel','Steel');
#2633=PROPERTY_DEFINITION('material property','material name',#4507);
#2634=PROPERTY_DEFINITION('material property','density of part',#4507);
#2635=AXIS2_PLACEMENT_3D('',#3641,#2883,#2884);
#2636=AXIS2_PLACEMENT_3D('',#3642,#2885,#2886);
#2637=AXIS2_PLACEMENT_3D('',#3643,#2887,#2888);
#2638=AXIS2_PLACEMENT_3D('',#3652,#2892,#2893);
#2639=AXIS2_PLACEMENT_3D('',#3654,#2895,#2896);
#2640=AXIS2_PLACEMENT_3D('',#3688,#2900,#2901);
#2641=AXIS2_PLACEMENT_3D('',#3690,#2902,#2903);
#2642=AXIS2_PLACEMENT_3D('',#3692,#2904,#2905);
#2643=AXIS2_PLACEMENT_3D('',#3693,#2906,#2907);
#2644=AXIS2_PLACEMENT_3D('',#3694,#2908,#2909);
#2645=AXIS2_PLACEMENT_3D('',#3696,#2910,#2911);
#2646=AXIS2_PLACEMENT_3D('',#3698,#2913,#2914);
#2647=AXIS2_PLACEMENT_3D('',#3699,#2915,#2916);
#2648=AXIS2_PLACEMENT_3D('',#3701,#2917,#2918);
#2649=AXIS2_PLACEMENT_3D('',#3703,#2920,#2921);
#2650=AXIS2_PLACEMENT_3D('',#3707,#2924,#2925);
#2651=AXIS2_PLACEMENT_3D('',#3711,#2928,#2929);
#2652=AXIS2_PLACEMENT_3D('',#3717,#2932,#2933);
#2653=AXIS2_PLACEMENT_3D('',#3721,#2935,#2936);
#2654=AXIS2_PLACEMENT_3D('',#3734,#2943,#2944);
#2655=AXIS2_PLACEMENT_3D('',#3739,#2946,#2947);
#2656=AXIS2_PLACEMENT_3D('',#3742,#2949,#2950);
#2657=AXIS2_PLACEMENT_3D('',#3747,#2952,#2953);
#2658=AXIS2_PLACEMENT_3D('',#3750,#2955,#2956);
#2659=AXIS2_PLACEMENT_3D('',#3760,#2961,#2962);
#2660=AXIS2_PLACEMENT_3D('',#3765,#2964,#2965);
#2661=AXIS2_PLACEMENT_3D('',#3768,#2967,#2968);
#2662=AXIS2_PLACEMENT_3D('',#3773,#2970,#2971);
#2663=AXIS2_PLACEMENT_3D('',#3776,#2973,#2974);
#2664=AXIS2_PLACEMENT_3D('',#3781,#2976,#2977);
#2665=AXIS2_PLACEMENT_3D('',#3784,#2979,#2980);
#2666=AXIS2_PLACEMENT_3D('',#3793,#2985,#2986);
#2667=AXIS2_PLACEMENT_3D('',#3799,#2989,#2990);
#2668=AXIS2_PLACEMENT_3D('',#3802,#2992,#2993);
#2669=AXIS2_PLACEMENT_3D('',#3803,#2994,#2995);
#2670=AXIS2_PLACEMENT_3D('',#3837,#2999,#3000);
#2671=AXIS2_PLACEMENT_3D('',#3839,#3001,#3002);
#2672=AXIS2_PLACEMENT_3D('',#3841,#3003,#3004);
#2673=AXIS2_PLACEMENT_3D('',#3842,#3005,#3006);
#2674=AXIS2_PLACEMENT_3D('',#3843,#3007,#3008);
#2675=AXIS2_PLACEMENT_3D('',#3845,#3010,#3011);
#2676=AXIS2_PLACEMENT_3D('',#3846,#3012,#3013);
#2677=AXIS2_PLACEMENT_3D('',#3848,#3014,#3015);
#2678=AXIS2_PLACEMENT_3D('',#3850,#3017,#3018);
#2679=AXIS2_PLACEMENT_3D('',#3852,#3020,#3021);
#2680=AXIS2_PLACEMENT_3D('',#3854,#3023,#3024);
#2681=AXIS2_PLACEMENT_3D('',#3856,#3025,#3026);
#2682=AXIS2_PLACEMENT_3D('',#3858,#3028,#3029);
#2683=AXIS2_PLACEMENT_3D('',#3864,#3033,#3034);
#2684=AXIS2_PLACEMENT_3D('',#3866,#3035,#3036);
#2685=AXIS2_PLACEMENT_3D('',#3868,#3038,#3039);
#2686=AXIS2_PLACEMENT_3D('',#3872,#3042,#3043);
#2687=AXIS2_PLACEMENT_3D('',#3873,#3044,#3045);
#2688=AXIS2_PLACEMENT_3D('',#3874,#3046,#3047);
#2689=AXIS2_PLACEMENT_3D('',#3880,#3051,#3052);
#2690=AXIS2_PLACEMENT_3D('',#3882,#3053,#3054);
#2691=AXIS2_PLACEMENT_3D('',#3884,#3056,#3057);
#2692=AXIS2_PLACEMENT_3D('',#3888,#3060,#3061);
#2693=AXIS2_PLACEMENT_3D('',#3889,#3062,#3063);
#2694=AXIS2_PLACEMENT_3D('',#3890,#3064,#3065);
#2695=AXIS2_PLACEMENT_3D('',#3896,#3069,#3070);
#2696=AXIS2_PLACEMENT_3D('',#3900,#3073,#3074);
#2697=AXIS2_PLACEMENT_3D('',#3904,#3077,#3078);
#2698=AXIS2_PLACEMENT_3D('',#3906,#3080,#3081);
#2699=AXIS2_PLACEMENT_3D('',#3908,#3082,#3083);
#2700=AXIS2_PLACEMENT_3D('',#3910,#3085,#3086);
#2701=AXIS2_PLACEMENT_3D('',#3916,#3090,#3091);
#2702=AXIS2_PLACEMENT_3D('',#3918,#3092,#3093);
#2703=AXIS2_PLACEMENT_3D('',#3920,#3095,#3096);
#2704=AXIS2_PLACEMENT_3D('',#3924,#3099,#3100);
#2705=AXIS2_PLACEMENT_3D('',#3925,#3101,#3102);
#2706=AXIS2_PLACEMENT_3D('',#3926,#3103,#3104);
#2707=AXIS2_PLACEMENT_3D('',#3932,#3108,#3109);
#2708=AXIS2_PLACEMENT_3D('',#3934,#3110,#3111);
#2709=AXIS2_PLACEMENT_3D('',#3936,#3113,#3114);
#2710=AXIS2_PLACEMENT_3D('',#3940,#3117,#3118);
#2711=AXIS2_PLACEMENT_3D('',#3941,#3119,#3120);
#2712=AXIS2_PLACEMENT_3D('',#3942,#3121,#3122);
#2713=AXIS2_PLACEMENT_3D('',#3948,#3126,#3127);
#2714=AXIS2_PLACEMENT_3D('',#3950,#3128,#3129);
#2715=AXIS2_PLACEMENT_3D('',#3952,#3131,#3132);
#2716=AXIS2_PLACEMENT_3D('',#3956,#3135,#3136);
#2717=AXIS2_PLACEMENT_3D('',#3957,#3137,#3138);
#2718=AXIS2_PLACEMENT_3D('',#3958,#3139,#3140);
#2719=AXIS2_PLACEMENT_3D('',#3964,#3144,#3145);
#2720=AXIS2_PLACEMENT_3D('',#3968,#3148,#3149);
#2721=AXIS2_PLACEMENT_3D('',#3972,#3152,#3153);
#2722=AXIS2_PLACEMENT_3D('',#3974,#3155,#3156);
#2723=AXIS2_PLACEMENT_3D('',#3978,#3158,#3159);
#2724=AXIS2_PLACEMENT_3D('',#3980,#3161,#3162);
#2725=AXIS2_PLACEMENT_3D('',#3984,#3165,#3166);
#2726=AXIS2_PLACEMENT_3D('',#3988,#3169,#3170);
#2727=AXIS2_PLACEMENT_3D('',#3992,#3173,#3174);
#2728=AXIS2_PLACEMENT_3D('',#3994,#3175,#3176);
#2729=AXIS2_PLACEMENT_3D('',#3996,#3178,#3179);
#2730=AXIS2_PLACEMENT_3D('',#3998,#3181,#3182);
#2731=AXIS2_PLACEMENT_3D('',#4028,#3183,#3184);
#2732=AXIS2_PLACEMENT_3D('',#4029,#3185,#3186);
#2733=AXIS2_PLACEMENT_3D('',#4031,#3187,#3188);
#2734=AXIS2_PLACEMENT_3D('',#4032,#3189,#3190);
#2735=AXIS2_PLACEMENT_3D('',#4033,#3191,#3192);
#2736=AXIS2_PLACEMENT_3D('',#4036,#3194,#3195);
#2737=AXIS2_PLACEMENT_3D('',#4037,#3196,#3197);
#2738=AXIS2_PLACEMENT_3D('',#4038,#3198,#3199);
#2739=AXIS2_PLACEMENT_3D('',#4041,#3200,#3201);
#2740=AXIS2_PLACEMENT_3D('',#4045,#3203,#3204);
#2741=AXIS2_PLACEMENT_3D('',#4047,#3206,#3207);
#2742=AXIS2_PLACEMENT_3D('',#4053,#3211,#3212);
#2743=AXIS2_PLACEMENT_3D('',#4086,#3215,#3216);
#2744=AXIS2_PLACEMENT_3D('',#4088,#3217,#3218);
#2745=AXIS2_PLACEMENT_3D('',#4089,#3219,#3220);
#2746=AXIS2_PLACEMENT_3D('',#4090,#3221,#3222);
#2747=AXIS2_PLACEMENT_3D('',#4091,#3223,#3224);
#2748=AXIS2_PLACEMENT_3D('',#4094,#3226,#3227);
#2749=AXIS2_PLACEMENT_3D('',#4095,#3228,#3229);
#2750=AXIS2_PLACEMENT_3D('',#4096,#3230,#3231);
#2751=AXIS2_PLACEMENT_3D('',#4099,#3232,#3233);
#2752=AXIS2_PLACEMENT_3D('',#4103,#3235,#3236);
#2753=AXIS2_PLACEMENT_3D('',#4105,#3238,#3239);
#2754=AXIS2_PLACEMENT_3D('',#4111,#3243,#3244);
#2755=AXIS2_PLACEMENT_3D('',#4115,#3247,#3248);
#2756=AXIS2_PLACEMENT_3D('',#4124,#3253,#3254);
#2757=AXIS2_PLACEMENT_3D('',#4128,#3256,#3257);
#2758=AXIS2_PLACEMENT_3D('',#4129,#3258,#3259);
#2759=AXIS2_PLACEMENT_3D('',#4130,#3260,#3261);
#2760=AXIS2_PLACEMENT_3D('',#4136,#3265,#3266);
#2761=AXIS2_PLACEMENT_3D('',#4140,#3268,#3269);
#2762=AXIS2_PLACEMENT_3D('',#4141,#3270,#3271);
#2763=AXIS2_PLACEMENT_3D('',#4142,#3272,#3273);
#2764=AXIS2_PLACEMENT_3D('',#4148,#3277,#3278);
#2765=AXIS2_PLACEMENT_3D('',#4152,#3280,#3281);
#2766=AXIS2_PLACEMENT_3D('',#4153,#3282,#3283);
#2767=AXIS2_PLACEMENT_3D('',#4154,#3284,#3285);
#2768=AXIS2_PLACEMENT_3D('',#4160,#3289,#3290);
#2769=AXIS2_PLACEMENT_3D('',#4161,#3291,#3292);
#2770=AXIS2_PLACEMENT_3D('',#4162,#3293,#3294);
#2771=AXIS2_PLACEMENT_3D('',#4163,#3295,#3296);
#2772=AXIS2_PLACEMENT_3D('',#4167,#3298,#3299);
#2773=AXIS2_PLACEMENT_3D('',#4169,#3301,#3302);
#2774=AXIS2_PLACEMENT_3D('',#4173,#3305,#3306);
#2775=AXIS2_PLACEMENT_3D('',#4176,#3308,#3309);
#2776=AXIS2_PLACEMENT_3D('',#4177,#3310,#3311);
#2777=AXIS2_PLACEMENT_3D('',#4181,#3314,#3315);
#2778=AXIS2_PLACEMENT_3D('',#4191,#3320,#3321);
#2779=AXIS2_PLACEMENT_3D('',#4195,#3323,#3324);
#2780=AXIS2_PLACEMENT_3D('',#4199,#3326,#3327);
#2781=AXIS2_PLACEMENT_3D('',#4202,#3329,#3330);
#2782=AXIS2_PLACEMENT_3D('',#4203,#3331,#3332);
#2783=AXIS2_PLACEMENT_3D('',#4209,#3336,#3337);
#2784=AXIS2_PLACEMENT_3D('',#4212,#3339,#3340);
#2785=AXIS2_PLACEMENT_3D('',#4213,#3341,#3342);
#2786=AXIS2_PLACEMENT_3D('',#4217,#3345,#3346);
#2787=AXIS2_PLACEMENT_3D('',#4220,#3348,#3349);
#2788=AXIS2_PLACEMENT_3D('',#4221,#3350,#3351);
#2789=AXIS2_PLACEMENT_3D('',#4225,#3354,#3355);
#2790=AXIS2_PLACEMENT_3D('',#4228,#3357,#3358);
#2791=AXIS2_PLACEMENT_3D('',#4229,#3359,#3360);
#2792=AXIS2_PLACEMENT_3D('',#4233,#3363,#3364);
#2793=AXIS2_PLACEMENT_3D('',#4234,#3365,#3366);
#2794=AXIS2_PLACEMENT_3D('',#4235,#3367,#3368);
#2795=AXIS2_PLACEMENT_3D('',#4239,#3370,#3371);
#2796=AXIS2_PLACEMENT_3D('',#4241,#3373,#3374);
#2797=AXIS2_PLACEMENT_3D('',#4245,#3377,#3378);
#2798=AXIS2_PLACEMENT_3D('',#4248,#3380,#3381);
#2799=AXIS2_PLACEMENT_3D('',#4249,#3382,#3383);
#2800=AXIS2_PLACEMENT_3D('',#4253,#3386,#3387);
#2801=AXIS2_PLACEMENT_3D('',#4257,#3389,#3390);
#2802=AXIS2_PLACEMENT_3D('',#4259,#3392,#3393);
#2803=AXIS2_PLACEMENT_3D('',#4263,#3396,#3397);
#2804=AXIS2_PLACEMENT_3D('',#4267,#3399,#3400);
#2805=AXIS2_PLACEMENT_3D('',#4268,#3401,#3402);
#2806=AXIS2_PLACEMENT_3D('',#4269,#3403,#3404);
#2807=AXIS2_PLACEMENT_3D('',#4275,#3408,#3409);
#2808=AXIS2_PLACEMENT_3D('',#4279,#3411,#3412);
#2809=AXIS2_PLACEMENT_3D('',#4280,#3413,#3414);
#2810=AXIS2_PLACEMENT_3D('',#4281,#3415,#3416);
#2811=AXIS2_PLACEMENT_3D('',#4286,#3420,#3421);
#2812=AXIS2_PLACEMENT_3D('',#4289,#3423,#3424);
#2813=AXIS2_PLACEMENT_3D('',#4290,#3425,#3426);
#2814=AXIS2_PLACEMENT_3D('',#4292,#3428,#3429);
#2815=AXIS2_PLACEMENT_3D('',#4295,#3432,#3433);
#2816=AXIS2_PLACEMENT_3D('',#4296,#3434,#3435);
#2817=AXIS2_PLACEMENT_3D('',#4309,#3441,#3442);
#2818=AXIS2_PLACEMENT_3D('',#4313,#3444,#3445);
#2819=AXIS2_PLACEMENT_3D('',#4317,#3447,#3448);
#2820=AXIS2_PLACEMENT_3D('',#4320,#3450,#3451);
#2821=AXIS2_PLACEMENT_3D('',#4329,#3456,#3457);
#2822=AXIS2_PLACEMENT_3D('',#4332,#3460,#3461);
#2823=AXIS2_PLACEMENT_3D('',#4335,#3463,#3464);
#2824=AXIS2_PLACEMENT_3D('',#4336,#3465,#3466);
#2825=AXIS2_PLACEMENT_3D('',#4340,#3469,#3470);
#2826=AXIS2_PLACEMENT_3D('',#4343,#3472,#3473);
#2827=AXIS2_PLACEMENT_3D('',#4344,#3474,#3475);
#2828=AXIS2_PLACEMENT_3D('',#4347,#3478,#3479);
#2829=AXIS2_PLACEMENT_3D('',#4349,#3481,#3482);
#2830=AXIS2_PLACEMENT_3D('',#4351,#3484,#3485);
#2831=AXIS2_PLACEMENT_3D('',#4352,#3486,#3487);
#2832=AXIS2_PLACEMENT_3D('',#4355,#3490,#3491);
#2833=AXIS2_PLACEMENT_3D('',#4357,#3493,#3494);
#2834=AXIS2_PLACEMENT_3D('',#4358,#3495,#3496);
#2835=AXIS2_PLACEMENT_3D('',#4359,#3497,#3498);
#2836=AXIS2_PLACEMENT_3D('',#4361,#3500,#3501);
#2837=AXIS2_PLACEMENT_3D('',#4362,#3502,#3503);
#2838=AXIS2_PLACEMENT_3D('',#4368,#3507,#3508);
#2839=AXIS2_PLACEMENT_3D('',#4372,#3511,#3512);
#2840=AXIS2_PLACEMENT_3D('',#4376,#3515,#3516);
#2841=AXIS2_PLACEMENT_3D('',#4378,#3518,#3519);
#2842=AXIS2_PLACEMENT_3D('',#4381,#3520,#3521);
#2843=AXIS2_PLACEMENT_3D('',#4385,#3523,#3524);
#2844=AXIS2_PLACEMENT_3D('',#4387,#3526,#3527);
#2845=AXIS2_PLACEMENT_3D('',#4393,#3531,#3532);
#2846=AXIS2_PLACEMENT_3D('',#4396,#3535,#3536);
#2847=AXIS2_PLACEMENT_3D('',#4402,#3540,#3541);
#2848=AXIS2_PLACEMENT_3D('',#4403,#3542,#3543);
#2849=AXIS2_PLACEMENT_3D('',#4404,#3544,#3545);
#2850=AXIS2_PLACEMENT_3D('',#4408,#3548,#3549);
#2851=AXIS2_PLACEMENT_3D('',#4412,#3552,#3553);
#2852=AXIS2_PLACEMENT_3D('',#4414,#3555,#3556);
#2853=AXIS2_PLACEMENT_3D('',#4416,#3558,#3559);
#2854=AXIS2_PLACEMENT_3D('',#4418,#3561,#3562);
#2855=AXIS2_PLACEMENT_3D('',#4419,#3563,#3564);
#2856=AXIS2_PLACEMENT_3D('',#4422,#3565,#3566);
#2857=AXIS2_PLACEMENT_3D('',#4426,#3569,#3570);
#2858=AXIS2_PLACEMENT_3D('',#4429,#3571,#3572);
#2859=AXIS2_PLACEMENT_3D('',#4433,#3575,#3576);
#2860=AXIS2_PLACEMENT_3D('',#4436,#3577,#3578);
#2861=AXIS2_PLACEMENT_3D('',#4440,#3581,#3582);
#2862=AXIS2_PLACEMENT_3D('',#4447,#3587,#3588);
#2863=AXIS2_PLACEMENT_3D('',#4453,#3592,#3593);
#2864=AXIS2_PLACEMENT_3D('',#4458,#3597,#3598);
#2865=AXIS2_PLACEMENT_3D('',#4461,#3601,#3602);
#2866=AXIS2_PLACEMENT_3D('',#4462,#3603,#3604);
#2867=AXIS2_PLACEMENT_3D('',#4464,#3605,#3606);
#2868=AXIS2_PLACEMENT_3D('',#4467,#3608,#3609);
#2869=AXIS2_PLACEMENT_3D('',#4468,#3610,#3611);
#2870=AXIS2_PLACEMENT_3D('',#4470,#3612,#3613);
#2871=AXIS2_PLACEMENT_3D('',#4471,#3614,#3615);
#2872=AXIS2_PLACEMENT_3D('',#4473,#3617,#3618);
#2873=AXIS2_PLACEMENT_3D('',#4475,#3619,#3620);
#2874=AXIS2_PLACEMENT_3D('',#4476,#3621,#3622);
#2875=AXIS2_PLACEMENT_3D('',#4479,#3624,#3625);
#2876=AXIS2_PLACEMENT_3D('',#4480,#3626,#3627);
#2877=AXIS2_PLACEMENT_3D('',#4481,#3628,#3629);
#2878=AXIS2_PLACEMENT_3D('',#4482,#3630,#3631);
#2879=AXIS2_PLACEMENT_3D('',#4483,#3632,#3633);
#2880=AXIS2_PLACEMENT_3D('',#4484,#3634,#3635);
#2881=AXIS2_PLACEMENT_3D('',#4486,#3637,#3638);
#2882=AXIS2_PLACEMENT_3D('',#4487,#3639,#3640);
#2883=DIRECTION('axis',(0.,0.,1.));
#2884=DIRECTION('refdir',(1.,0.,0.));
#2885=DIRECTION('axis',(0.,0.,1.));
#2886=DIRECTION('refdir',(1.,0.,0.));
#2887=DIRECTION('center_axis',(1.,1.3294694406105E-30,-1.80411241501588E-16));
#2888=DIRECTION('ref_axis',(-2.20940049435119E-32,1.,7.24664064603472E-15));
#2889=DIRECTION('',(-1.35156344555402E-30,1.,-1.22464679914745E-16));
#2890=DIRECTION('',(1.80411241501588E-16,1.22464679914745E-16,1.));
#2891=DIRECTION('',(1.67167798194896E-17,0.995697872670675,0.0926593026041772));
#2892=DIRECTION('center_axis',(1.,1.3294694406105E-30,-1.80411241501588E-16));
#2893=DIRECTION('ref_axis',(-2.20940049435122E-32,1.,7.24664064603472E-15));
#2894=DIRECTION('',(1.61287220919585E-16,-0.448071703536952,0.893997622194541));
#2895=DIRECTION('center_axis',(1.79635089369006E-16,-0.0926593026041772,
0.995697872670675));
#2896=DIRECTION('ref_axis',(1.67167798194896E-17,0.995697872670675,0.0926593026041772));
#2897=DIRECTION('',(-1.,-2.65893888122101E-30,1.80411241501587E-16));
#2898=DIRECTION('',(-1.67167798194896E-17,-0.995697872670675,-0.0926593026041772));
#2899=DIRECTION('',(-1.,-1.3294694406105E-30,1.80411241501588E-16));
#2900=DIRECTION('center_axis',(-1.,-1.3294694406105E-30,1.80411241501588E-16));
#2901=DIRECTION('ref_axis',(-2.2094004943512E-32,1.,7.24664064603472E-15));
#2902=DIRECTION('center_axis',(3.70692183161112E-31,-1.,-5.31439864539125E-15));
#2903=DIRECTION('ref_axis',(0.,5.31439864539125E-15,-1.));
#2904=DIRECTION('center_axis',(1.,1.3294694406105E-30,-1.80411241501588E-16));
#2905=DIRECTION('ref_axis',(-2.2094004943512E-32,1.,7.24664064603472E-15));
#2906=DIRECTION('center_axis',(1.,1.3294694406105E-30,-1.80411241501588E-16));
#2907=DIRECTION('ref_axis',(-2.2094004943512E-32,1.,7.24664064603472E-15));
#2908=DIRECTION('center_axis',(1.,1.3294694406105E-30,-1.80411241501588E-16));
#2909=DIRECTION('ref_axis',(-2.20940049435119E-32,1.,7.24664064603472E-15));
#2910=DIRECTION('center_axis',(-1.,-1.3294694406105E-30,1.80411241501588E-16));
#2911=DIRECTION('ref_axis',(-2.20940049435121E-32,1.,7.24664064603473E-15));
#2912=DIRECTION('',(-0.970295726275997,0.241921895599668,1.95780018592844E-15));
#2913=DIRECTION('center_axis',(1.,1.3294694406105E-30,-1.80411241501588E-16));
#2914=DIRECTION('ref_axis',(-2.20940049435119E-32,1.,7.24664064603472E-15));
#2915=DIRECTION('center_axis',(1.,1.3294694406105E-30,-1.80411241501588E-16));
#2916=DIRECTION('ref_axis',(4.51219952721711E-17,-0.968218373502523,0.250106339807948));
#2917=DIRECTION('center_axis',(1.,1.3294694406105E-30,-1.80411241501588E-16));
#2918=DIRECTION('ref_axis',(-2.20940049435122E-32,1.,7.24664064603472E-15));
#2919=DIRECTION('',(-1.,-1.3294694406105E-30,1.80411241501588E-16));
#2920=DIRECTION('center_axis',(-8.08371723168317E-17,-0.893997622194541,
-0.448071703536952));
#2921=DIRECTION('ref_axis',(1.61287220919585E-16,-0.448071703536952,0.893997622194541));
#2922=DIRECTION('',(1.,9.04221334710028E-17,-3.60822483003175E-16));
#2923=DIRECTION('',(1.61287220919585E-16,-0.448071703536952,0.893997622194541));
#2924=DIRECTION('center_axis',(1.,1.3294694406105E-30,-1.80411241501588E-16));
#2925=DIRECTION('ref_axis',(-2.20940049435119E-32,1.,7.24664064603472E-15));
#2926=DIRECTION('',(1.35156344555402E-30,-1.,1.22464679914745E-16));
#2927=DIRECTION('',(-1.80411241501588E-16,-1.22464679914745E-16,-1.));
#2928=DIRECTION('center_axis',(-3.60822483003175E-16,-1.22464679914745E-16,
-1.));
#2929=DIRECTION('ref_axis',(-1.,-2.63684487627749E-30,3.60822483003175E-16));
#2930=DIRECTION('',(1.,2.63684487627749E-30,-3.60822483003175E-16));
#2931=DIRECTION('',(-2.68103288616452E-30,1.,-1.22464679914745E-16));
#2932=DIRECTION('center_axis',(-3.60822483003175E-16,-1.22464679914745E-16,
-1.));
#2933=DIRECTION('ref_axis',(1.18423789293348E-14,1.,-1.22464679914749E-16));
#2934=DIRECTION('',(-1.,-2.63684487627749E-30,3.60822483003175E-16));
#2935=DIRECTION('center_axis',(-3.60822483003175E-16,-1.22464679914745E-16,
-1.));
#2936=DIRECTION('ref_axis',(-1.,5.92118946466747E-15,3.60822483003174E-16));
#2937=DIRECTION('',(2.68103288616452E-30,-1.,1.22464679914745E-16));
#2938=DIRECTION('',(1.,2.63684487627749E-30,-3.60822483003175E-16));
#2939=DIRECTION('',(-1.35156344555402E-30,1.,-1.22464679914745E-16));
#2940=DIRECTION('',(1.,9.04221334710028E-17,-3.60822483003175E-16));
#2941=DIRECTION('',(1.35156344555402E-30,-1.,1.22464679914745E-16));
#2942=DIRECTION('',(1.,2.63684487627749E-30,-3.60822483003175E-16));
#2943=DIRECTION('center_axis',(-3.60822483003175E-16,-1.22464679914745E-16,
-1.));
#2944=DIRECTION('ref_axis',(-1.,-2.63684487627749E-30,3.60822483003175E-16));
#2945=DIRECTION('',(-2.68103288616452E-30,1.,-1.22464679914745E-16));
#2946=DIRECTION('center_axis',(-3.60822483003175E-16,-1.22464679914745E-16,
-1.));
#2947=DIRECTION('ref_axis',(-1.,-2.63684487627749E-30,3.60822483003175E-16));
#2948=DIRECTION('',(2.68103288616452E-30,-1.,1.22464679914745E-16));
#2949=DIRECTION('center_axis',(-3.60822483003175E-16,-1.22464679914745E-16,
-1.));
#2950=DIRECTION('ref_axis',(1.,2.63684487627749E-30,-3.60822483003175E-16));
#2951=DIRECTION('',(-2.68103288616452E-30,1.,-1.22464679914745E-16));
#2952=DIRECTION('center_axis',(-3.60822483003175E-16,-1.22464679914745E-16,
-1.));
#2953=DIRECTION('ref_axis',(-1.,-2.63684487627749E-30,3.60822483003175E-16));
#2954=DIRECTION('',(2.68103288616452E-30,-1.,1.22464679914745E-16));
#2955=DIRECTION('center_axis',(-3.60822483003175E-16,-1.22464679914745E-16,
-1.));
#2956=DIRECTION('ref_axis',(1.,2.63684487627749E-30,-3.60822483003175E-16));
#2957=DIRECTION('',(2.68103288616452E-30,-1.,1.22464679914745E-16));
#2958=DIRECTION('',(-1.,-2.63684487627749E-30,3.60822483003175E-16));
#2959=DIRECTION('',(-2.68103288616452E-30,1.,-1.22464679914745E-16));
#2960=DIRECTION('',(1.,2.63684487627749E-30,-3.60822483003175E-16));
#2961=DIRECTION('center_axis',(-3.60822483003175E-16,-1.22464679914745E-16,
-1.));
#2962=DIRECTION('ref_axis',(-1.,-2.63684487627749E-30,3.60822483003175E-16));
#2963=DIRECTION('',(2.68103288616452E-30,-1.,1.22464679914745E-16));
#2964=DIRECTION('center_axis',(-3.60822483003175E-16,-1.22464679914745E-16,
-1.));
#2965=DIRECTION('ref_axis',(1.,2.63684487627749E-30,-3.60822483003175E-16));
#2966=DIRECTION('',(-2.68103288616452E-30,1.,-1.22464679914745E-16));
#2967=DIRECTION('center_axis',(-3.60822483003175E-16,-1.22464679914745E-16,
-1.));
#2968=DIRECTION('ref_axis',(-1.,-2.63684487627749E-30,3.60822483003175E-16));
#2969=DIRECTION('',(-2.68103288616452E-30,1.,-1.22464679914745E-16));
#2970=DIRECTION('center_axis',(-3.60822483003175E-16,-1.22464679914745E-16,
-1.));
#2971=DIRECTION('ref_axis',(-1.,-2.63684487627749E-30,3.60822483003175E-16));
#2972=DIRECTION('',(2.68103288616452E-30,-1.,1.22464679914745E-16));
#2973=DIRECTION('center_axis',(-3.60822483003175E-16,-1.22464679914745E-16,
-1.));
#2974=DIRECTION('ref_axis',(1.,2.63684487627749E-30,-3.60822483003175E-16));
#2975=DIRECTION('',(-2.68103288616452E-30,1.,-1.22464679914745E-16));
#2976=DIRECTION('center_axis',(-3.60822483003175E-16,-1.22464679914745E-16,
-1.));
#2977=DIRECTION('ref_axis',(-1.,-2.63684487627749E-30,3.60822483003175E-16));
#2978=DIRECTION('',(2.68103288616452E-30,-1.,1.22464679914745E-16));
#2979=DIRECTION('center_axis',(-3.60822483003175E-16,-1.22464679914745E-16,
-1.));
#2980=DIRECTION('ref_axis',(1.,2.63684487627749E-30,-3.60822483003175E-16));
#2981=DIRECTION('',(2.68103288616452E-30,-1.,1.22464679914745E-16));
#2982=DIRECTION('',(-1.,-2.63684487627749E-30,3.60822483003175E-16));
#2983=DIRECTION('',(-2.68103288616452E-30,1.,-1.22464679914745E-16));
#2984=DIRECTION('',(1.,2.63684487627749E-30,-3.60822483003175E-16));
#2985=DIRECTION('center_axis',(1.,1.3294694406105E-30,-1.80411241501588E-16));
#2986=DIRECTION('ref_axis',(-2.20940049435119E-32,1.,7.24664064603472E-15));
#2987=DIRECTION('',(1.80411241501588E-16,1.22464679914745E-16,1.));
#2988=DIRECTION('',(-1.67167798194896E-17,-0.995697872670675,-0.0926593026041772));
#2989=DIRECTION('center_axis',(1.,1.3294694406105E-30,-1.80411241501588E-16));
#2990=DIRECTION('ref_axis',(-2.20940049435122E-32,1.,7.24664064603472E-15));
#2991=DIRECTION('',(1.61287220919585E-16,-0.448071703536952,0.893997622194541));
#2992=DIRECTION('center_axis',(-1.,-1.3294694406105E-30,1.80411241501588E-16));
#2993=DIRECTION('ref_axis',(-2.20940049435121E-32,1.,7.24664064603473E-15));
#2994=DIRECTION('center_axis',(-1.79635089369006E-16,0.0926593026041772,
-0.995697872670675));
#2995=DIRECTION('ref_axis',(1.67167798194896E-17,0.995697872670675,0.0926593026041772));
#2996=DIRECTION('',(-1.,-2.65893888122101E-30,1.80411241501587E-16));
#2997=DIRECTION('',(1.67167798194896E-17,0.995697872670675,0.0926593026041772));
#2998=DIRECTION('',(1.,1.3294694406105E-30,-1.80411241501588E-16));
#2999=DIRECTION('center_axis',(-1.,-1.3294694406105E-30,1.80411241501588E-16));
#3000=DIRECTION('ref_axis',(-2.2094004943512E-32,1.,7.24664064603472E-15));
#3001=DIRECTION('center_axis',(-3.70692183161112E-31,1.,5.31439864539125E-15));
#3002=DIRECTION('ref_axis',(0.,5.31439864539125E-15,-1.));
#3003=DIRECTION('center_axis',(1.,1.3294694406105E-30,-1.80411241501588E-16));
#3004=DIRECTION('ref_axis',(-2.2094004943512E-32,1.,7.24664064603472E-15));
#3005=DIRECTION('center_axis',(1.,1.3294694406105E-30,-1.80411241501588E-16));
#3006=DIRECTION('ref_axis',(-2.2094004943512E-32,1.,7.24664064603472E-15));
#3007=DIRECTION('center_axis',(-1.,-1.3294694406105E-30,1.80411241501588E-16));
#3008=DIRECTION('ref_axis',(-2.20940049435119E-32,1.,7.24664064603472E-15));
#3009=DIRECTION('',(0.970295726275997,0.241921895599668,1.60769567272616E-15));
#3010=DIRECTION('center_axis',(1.,1.3294694406105E-30,-1.80411241501588E-16));
#3011=DIRECTION('ref_axis',(-2.20940049435119E-32,1.,7.24664064603472E-15));
#3012=DIRECTION('center_axis',(1.,1.3294694406105E-30,-1.80411241501588E-16));
#3013=DIRECTION('ref_axis',(4.51219952721712E-17,-0.968218373502523,0.250106339807948));
#3014=DIRECTION('center_axis',(1.,1.3294694406105E-30,-1.80411241501588E-16));
#3015=DIRECTION('ref_axis',(-2.20940049435122E-32,1.,7.24664064603472E-15));
#3016=DIRECTION('',(1.,1.3294694406105E-30,-1.80411241501588E-16));
#3017=DIRECTION('center_axis',(8.08371723168317E-17,0.893997622194541,0.448071703536952));
#3018=DIRECTION('ref_axis',(1.61287220919585E-16,-0.448071703536952,0.893997622194541));
#3019=DIRECTION('',(1.61287220919585E-16,-0.448071703536952,0.893997622194541));
#3020=DIRECTION('center_axis',(1.,1.3294694406105E-30,-1.80411241501588E-16));
#3021=DIRECTION('ref_axis',(-2.20940049435119E-32,1.,7.24664064603472E-15));
#3022=DIRECTION('',(-1.80411241501588E-16,-1.22464679914745E-16,-1.));
#3023=DIRECTION('center_axis',(3.60822483003175E-16,1.22464679914745E-16,
1.));
#3024=DIRECTION('ref_axis',(-1.,-2.63684487627749E-30,3.60822483003175E-16));
#3025=DIRECTION('center_axis',(3.60822483003175E-16,1.22464679914745E-16,
1.));
#3026=DIRECTION('ref_axis',(-1.,-2.63684487627749E-30,3.60822483003175E-16));
#3027=DIRECTION('',(3.60822483003175E-16,1.22464679914745E-16,1.));
#3028=DIRECTION('center_axis',(1.,2.63684487627749E-30,-3.60822483003175E-16));
#3029=DIRECTION('ref_axis',(-2.68103288616452E-30,1.,-1.22464679914745E-16));
#3030=DIRECTION('',(3.60822483003175E-16,1.22464679914745E-16,1.));
#3031=DIRECTION('',(-2.68103288616452E-30,1.,-1.22464679914745E-16));
#3032=DIRECTION('',(3.60822483003175E-16,1.22464679914745E-16,1.));
#3033=DIRECTION('center_axis',(3.60822483003175E-16,1.22464679914745E-16,
1.));
#3034=DIRECTION('ref_axis',(1.,2.63684487627749E-30,-3.60822483003175E-16));
#3035=DIRECTION('center_axis',(3.60822483003175E-16,1.22464679914745E-16,
1.));
#3036=DIRECTION('ref_axis',(1.,2.63684487627749E-30,-3.60822483003175E-16));
#3037=DIRECTION('',(3.60822483003175E-16,1.22464679914745E-16,1.));
#3038=DIRECTION('center_axis',(-1.,-2.63684487627749E-30,3.60822483003175E-16));
#3039=DIRECTION('ref_axis',(2.68103288616452E-30,-1.,1.22464679914745E-16));
#3040=DIRECTION('',(2.68103288616452E-30,-1.,1.22464679914745E-16));
#3041=DIRECTION('',(3.60822483003175E-16,1.22464679914745E-16,1.));
#3042=DIRECTION('center_axis',(3.60822483003175E-16,1.22464679914745E-16,
1.));
#3043=DIRECTION('ref_axis',(-1.,-2.63684487627749E-30,3.60822483003175E-16));
#3044=DIRECTION('center_axis',(3.60822483003175E-16,1.22464679914745E-16,
1.));
#3045=DIRECTION('ref_axis',(-1.,-2.63684487627749E-30,3.60822483003175E-16));
#3046=DIRECTION('center_axis',(1.,2.63684487627749E-30,-3.60822483003175E-16));
#3047=DIRECTION('ref_axis',(-2.68103288616452E-30,1.,-1.22464679914745E-16));
#3048=DIRECTION('',(3.60822483003175E-16,1.22464679914745E-16,1.));
#3049=DIRECTION('',(-2.68103288616452E-30,1.,-1.22464679914745E-16));
#3050=DIRECTION('',(3.60822483003175E-16,1.22464679914745E-16,1.));
#3051=DIRECTION('center_axis',(3.60822483003175E-16,1.22464679914745E-16,
1.));
#3052=DIRECTION('ref_axis',(1.,2.63684487627749E-30,-3.60822483003175E-16));
#3053=DIRECTION('center_axis',(3.60822483003175E-16,1.22464679914745E-16,
1.));
#3054=DIRECTION('ref_axis',(1.,2.63684487627749E-30,-3.60822483003175E-16));
#3055=DIRECTION('',(3.60822483003175E-16,1.22464679914745E-16,1.));
#3056=DIRECTION('center_axis',(-1.,-2.63684487627749E-30,3.60822483003175E-16));
#3057=DIRECTION('ref_axis',(2.68103288616452E-30,-1.,1.22464679914745E-16));
#3058=DIRECTION('',(2.68103288616452E-30,-1.,1.22464679914745E-16));
#3059=DIRECTION('',(3.60822483003175E-16,1.22464679914745E-16,1.));
#3060=DIRECTION('center_axis',(3.60822483003175E-16,1.22464679914745E-16,
1.));
#3061=DIRECTION('ref_axis',(-1.,-2.63684487627749E-30,3.60822483003175E-16));
#3062=DIRECTION('center_axis',(3.60822483003175E-16,1.22464679914745E-16,
1.));
#3063=DIRECTION('ref_axis',(-1.,-2.63684487627749E-30,3.60822483003175E-16));
#3064=DIRECTION('center_axis',(-1.,-2.63684487627749E-30,3.60822483003175E-16));
#3065=DIRECTION('ref_axis',(2.68103288616452E-30,-1.,1.22464679914745E-16));
#3066=DIRECTION('',(3.60822483003175E-16,1.22464679914745E-16,1.));
#3067=DIRECTION('',(2.68103288616452E-30,-1.,1.22464679914745E-16));
#3068=DIRECTION('',(3.60822483003175E-16,1.22464679914745E-16,1.));
#3069=DIRECTION('center_axis',(-2.68103288616452E-30,1.,-1.22464679914745E-16));
#3070=DIRECTION('ref_axis',(-1.,-2.63684487627749E-30,3.60822483003175E-16));
#3071=DIRECTION('',(-1.,-2.63684487627749E-30,3.60822483003175E-16));
#3072=DIRECTION('',(3.60822483003175E-16,1.22464679914745E-16,1.));
#3073=DIRECTION('center_axis',(1.,2.63684487627749E-30,-3.60822483003175E-16));
#3074=DIRECTION('ref_axis',(-2.68103288616452E-30,1.,-1.22464679914745E-16));
#3075=DIRECTION('',(-2.68103288616452E-30,1.,-1.22464679914745E-16));
#3076=DIRECTION('',(3.60822483003175E-16,1.22464679914745E-16,1.));
#3077=DIRECTION('center_axis',(2.68103288616452E-30,-1.,1.22464679914745E-16));
#3078=DIRECTION('ref_axis',(1.,2.63684487627749E-30,-3.60822483003175E-16));
#3079=DIRECTION('',(1.,2.63684487627749E-30,-3.60822483003175E-16));
#3080=DIRECTION('center_axis',(3.60822483003175E-16,1.22464679914745E-16,
1.));
#3081=DIRECTION('ref_axis',(-1.,-2.63684487627749E-30,3.60822483003175E-16));
#3082=DIRECTION('center_axis',(3.60822483003175E-16,1.22464679914745E-16,
1.));
#3083=DIRECTION('ref_axis',(-1.,-2.63684487627749E-30,3.60822483003175E-16));
#3084=DIRECTION('',(3.60822483003175E-16,1.22464679914745E-16,1.));
#3085=DIRECTION('center_axis',(-1.,-2.63684487627749E-30,3.60822483003175E-16));
#3086=DIRECTION('ref_axis',(2.68103288616452E-30,-1.,1.22464679914745E-16));
#3087=DIRECTION('',(3.60822483003175E-16,1.22464679914745E-16,1.));
#3088=DIRECTION('',(2.68103288616452E-30,-1.,1.22464679914745E-16));
#3089=DIRECTION('',(3.60822483003175E-16,1.22464679914745E-16,1.));
#3090=DIRECTION('center_axis',(3.60822483003175E-16,1.22464679914745E-16,
1.));
#3091=DIRECTION('ref_axis',(-1.,-2.63684487627749E-30,3.60822483003175E-16));
#3092=DIRECTION('center_axis',(3.60822483003175E-16,1.22464679914745E-16,
1.));
#3093=DIRECTION('ref_axis',(-1.,-2.63684487627749E-30,3.60822483003175E-16));
#3094=DIRECTION('',(3.60822483003175E-16,1.22464679914745E-16,1.));
#3095=DIRECTION('center_axis',(1.,2.63684487627749E-30,-3.60822483003175E-16));
#3096=DIRECTION('ref_axis',(-2.68103288616452E-30,1.,-1.22464679914745E-16));
#3097=DIRECTION('',(-2.68103288616452E-30,1.,-1.22464679914745E-16));
#3098=DIRECTION('',(3.60822483003175E-16,1.22464679914745E-16,1.));
#3099=DIRECTION('center_axis',(3.60822483003175E-16,1.22464679914745E-16,
1.));
#3100=DIRECTION('ref_axis',(1.,2.63684487627749E-30,-3.60822483003175E-16));
#3101=DIRECTION('center_axis',(3.60822483003175E-16,1.22464679914745E-16,
1.));
#3102=DIRECTION('ref_axis',(1.,2.63684487627749E-30,-3.60822483003175E-16));
#3103=DIRECTION('center_axis',(1.,2.63684487627749E-30,-3.60822483003175E-16));
#3104=DIRECTION('ref_axis',(-2.68103288616452E-30,1.,-1.22464679914745E-16));
#3105=DIRECTION('',(3.60822483003175E-16,1.22464679914745E-16,1.));
#3106=DIRECTION('',(-2.68103288616452E-30,1.,-1.22464679914745E-16));
#3107=DIRECTION('',(3.60822483003175E-16,1.22464679914745E-16,1.));
#3108=DIRECTION('center_axis',(3.60822483003175E-16,1.22464679914745E-16,
1.));
#3109=DIRECTION('ref_axis',(1.,2.63684487627749E-30,-3.60822483003175E-16));
#3110=DIRECTION('center_axis',(3.60822483003175E-16,1.22464679914745E-16,
1.));
#3111=DIRECTION('ref_axis',(1.,2.63684487627749E-30,-3.60822483003175E-16));
#3112=DIRECTION('',(3.60822483003175E-16,1.22464679914745E-16,1.));
#3113=DIRECTION('center_axis',(-1.,-2.63684487627749E-30,3.60822483003175E-16));
#3114=DIRECTION('ref_axis',(2.68103288616452E-30,-1.,1.22464679914745E-16));
#3115=DIRECTION('',(2.68103288616452E-30,-1.,1.22464679914745E-16));
#3116=DIRECTION('',(3.60822483003175E-16,1.22464679914745E-16,1.));
#3117=DIRECTION('center_axis',(3.60822483003175E-16,1.22464679914745E-16,
1.));
#3118=DIRECTION('ref_axis',(-1.,-2.63684487627749E-30,3.60822483003175E-16));
#3119=DIRECTION('center_axis',(3.60822483003175E-16,1.22464679914745E-16,
1.));
#3120=DIRECTION('ref_axis',(-1.,-2.63684487627749E-30,3.60822483003175E-16));
#3121=DIRECTION('center_axis',(1.,2.63684487627749E-30,-3.60822483003175E-16));
#3122=DIRECTION('ref_axis',(-2.68103288616452E-30,1.,-1.22464679914745E-16));
#3123=DIRECTION('',(3.60822483003175E-16,1.22464679914745E-16,1.));
#3124=DIRECTION('',(-2.68103288616452E-30,1.,-1.22464679914745E-16));
#3125=DIRECTION('',(3.60822483003175E-16,1.22464679914745E-16,1.));
#3126=DIRECTION('center_axis',(3.60822483003175E-16,1.22464679914745E-16,
1.));
#3127=DIRECTION('ref_axis',(1.,2.63684487627749E-30,-3.60822483003175E-16));
#3128=DIRECTION('center_axis',(3.60822483003175E-16,1.22464679914745E-16,
1.));
#3129=DIRECTION('ref_axis',(1.,2.63684487627749E-30,-3.60822483003175E-16));
#3130=DIRECTION('',(3.60822483003175E-16,1.22464679914745E-16,1.));
#3131=DIRECTION('center_axis',(-1.,-2.63684487627749E-30,3.60822483003175E-16));
#3132=DIRECTION('ref_axis',(2.68103288616452E-30,-1.,1.22464679914745E-16));
#3133=DIRECTION('',(2.68103288616452E-30,-1.,1.22464679914745E-16));
#3134=DIRECTION('',(3.60822483003175E-16,1.22464679914745E-16,1.));
#3135=DIRECTION('center_axis',(3.60822483003175E-16,1.22464679914745E-16,
1.));
#3136=DIRECTION('ref_axis',(-1.,-2.63684487627749E-30,3.60822483003175E-16));
#3137=DIRECTION('center_axis',(3.60822483003175E-16,1.22464679914745E-16,
1.));
#3138=DIRECTION('ref_axis',(-1.,-2.63684487627749E-30,3.60822483003175E-16));
#3139=DIRECTION('center_axis',(-1.,-2.63684487627749E-30,3.60822483003175E-16));
#3140=DIRECTION('ref_axis',(2.68103288616452E-30,-1.,1.22464679914745E-16));
#3141=DIRECTION('',(3.60822483003175E-16,1.22464679914745E-16,1.));
#3142=DIRECTION('',(2.68103288616452E-30,-1.,1.22464679914745E-16));
#3143=DIRECTION('',(3.60822483003175E-16,1.22464679914745E-16,1.));
#3144=DIRECTION('center_axis',(-2.68103288616452E-30,1.,-1.22464679914745E-16));
#3145=DIRECTION('ref_axis',(-1.,-2.63684487627749E-30,3.60822483003175E-16));
#3146=DIRECTION('',(-1.,-2.63684487627749E-30,3.60822483003175E-16));
#3147=DIRECTION('',(3.60822483003175E-16,1.22464679914745E-16,1.));
#3148=DIRECTION('center_axis',(1.,2.63684487627749E-30,-3.60822483003175E-16));
#3149=DIRECTION('ref_axis',(-2.68103288616452E-30,1.,-1.22464679914745E-16));
#3150=DIRECTION('',(-2.68103288616452E-30,1.,-1.22464679914745E-16));
#3151=DIRECTION('',(3.60822483003175E-16,1.22464679914745E-16,1.));
#3152=DIRECTION('center_axis',(2.68103288616452E-30,-1.,1.22464679914745E-16));
#3153=DIRECTION('ref_axis',(1.,2.63684487627749E-30,-3.60822483003175E-16));
#3154=DIRECTION('',(1.,2.63684487627749E-30,-3.60822483003175E-16));
#3155=DIRECTION('center_axis',(-3.60822483003175E-16,-1.22464679914745E-16,
-1.));
#3156=DIRECTION('ref_axis',(-1.,5.92118946466747E-15,3.60822483003174E-16));
#3157=DIRECTION('',(-3.60822483003175E-16,-1.22464679914745E-16,-1.));
#3158=DIRECTION('center_axis',(-3.60822483003175E-16,-1.22464679914745E-16,
-1.));
#3159=DIRECTION('ref_axis',(-1.,5.92118946466747E-15,3.60822483003174E-16));
#3160=DIRECTION('',(-3.60822483003175E-16,-1.22464679914745E-16,-1.));
#3161=DIRECTION('center_axis',(-1.,-2.63684487627749E-30,3.60822483003175E-16));
#3162=DIRECTION('ref_axis',(-2.68103288616452E-30,1.,-1.22464679914745E-16));
#3163=DIRECTION('',(-2.68103288616452E-30,1.,-1.22464679914745E-16));
#3164=DIRECTION('',(-3.60822483003175E-16,-1.22464679914745E-16,-1.));
#3165=DIRECTION('center_axis',(2.68103288616452E-30,-1.,1.22464679914745E-16));
#3166=DIRECTION('ref_axis',(-1.,-2.63684487627749E-30,3.60822483003175E-16));
#3167=DIRECTION('',(-1.,-2.63684487627749E-30,3.60822483003175E-16));
#3168=DIRECTION('',(-3.60822483003175E-16,-1.22464679914745E-16,-1.));
#3169=DIRECTION('center_axis',(1.,2.63684487627749E-30,-3.60822483003175E-16));
#3170=DIRECTION('ref_axis',(2.68103288616452E-30,-1.,1.22464679914745E-16));
#3171=DIRECTION('',(2.68103288616452E-30,-1.,1.22464679914745E-16));
#3172=DIRECTION('',(-3.60822483003175E-16,-1.22464679914745E-16,-1.));
#3173=DIRECTION('center_axis',(-3.60822483003175E-16,-1.22464679914745E-16,
-1.));
#3174=DIRECTION('ref_axis',(1.18423789293348E-14,1.,-1.22464679914749E-16));
#3175=DIRECTION('center_axis',(-3.60822483003175E-16,-1.22464679914745E-16,
-1.));
#3176=DIRECTION('ref_axis',(1.18423789293348E-14,1.,-1.22464679914749E-16));
#3177=DIRECTION('',(-3.60822483003175E-16,-1.22464679914745E-16,-1.));
#3178=DIRECTION('center_axis',(-2.68103288616452E-30,1.,-1.22464679914745E-16));
#3179=DIRECTION('ref_axis',(1.,2.63684487627749E-30,-3.60822483003175E-16));
#3180=DIRECTION('',(1.,2.63684487627749E-30,-3.60822483003175E-16));
#3181=DIRECTION('center_axis',(-3.60822483003175E-16,-1.22464679914745E-16,
-1.));
#3182=DIRECTION('ref_axis',(-1.,-2.63684487627749E-30,3.60822483003175E-16));
#3183=DIRECTION('center_axis',(1.,0.,0.));
#3184=DIRECTION('ref_axis',(0.,1.,0.));
#3185=DIRECTION('center_axis',(1.,0.,0.));
#3186=DIRECTION('ref_axis',(0.,1.,0.));
#3187=DIRECTION('center_axis',(0.,1.,0.));
#3188=DIRECTION('ref_axis',(0.,0.,-1.));
#3189=DIRECTION('center_axis',(-1.,0.,0.));
#3190=DIRECTION('ref_axis',(0.,1.,0.));
#3191=DIRECTION('center_axis',(1.,0.,0.));
#3192=DIRECTION('ref_axis',(0.,1.,0.));
#3193=DIRECTION('',(0.970295726275997,-0.241921895599668,-2.96268875089793E-17));
#3194=DIRECTION('center_axis',(-1.,0.,0.));
#3195=DIRECTION('ref_axis',(0.,1.,0.));
#3196=DIRECTION('center_axis',(1.,0.,0.));
#3197=DIRECTION('ref_axis',(0.,1.,0.));
#3198=DIRECTION('center_axis',(1.,0.,0.));
#3199=DIRECTION('ref_axis',(0.,0.181354964470622,0.983417702129598));
#3200=DIRECTION('center_axis',(-1.,0.,0.));
#3201=DIRECTION('ref_axis',(0.,-1.,0.));
#3202=DIRECTION('',(-1.,0.,0.));
#3203=DIRECTION('center_axis',(1.,0.,0.));
#3204=DIRECTION('ref_axis',(0.,-1.,0.));
#3205=DIRECTION('',(-1.,0.,0.));
#3206=DIRECTION('center_axis',(0.,-0.934220753723719,0.356695364858989));
#3207=DIRECTION('ref_axis',(0.,0.356695364858989,0.934220753723719));
#3208=DIRECTION('',(0.,0.356695364858989,0.934220753723719));
#3209=DIRECTION('',(1.,0.,0.));
#3210=DIRECTION('',(0.,0.356695364858989,0.934220753723719));
#3211=DIRECTION('center_axis',(-1.,0.,0.));
#3212=DIRECTION('ref_axis',(0.,-1.,0.));
#3213=DIRECTION('',(0.,-1.,0.));
#3214=DIRECTION('',(0.,0.,-1.));
#3215=DIRECTION('center_axis',(1.,0.,0.));
#3216=DIRECTION('ref_axis',(0.,1.,0.));
#3217=DIRECTION('center_axis',(0.,-1.,0.));
#3218=DIRECTION('ref_axis',(0.,0.,-1.));
#3219=DIRECTION('center_axis',(-1.,0.,0.));
#3220=DIRECTION('ref_axis',(0.,1.,0.));
#3221=DIRECTION('center_axis',(1.,0.,0.));
#3222=DIRECTION('ref_axis',(0.,1.,0.));
#3223=DIRECTION('center_axis',(-1.,0.,0.));
#3224=DIRECTION('ref_axis',(0.,1.,0.));
#3225=DIRECTION('',(-0.970295726275997,-0.241921895599668,-2.96268875089793E-17));
#3226=DIRECTION('center_axis',(-1.,0.,0.));
#3227=DIRECTION('ref_axis',(0.,1.,0.));
#3228=DIRECTION('center_axis',(1.,0.,0.));
#3229=DIRECTION('ref_axis',(0.,1.,0.));
#3230=DIRECTION('center_axis',(1.,0.,0.));
#3231=DIRECTION('ref_axis',(0.,0.181354964470622,0.983417702129598));
#3232=DIRECTION('center_axis',(-1.,0.,0.));
#3233=DIRECTION('ref_axis',(0.,-1.,0.));
#3234=DIRECTION('',(1.,0.,0.));
#3235=DIRECTION('center_axis',(1.,0.,0.));
#3236=DIRECTION('ref_axis',(0.,-1.,0.));
#3237=DIRECTION('',(1.,0.,0.));
#3238=DIRECTION('center_axis',(0.,0.934220753723719,-0.356695364858989));
#3239=DIRECTION('ref_axis',(0.,0.356695364858989,0.934220753723719));
#3240=DIRECTION('',(0.,0.356695364858989,0.934220753723719));
#3241=DIRECTION('',(0.,0.356695364858989,0.934220753723719));
#3242=DIRECTION('',(1.,0.,0.));
#3243=DIRECTION('center_axis',(-1.,0.,0.));
#3244=DIRECTION('ref_axis',(0.,-1.,0.));
#3245=DIRECTION('',(0.,-1.,0.));
#3246=DIRECTION('',(0.,0.,1.));
#3247=DIRECTION('center_axis',(-0.707106781186551,0.,0.707106781186544));
#3248=DIRECTION('ref_axis',(0.707106781186544,0.,0.707106781186551));
#3249=DIRECTION('',(-0.707106781186544,0.,-0.707106781186551));
#3250=DIRECTION('',(0.,-1.,0.));
#3251=DIRECTION('',(0.707106781186544,0.,0.707106781186551));
#3252=DIRECTION('',(0.,1.,0.));
#3253=DIRECTION('center_axis',(-1.,0.,0.));
#3254=DIRECTION('ref_axis',(0.,1.,0.));
#3255=DIRECTION('',(-0.70710678118655,0.707106781186545,0.));
#3256=DIRECTION('center_axis',(-1.,0.,0.));
#3257=DIRECTION('ref_axis',(0.,1.,0.));
#3258=DIRECTION('center_axis',(1.,0.,0.));
#3259=DIRECTION('ref_axis',(0.,1.,0.));
#3260=DIRECTION('center_axis',(-0.70710678118655,-0.707106781186545,0.));
#3261=DIRECTION('ref_axis',(0.,0.,1.));
#3262=DIRECTION('',(-0.707106781186545,0.70710678118655,0.));
#3263=DIRECTION('',(0.,0.,-1.));
#3264=DIRECTION('',(0.,0.,1.));
#3265=DIRECTION('center_axis',(-1.,0.,0.));
#3266=DIRECTION('ref_axis',(0.,-5.9211894646675E-15,1.));
#3267=DIRECTION('',(-0.707106781186549,-4.18691322315673E-15,0.707106781186546));
#3268=DIRECTION('center_axis',(-1.,0.,0.));
#3269=DIRECTION('ref_axis',(0.,-5.92118946466751E-15,1.));
#3270=DIRECTION('center_axis',(1.,0.,0.));
#3271=DIRECTION('ref_axis',(0.,-5.92118946466751E-15,1.));
#3272=DIRECTION('center_axis',(-0.707106781186551,0.,-0.707106781186544));
#3273=DIRECTION('ref_axis',(-0.707106781186544,0.,0.707106781186551));
#3274=DIRECTION('',(-0.707106781186544,0.,0.707106781186551));
#3275=DIRECTION('',(0.,1.,0.));
#3276=DIRECTION('',(0.,-1.,0.));
#3277=DIRECTION('center_axis',(-1.,0.,0.));
#3278=DIRECTION('ref_axis',(0.,-1.,0.));
#3279=DIRECTION('',(-0.707106781186548,-0.707106781186548,0.));
#3280=DIRECTION('center_axis',(-1.,0.,0.));
#3281=DIRECTION('ref_axis',(0.,-1.,0.));
#3282=DIRECTION('center_axis',(1.,0.,0.));
#3283=DIRECTION('ref_axis',(0.,-1.,0.));
#3284=DIRECTION('center_axis',(-0.707106781186556,0.707106781186539,-6.28036983473502E-14));
#3285=DIRECTION('ref_axis',(-8.88178419700104E-14,0.,1.));
#3286=DIRECTION('',(-0.707106781186539,-0.707106781186556,6.28036983473509E-14));
#3287=DIRECTION('',(0.,8.88178419700124E-14,1.));
#3288=DIRECTION('',(0.,-8.88178419700124E-14,-1.));
#3289=DIRECTION('center_axis',(-1.,0.,0.));
#3290=DIRECTION('ref_axis',(0.,0.,-1.));
#3291=DIRECTION('center_axis',(-1.,0.,0.));
#3292=DIRECTION('ref_axis',(0.,0.,-1.));
#3293=DIRECTION('center_axis',(1.,0.,0.));
#3294=DIRECTION('ref_axis',(0.,0.,-1.));
#3295=DIRECTION('center_axis',(1.,0.,0.));
#3296=DIRECTION('ref_axis',(0.,-5.9211894646675E-15,1.));
#3297=DIRECTION('',(1.,0.,0.));
#3298=DIRECTION('center_axis',(-1.,0.,0.));
#3299=DIRECTION('ref_axis',(0.,-5.92118946466751E-15,1.));
#3300=DIRECTION('',(1.,0.,0.));
#3301=DIRECTION('center_axis',(0.,1.,0.));
#3302=DIRECTION('ref_axis',(0.,0.,1.));
#3303=DIRECTION('',(1.,0.,0.));
#3304=DIRECTION('',(0.,0.,-1.));
#3305=DIRECTION('center_axis',(1.,0.,0.));
#3306=DIRECTION('ref_axis',(0.,1.,0.));
#3307=DIRECTION('',(1.,0.,0.));
#3308=DIRECTION('center_axis',(-1.,0.,0.));
#3309=DIRECTION('ref_axis',(0.,1.,0.));
#3310=DIRECTION('center_axis',(0.,0.,-1.));
#3311=DIRECTION('ref_axis',(0.,1.,0.));
#3312=DIRECTION('',(1.,0.,0.));
#3313=DIRECTION('',(0.,-1.,0.));
#3314=DIRECTION('center_axis',(-1.,0.,0.));
#3315=DIRECTION('ref_axis',(0.,1.,0.));
#3316=DIRECTION('',(0.,0.,-1.));
#3317=DIRECTION('',(0.,1.,0.));
#3318=DIRECTION('',(0.,1.,0.));
#3319=DIRECTION('',(0.,-1.,0.));
#3320=DIRECTION('center_axis',(-1.,0.,0.));
#3321=DIRECTION('ref_axis',(0.,1.,0.));
#3322=DIRECTION('',(0.,0.,-1.));
#3323=DIRECTION('center_axis',(-1.,0.,0.));
#3324=DIRECTION('ref_axis',(0.,0.,1.));
#3325=DIRECTION('',(0.,1.,0.));
#3326=DIRECTION('center_axis',(-1.,0.,0.));
#3327=DIRECTION('ref_axis',(0.,-1.,0.));
#3328=DIRECTION('',(0.,4.44089209850062E-14,1.));
#3329=DIRECTION('center_axis',(-1.,0.,0.));
#3330=DIRECTION('ref_axis',(0.,0.,-1.));
#3331=DIRECTION('center_axis',(-0.707106781186551,0.,0.707106781186544));
#3332=DIRECTION('ref_axis',(0.707106781186544,0.,0.707106781186551));
#3333=DIRECTION('',(-0.707106781186544,0.,-0.707106781186551));
#3334=DIRECTION('',(0.707106781186544,0.,0.707106781186551));
#3335=DIRECTION('',(0.,1.,0.));
#3336=DIRECTION('center_axis',(-1.,0.,0.));
#3337=DIRECTION('ref_axis',(0.,1.,0.));
#3338=DIRECTION('',(-0.70710678118655,0.707106781186545,0.));
#3339=DIRECTION('center_axis',(1.,0.,0.));
#3340=DIRECTION('ref_axis',(0.,1.,0.));
#3341=DIRECTION('center_axis',(-0.70710678118655,-0.707106781186545,0.));
#3342=DIRECTION('ref_axis',(0.,0.,1.));
#3343=DIRECTION('',(-0.707106781186543,0.707106781186552,0.));
#3344=DIRECTION('',(0.,0.,1.));
#3345=DIRECTION('center_axis',(-1.,0.,0.));
#3346=DIRECTION('ref_axis',(0.,0.,1.));
#3347=DIRECTION('',(-0.707106781186549,0.,0.707106781186546));
#3348=DIRECTION('center_axis',(1.,0.,0.));
#3349=DIRECTION('ref_axis',(0.,0.,1.));
#3350=DIRECTION('center_axis',(-0.707106781186551,0.,-0.707106781186544));
#3351=DIRECTION('ref_axis',(-0.707106781186544,0.,0.707106781186551));
#3352=DIRECTION('',(-0.707106781186544,0.,0.707106781186551));
#3353=DIRECTION('',(0.,-1.,0.));
#3354=DIRECTION('center_axis',(-1.,0.,0.));
#3355=DIRECTION('ref_axis',(0.,-1.,0.));
#3356=DIRECTION('',(-0.70710678118655,-0.707106781186545,0.));
#3357=DIRECTION('center_axis',(1.,0.,0.));
#3358=DIRECTION('ref_axis',(0.,-1.,0.));
#3359=DIRECTION('center_axis',(-0.707106781186552,0.707106781186543,-3.14018491736753E-14));
#3360=DIRECTION('ref_axis',(-4.44089209850057E-14,0.,1.));
#3361=DIRECTION('',(-0.707106781186543,-0.707106781186552,3.14018491736756E-14));
#3362=DIRECTION('',(0.,-4.44089209850062E-14,-1.));
#3363=DIRECTION('center_axis',(-1.,0.,0.));
#3364=DIRECTION('ref_axis',(0.,0.,-1.));
#3365=DIRECTION('center_axis',(1.,0.,0.));
#3366=DIRECTION('ref_axis',(0.,0.,-1.));
#3367=DIRECTION('center_axis',(1.,0.,0.));
#3368=DIRECTION('ref_axis',(0.,0.,1.));
#3369=DIRECTION('',(1.,0.,0.));
#3370=DIRECTION('center_axis',(-1.,0.,0.));
#3371=DIRECTION('ref_axis',(0.,0.,1.));
#3372=DIRECTION('',(1.,0.,0.));
#3373=DIRECTION('center_axis',(0.,1.,0.));
#3374=DIRECTION('ref_axis',(0.,0.,1.));
#3375=DIRECTION('',(1.,0.,0.));
#3376=DIRECTION('',(0.,0.,-1.));
#3377=DIRECTION('center_axis',(1.,0.,0.));
#3378=DIRECTION('ref_axis',(0.,1.,0.));
#3379=DIRECTION('',(1.,0.,0.));
#3380=DIRECTION('center_axis',(-1.,0.,0.));
#3381=DIRECTION('ref_axis',(0.,1.,0.));
#3382=DIRECTION('center_axis',(0.,0.,-1.));
#3383=DIRECTION('ref_axis',(0.,1.,0.));
#3384=DIRECTION('',(1.,0.,0.));
#3385=DIRECTION('',(0.,-1.,0.));
#3386=DIRECTION('center_axis',(1.,0.,0.));
#3387=DIRECTION('ref_axis',(0.,1.,0.));
#3388=DIRECTION('',(0.70710678118655,0.,-0.707106781186545));
#3389=DIRECTION('center_axis',(1.,0.,0.));
#3390=DIRECTION('ref_axis',(0.,1.,0.));
#3391=DIRECTION('',(-0.70710678118655,-0.707106781186545,0.));
#3392=DIRECTION('center_axis',(0.707106781186551,0.,0.707106781186544));
#3393=DIRECTION('ref_axis',(0.707106781186544,0.,-0.707106781186551));
#3394=DIRECTION('',(0.707106781186544,0.,-0.707106781186551));
#3395=DIRECTION('',(0.,1.,0.));
#3396=DIRECTION('center_axis',(1.,0.,0.));
#3397=DIRECTION('ref_axis',(0.,0.,-1.));
#3398=DIRECTION('',(0.707106781186552,-0.707106781186543,0.));
#3399=DIRECTION('center_axis',(1.,0.,0.));
#3400=DIRECTION('ref_axis',(0.,0.,-1.));
#3401=DIRECTION('center_axis',(-1.,0.,0.));
#3402=DIRECTION('ref_axis',(0.,0.,-1.));
#3403=DIRECTION('center_axis',(0.707106781186556,0.707106781186539,-6.28036983473502E-14));
#3404=DIRECTION('ref_axis',(-8.88178419700104E-14,0.,-1.));
#3405=DIRECTION('',(0.707106781186539,-0.707106781186556,6.28036983473509E-14));
#3406=DIRECTION('',(0.,-8.88178419700124E-14,-1.));
#3407=DIRECTION('',(0.,8.88178419700124E-14,1.));
#3408=DIRECTION('center_axis',(1.,0.,0.));
#3409=DIRECTION('ref_axis',(0.,-1.,0.));
#3410=DIRECTION('',(0.707106781186552,0.,0.707106781186543));
#3411=DIRECTION('center_axis',(1.,0.,0.));
#3412=DIRECTION('ref_axis',(0.,-1.,0.));
#3413=DIRECTION('center_axis',(-1.,0.,0.));
#3414=DIRECTION('ref_axis',(0.,-1.,0.));
#3415=DIRECTION('center_axis',(0.707106781186551,0.,-0.707106781186544));
#3416=DIRECTION('ref_axis',(-0.707106781186544,0.,-0.707106781186551));
#3417=DIRECTION('',(0.707106781186544,0.,0.707106781186551));
#3418=DIRECTION('',(0.,-1.,0.));
#3419=DIRECTION('',(0.,1.,0.));
#3420=DIRECTION('center_axis',(1.,0.,0.));
#3421=DIRECTION('ref_axis',(0.,-5.9211894646675E-15,1.));
#3422=DIRECTION('',(0.707106781186548,0.707106781186548,0.));
#3423=DIRECTION('center_axis',(1.,0.,0.));
#3424=DIRECTION('ref_axis',(0.,-5.92118946466751E-15,1.));
#3425=DIRECTION('center_axis',(0.707106781186552,-0.707106781186543,0.));
#3426=DIRECTION('ref_axis',(0.,0.,-1.));
#3427=DIRECTION('',(0.,0.,1.));
#3428=DIRECTION('center_axis',(0.,-1.,8.88178419700124E-14));
#3429=DIRECTION('ref_axis',(0.,-8.88178419700124E-14,-1.));
#3430=DIRECTION('',(1.,0.,0.));
#3431=DIRECTION('',(1.,0.,0.));
#3432=DIRECTION('center_axis',(1.,0.,0.));
#3433=DIRECTION('ref_axis',(0.,0.,-1.));
#3434=DIRECTION('center_axis',(1.,0.,0.));
#3435=DIRECTION('ref_axis',(0.,-1.,0.));
#3436=DIRECTION('',(0.,0.,-1.));
#3437=DIRECTION('',(0.,-1.,0.));
#3438=DIRECTION('',(0.,0.,1.));
#3439=DIRECTION('',(0.,1.,0.));
#3440=DIRECTION('',(0.,1.,0.));
#3441=DIRECTION('center_axis',(1.,0.,0.));
#3442=DIRECTION('ref_axis',(0.,0.,-1.));
#3443=DIRECTION('',(0.,-4.44089209850062E-14,-1.));
#3444=DIRECTION('center_axis',(1.,0.,0.));
#3445=DIRECTION('ref_axis',(0.,-1.,0.));
#3446=DIRECTION('',(0.,-1.,0.));
#3447=DIRECTION('center_axis',(1.,0.,0.));
#3448=DIRECTION('ref_axis',(0.,0.,1.));
#3449=DIRECTION('',(0.,0.,1.));
#3450=DIRECTION('center_axis',(1.,0.,0.));
#3451=DIRECTION('ref_axis',(0.,1.,0.));
#3452=DIRECTION('',(0.,0.,1.));
#3453=DIRECTION('',(0.,1.,0.));
#3454=DIRECTION('',(0.,0.,-1.));
#3455=DIRECTION('',(0.,-1.,0.));
#3456=DIRECTION('center_axis',(0.707106781186551,0.,0.707106781186544));
#3457=DIRECTION('ref_axis',(0.707106781186544,0.,-0.707106781186551));
#3458=DIRECTION('',(0.707106781186544,0.,-0.707106781186551));
#3459=DIRECTION('',(-0.707106781186544,0.,0.707106781186551));
#3460=DIRECTION('center_axis',(1.,0.,0.));
#3461=DIRECTION('ref_axis',(0.,0.,-1.));
#3462=DIRECTION('',(0.70710678118655,-0.707106781186545,0.));
#3463=DIRECTION('center_axis',(-1.,0.,0.));
#3464=DIRECTION('ref_axis',(0.,0.,-1.));
#3465=DIRECTION('center_axis',(0.707106781186554,0.707106781186541,-3.14018491736752E-14));
#3466=DIRECTION('ref_axis',(-4.44089209850054E-14,0.,-1.));
#3467=DIRECTION('',(0.707106781186541,-0.707106781186554,3.14018491736755E-14));
#3468=DIRECTION('',(0.,4.44089209850062E-14,1.));
#3469=DIRECTION('center_axis',(1.,0.,0.));
#3470=DIRECTION('ref_axis',(0.,-1.,0.));
#3471=DIRECTION('',(0.70710678118655,0.,0.707106781186545));
#3472=DIRECTION('center_axis',(-1.,0.,0.));
#3473=DIRECTION('ref_axis',(0.,-1.,0.));
#3474=DIRECTION('center_axis',(0.707106781186551,0.,-0.707106781186544));
#3475=DIRECTION('ref_axis',(-0.707106781186544,0.,-0.707106781186551));
#3476=DIRECTION('',(0.707106781186544,0.,0.707106781186551));
#3477=DIRECTION('',(0.,1.,0.));
#3478=DIRECTION('center_axis',(1.,0.,0.));
#3479=DIRECTION('ref_axis',(0.,0.,1.));
#3480=DIRECTION('',(0.707106781186548,0.707106781186548,0.));
#3481=DIRECTION('center_axis',(0.70710678118655,-0.707106781186545,0.));
#3482=DIRECTION('ref_axis',(0.,0.,-1.));
#3483=DIRECTION('',(0.707106781186545,0.70710678118655,0.));
#3484=DIRECTION('center_axis',(1.,0.,0.));
#3485=DIRECTION('ref_axis',(0.,1.,0.));
#3486=DIRECTION('center_axis',(1.,0.,0.));
#3487=DIRECTION('ref_axis',(0.,-1.,0.));
#3488=DIRECTION('',(1.,0.,0.));
#3489=DIRECTION('',(1.,0.,0.));
#3490=DIRECTION('center_axis',(0.,-1.,4.44089209850062E-14));
#3491=DIRECTION('ref_axis',(0.,-4.44089209850062E-14,-1.));
#3492=DIRECTION('',(1.,0.,0.));
#3493=DIRECTION('center_axis',(1.,0.,0.));
#3494=DIRECTION('ref_axis',(0.,0.,-1.));
#3495=DIRECTION('center_axis',(0.,0.,1.));
#3496=DIRECTION('ref_axis',(0.,-1.,0.));
#3497=DIRECTION('center_axis',(1.,0.,0.));
#3498=DIRECTION('ref_axis',(0.,-1.,0.));
#3499=DIRECTION('',(1.,0.,0.));
#3500=DIRECTION('center_axis',(0.,0.,1.));
#3501=DIRECTION('ref_axis',(0.,-1.,0.));
#3502=DIRECTION('center_axis',(0.,0.,-1.));
#3503=DIRECTION('ref_axis',(0.,1.,0.));
#3504=DIRECTION('',(0.,1.,0.));
#3505=DIRECTION('',(1.,0.,0.));
#3506=DIRECTION('',(1.,0.,0.));
#3507=DIRECTION('center_axis',(0.,-1.,0.));
#3508=DIRECTION('ref_axis',(0.,0.,-1.));
#3509=DIRECTION('',(0.,0.,-1.));
#3510=DIRECTION('',(1.,0.,0.));
#3511=DIRECTION('center_axis',(0.,0.,1.));
#3512=DIRECTION('ref_axis',(0.,-1.,0.));
#3513=DIRECTION('',(0.,-1.,0.));
#3514=DIRECTION('',(1.,0.,0.));
#3515=DIRECTION('center_axis',(0.,1.,0.));
#3516=DIRECTION('ref_axis',(0.,0.,1.));
#3517=DIRECTION('',(0.,0.,1.));
#3518=DIRECTION('center_axis',(0.,0.,1.));
#3519=DIRECTION('ref_axis',(0.707106781186548,-0.707106781186548,0.));
#3520=DIRECTION('center_axis',(0.,0.,-1.));
#3521=DIRECTION('ref_axis',(0.707106781186548,-0.707106781186548,0.));
#3522=DIRECTION('',(0.,0.,-1.));
#3523=DIRECTION('center_axis',(0.,0.,1.));
#3524=DIRECTION('ref_axis',(0.707106781186548,-0.707106781186548,0.));
#3525=DIRECTION('',(0.,0.,1.));
#3526=DIRECTION('center_axis',(0.,-1.,0.));
#3527=DIRECTION('ref_axis',(-1.,0.,0.));
#3528=DIRECTION('',(1.,0.,0.));
#3529=DIRECTION('',(0.,0.,1.));
#3530=DIRECTION('',(-1.,0.,0.));
#3531=DIRECTION('center_axis',(0.,0.,1.));
#3532=DIRECTION('ref_axis',(1.,0.,0.));
#3533=DIRECTION('',(0.,1.,0.));
#3534=DIRECTION('',(-1.,0.,0.));
#3535=DIRECTION('center_axis',(0.,0.,-1.));
#3536=DIRECTION('ref_axis',(-0.707106781186545,-0.70710678118655,0.));
#3537=DIRECTION('',(1.,0.,0.));
#3538=DIRECTION('',(0.,-1.,0.));
#3539=DIRECTION('',(-1.,0.,0.));
#3540=DIRECTION('center_axis',(0.,0.,-1.));
#3541=DIRECTION('ref_axis',(-0.707106781186545,-0.70710678118655,0.));
#3542=DIRECTION('center_axis',(0.,0.,1.));
#3543=DIRECTION('ref_axis',(-0.707106781186545,-0.70710678118655,0.));
#3544=DIRECTION('center_axis',(0.,-1.,0.));
#3545=DIRECTION('ref_axis',(-1.,0.,0.));
#3546=DIRECTION('',(-1.,0.,0.));
#3547=DIRECTION('',(0.,0.,1.));
#3548=DIRECTION('center_axis',(-1.,0.,0.));
#3549=DIRECTION('ref_axis',(0.,1.,0.));
#3550=DIRECTION('',(0.,1.,0.));
#3551=DIRECTION('',(0.,0.,1.));
#3552=DIRECTION('center_axis',(0.,1.,0.));
#3553=DIRECTION('ref_axis',(1.,0.,0.));
#3554=DIRECTION('',(1.,0.,0.));
#3555=DIRECTION('center_axis',(1.,0.,0.));
#3556=DIRECTION('ref_axis',(0.,-1.,0.));
#3557=DIRECTION('',(0.,-1.,0.));
#3558=DIRECTION('center_axis',(0.,1.,0.));
#3559=DIRECTION('ref_axis',(1.,0.,0.));
#3560=DIRECTION('',(1.,0.,0.));
#3561=DIRECTION('center_axis',(0.,0.,-1.));
#3562=DIRECTION('ref_axis',(-1.,0.,0.));
#3563=DIRECTION('center_axis',(0.,0.,-1.));
#3564=DIRECTION('ref_axis',(1.,0.,0.));
#3565=DIRECTION('center_axis',(0.,0.,-1.));
#3566=DIRECTION('ref_axis',(-0.707106781186552,-0.707106781186543,0.));
#3567=DIRECTION('',(1.,0.,0.));
#3568=DIRECTION('',(0.,-1.,0.));
#3569=DIRECTION('center_axis',(0.,0.,-1.));
#3570=DIRECTION('ref_axis',(1.,0.,0.));
#3571=DIRECTION('center_axis',(0.,0.,-1.));
#3572=DIRECTION('ref_axis',(0.707106781186539,-0.707106781186556,0.));
#3573=DIRECTION('',(0.,1.,0.));
#3574=DIRECTION('',(1.,0.,0.));
#3575=DIRECTION('center_axis',(0.,0.,-1.));
#3576=DIRECTION('ref_axis',(1.,0.,0.));
#3577=DIRECTION('center_axis',(0.,0.,-1.));
#3578=DIRECTION('ref_axis',(-0.70710678118655,0.707106781186545,0.));
#3579=DIRECTION('',(0.,-1.,0.));
#3580=DIRECTION('',(-1.,0.,0.));
#3581=DIRECTION('center_axis',(-1.,0.,0.));
#3582=DIRECTION('ref_axis',(0.,-1.,0.));
#3583=DIRECTION('',(0.,-1.,0.));
#3584=DIRECTION('',(0.,0.,1.));
#3585=DIRECTION('',(0.,-1.,0.));
#3586=DIRECTION('',(0.,0.,1.));
#3587=DIRECTION('center_axis',(0.,1.,0.));
#3588=DIRECTION('ref_axis',(-1.,0.,0.));
#3589=DIRECTION('',(-1.,0.,0.));
#3590=DIRECTION('',(-1.,0.,0.));
#3591=DIRECTION('',(0.,0.,1.));
#3592=DIRECTION('center_axis',(1.,0.,0.));
#3593=DIRECTION('ref_axis',(0.,1.,0.));
#3594=DIRECTION('',(0.,1.,0.));
#3595=DIRECTION('',(0.,1.,0.));
#3596=DIRECTION('',(0.,0.,1.));
#3597=DIRECTION('center_axis',(0.,-1.,0.));
#3598=DIRECTION('ref_axis',(1.,0.,0.));
#3599=DIRECTION('',(1.,0.,0.));
#3600=DIRECTION('',(1.,0.,0.));
#3601=DIRECTION('center_axis',(0.,0.,1.));
#3602=DIRECTION('ref_axis',(1.,0.,0.));
#3603=DIRECTION('center_axis',(1.,0.,0.));
#3604=DIRECTION('ref_axis',(0.,0.707106781186546,-0.707106781186549));
#3605=DIRECTION('center_axis',(-0.707106781186546,0.707106781186549,0.));
#3606=DIRECTION('ref_axis',(0.707106781186549,0.707106781186546,0.));
#3607=DIRECTION('',(-1.,0.,0.));
#3608=DIRECTION('center_axis',(1.,0.,0.));
#3609=DIRECTION('ref_axis',(0.,0.,-1.));
#3610=DIRECTION('center_axis',(0.,1.,0.));
#3611=DIRECTION('ref_axis',(-0.707106781186548,0.,-0.707106781186547));
#3612=DIRECTION('center_axis',(0.,1.,0.));
#3613=DIRECTION('ref_axis',(0.,0.,-1.));
#3614=DIRECTION('center_axis',(-2.96059473233374E-15,-1.,0.));
#3615=DIRECTION('ref_axis',(-1.,2.96059473233374E-15,0.));
#3616=DIRECTION('',(0.,-1.,0.));
#3617=DIRECTION('center_axis',(-1.,0.,0.));
#3618=DIRECTION('ref_axis',(0.,-0.707106781186553,-0.707106781186543));
#3619=DIRECTION('center_axis',(-0.707106781186547,0.,-0.707106781186548));
#3620=DIRECTION('ref_axis',(0.707106781186548,0.,-0.707106781186547));
#3621=DIRECTION('center_axis',(1.,0.,0.));
#3622=DIRECTION('ref_axis',(0.,-1.,0.));
#3623=DIRECTION('',(1.,0.,0.));
#3624=DIRECTION('center_axis',(-0.707106781186548,-0.707106781186548,0.));
#3625=DIRECTION('ref_axis',(0.707106781186548,-0.707106781186548,1.30841038223648E-16));
#3626=DIRECTION('center_axis',(0.408248290463865,0.40824829046386,-0.816496580927726));
#3627=DIRECTION('ref_axis',(-0.577350269189627,-0.577350269189623,-0.577350269189627));
#3628=DIRECTION('center_axis',(0.408248290463864,-0.408248290463862,-0.816496580927726));
#3629=DIRECTION('ref_axis',(-0.577350269189627,0.577350269189625,-0.577350269189626));
#3630=DIRECTION('center_axis',(0.,0.,-1.));
#3631=DIRECTION('ref_axis',(0.707106781186539,-0.707106781186556,0.));
#3632=DIRECTION('center_axis',(0.,0.707106781186547,-0.707106781186548));
#3633=DIRECTION('ref_axis',(0.,-0.707106781186548,-0.707106781186547));
#3634=DIRECTION('center_axis',(0.,-1.,0.));
#3635=DIRECTION('ref_axis',(0.707106781186553,0.,-0.707106781186543));
#3636=DIRECTION('',(0.,1.,0.));
#3637=DIRECTION('center_axis',(0.,0.,-1.));
#3638=DIRECTION('ref_axis',(-1.,0.,0.));
#3639=DIRECTION('',(-1.80411241501587E-16,5.34294830600857E-14,1.));
#3640=DIRECTION('',(0.999999999999999,7.95948327416356E-30,1.80411241501587E-16));
#3641=CARTESIAN_POINT('',(0.,0.,0.));
#3642=CARTESIAN_POINT('',(0.,0.,0.));
#3643=CARTESIAN_POINT('Origin',(283.24,-48.5727168952165,22.510000000001));
#3644=CARTESIAN_POINT('',(283.24,-45.1179577079252,22.310000000002));
#3645=CARTESIAN_POINT('',(283.24,-44.5844540015721,22.310000000002));
#3646=CARTESIAN_POINT('',(283.24,-15.0453373015708,22.310000000002));
#3647=CARTESIAN_POINT('',(283.24,-45.1179577079252,19.3757207192986));
#3648=CARTESIAN_POINT('',(283.24,-45.1179577079252,22.4100000000015));
#3649=CARTESIAN_POINT('',(283.24,-46.8983991075809,19.2100334531632));
#3650=CARTESIAN_POINT('',(283.24,-43.9864549364704,19.4810179792159));
#3651=CARTESIAN_POINT('',(283.24,-45.5829883651845,24.3022868141488));
#3652=CARTESIAN_POINT('Origin',(283.24,-49.1589788539626,22.510000000001));
#3653=CARTESIAN_POINT('',(283.24,-43.9864549364704,21.1168656466039));
#3654=CARTESIAN_POINT('Origin',(288.24,-46.8983991075809,19.2100334531632));
#3655=CARTESIAN_POINT('',(288.24,-45.1179577079252,19.3757207192986));
#3656=CARTESIAN_POINT('',(290.79,-45.1179577079252,19.3757207192986));
#3657=CARTESIAN_POINT('',(288.24,-46.8983991075809,19.2100334531632));
#3658=CARTESIAN_POINT('',(288.24,-43.9864549364704,19.4810179792159));
#3659=CARTESIAN_POINT('',(288.24,-46.8983991075809,19.2100334531632));
#3660=CARTESIAN_POINT('Ctrl Pts',(284.64,-49.1589788539626,22.2387320373118));
#3661=CARTESIAN_POINT('Ctrl Pts',(284.64,-49.4302468166518,22.2387320373118));
#3662=CARTESIAN_POINT('Ctrl Pts',(284.64,-49.4302468166518,22.510000000001));
#3663=CARTESIAN_POINT('Ctrl Pts',(284.64,-49.4302468166518,22.7812679626902));
#3664=CARTESIAN_POINT('Ctrl Pts',(284.64,-49.1589788539626,22.7812679626902));
#3665=CARTESIAN_POINT('Ctrl Pts',(284.64,-48.8877108912734,22.7812679626902));
#3666=CARTESIAN_POINT('Ctrl Pts',(284.64,-48.8877108912734,22.510000000001));
#3667=CARTESIAN_POINT('Ctrl Pts',(284.64,-48.8877108912734,22.2387320373118));
#3668=CARTESIAN_POINT('Ctrl Pts',(284.64,-49.1589788539626,22.2387320373118));
#3669=CARTESIAN_POINT('Ctrl Pts',(284.64,-49.1589788539626,21.1449321602024));
#3670=CARTESIAN_POINT('Ctrl Pts',(284.64,-50.5240466937612,21.1449321602024));
#3671=CARTESIAN_POINT('Ctrl Pts',(284.64,-50.5240466937612,22.510000000001));
#3672=CARTESIAN_POINT('Ctrl Pts',(284.64,-50.5240466937612,23.8750678397996));
#3673=CARTESIAN_POINT('Ctrl Pts',(284.64,-49.1589788539626,23.8750678397996));
#3674=CARTESIAN_POINT('Ctrl Pts',(284.64,-47.793911014164,23.8750678397996));
#3675=CARTESIAN_POINT('Ctrl Pts',(284.64,-47.793911014164,22.510000000001));
#3676=CARTESIAN_POINT('Ctrl Pts',(284.64,-47.793911014164,21.1449321602024));
#3677=CARTESIAN_POINT('Ctrl Pts',(284.64,-49.1589788539626,21.1449321602024));
#3678=CARTESIAN_POINT('Ctrl Pts',(285.70130934616,-49.1589788539626,20.8803180205254));
#3679=CARTESIAN_POINT('Ctrl Pts',(285.70130934616,-50.7886608334382,20.8803180205254));
#3680=CARTESIAN_POINT('Ctrl Pts',(285.70130934616,-50.7886608334382,22.510000000001));
#3681=CARTESIAN_POINT('Ctrl Pts',(285.70130934616,-50.7886608334382,24.1396819794766));
#3682=CARTESIAN_POINT('Ctrl Pts',(285.70130934616,-49.1589788539626,24.1396819794766));
#3683=CARTESIAN_POINT('Ctrl Pts',(285.70130934616,-47.529296874487,24.1396819794766));
#3684=CARTESIAN_POINT('Ctrl Pts',(285.70130934616,-47.529296874487,22.510000000001));
#3685=CARTESIAN_POINT('Ctrl Pts',(285.70130934616,-47.529296874487,20.8803180205254));
#3686=CARTESIAN_POINT('Ctrl Pts',(285.70130934616,-49.1589788539626,20.8803180205254));
#3687=CARTESIAN_POINT('',(284.64,-49.1589788539626,22.2387320373118));
#3688=CARTESIAN_POINT('Origin',(284.64,-49.1589788539626,22.510000000001));
#3689=CARTESIAN_POINT('',(285.70130934616,-49.1589788539626,20.8803180205254));
#3690=CARTESIAN_POINT('Origin',(286.04,-49.1589788539626,22.2387320373118));
#3691=CARTESIAN_POINT('',(285.70130934616,-50.7886608334382,22.510000000001));
#3692=CARTESIAN_POINT('Origin',(285.70130934616,-49.1589788539626,22.510000000001));
#3693=CARTESIAN_POINT('Origin',(285.70130934616,-49.1589788539626,22.510000000001));
#3694=CARTESIAN_POINT('Origin',(288.74323124176,-49.1589788539626,22.510000000001));
#3695=CARTESIAN_POINT('',(288.24,-51.4216275039967,22.510000000001));
#3696=CARTESIAN_POINT('Origin',(288.24,-49.1589788539626,22.510000000001));
#3697=CARTESIAN_POINT('',(288.74323124176,-51.547097144473,22.510000000001));
#3698=CARTESIAN_POINT('Origin',(284.64,-49.1589788539626,22.510000000001));
#3699=CARTESIAN_POINT('Origin',(288.24,-49.1589788539626,22.510000000001));
#3700=CARTESIAN_POINT('',(288.24,-45.5829883651845,24.3022868141488));
#3701=CARTESIAN_POINT('Origin',(288.24,-49.1589788539626,22.510000000001));
#3702=CARTESIAN_POINT('',(288.24,-45.5829883651845,24.3022868141488));
#3703=CARTESIAN_POINT('Origin',(288.24,-43.9864549364704,21.1168656466039));
#3704=CARTESIAN_POINT('',(288.24,-44.5844540015721,22.310000000002));
#3705=CARTESIAN_POINT('',(241.2125,-44.5844540015721,22.310000000002));
#3706=CARTESIAN_POINT('',(288.24,-43.9864549364704,21.1168656466039));
#3707=CARTESIAN_POINT('Origin',(288.24,-48.5727168952165,22.510000000001));
#3708=CARTESIAN_POINT('',(288.24,-45.1179577079252,22.310000000002));
#3709=CARTESIAN_POINT('',(288.24,-15.0453373015708,22.310000000002));
#3710=CARTESIAN_POINT('',(288.24,-45.1179577079252,22.4100000000015));
#3711=CARTESIAN_POINT('Origin',(194.185,18.4820422920748,22.310000000002));
#3712=CARTESIAN_POINT('',(293.34,-45.1179577079252,22.310000000002));
#3713=CARTESIAN_POINT('',(95.03,-45.1179577079252,22.3100000000021));
#3714=CARTESIAN_POINT('',(293.34,78.9799580537312,22.310000000002));
#3715=CARTESIAN_POINT('',(293.34,-45.1179577079252,22.310000000002));
#3716=CARTESIAN_POINT('',(290.237915761656,82.0820422920748,22.310000000002));
#3717=CARTESIAN_POINT('Origin',(287.84,76.5820422920747,22.310000000002));
#3718=CARTESIAN_POINT('',(98.1320842383437,82.0820422920748,22.3100000000021));
#3719=CARTESIAN_POINT('',(293.34,82.0820422920748,22.310000000002));
#3720=CARTESIAN_POINT('',(95.03,78.9799580537312,22.3100000000021));
#3721=CARTESIAN_POINT('Origin',(100.53,76.5820422920748,22.3100000000021));
#3722=CARTESIAN_POINT('',(95.03,-45.1179577079252,22.3100000000021));
#3723=CARTESIAN_POINT('',(95.03,82.0820422920748,22.3100000000021));
#3724=CARTESIAN_POINT('',(100.13,-45.1179577079252,22.3100000000021));
#3725=CARTESIAN_POINT('',(95.03,-45.1179577079252,22.3100000000021));
#3726=CARTESIAN_POINT('',(100.13,-44.5844540015721,22.3100000000021));
#3727=CARTESIAN_POINT('',(100.13,-15.0453373015708,22.3100000000021));
#3728=CARTESIAN_POINT('',(105.13,-44.5844540015721,22.3100000000021));
#3729=CARTESIAN_POINT('',(147.1575,-44.5844540015721,22.3100000000021));
#3730=CARTESIAN_POINT('',(105.13,-45.1179577079252,22.3100000000021));
#3731=CARTESIAN_POINT('',(105.13,-15.0453373015708,22.3100000000021));
#3732=CARTESIAN_POINT('',(95.03,-45.1179577079252,22.3100000000021));
#3733=CARTESIAN_POINT('',(200.820002434077,45.0820422920748,22.310000000002));
#3734=CARTESIAN_POINT('Origin',(193.820002434077,45.0820422920748,22.310000000002));
#3735=CARTESIAN_POINT('',(132.898385678553,-3.91880650009819,22.3100000000021));
#3736=CARTESIAN_POINT('',(132.898385678553,65.0811934999015,22.310000000002));
#3737=CARTESIAN_POINT('',(132.898385678553,41.7816178959882,22.310000000002));
#3738=CARTESIAN_POINT('',(143.898385678553,65.0811934999015,22.310000000002));
#3739=CARTESIAN_POINT('Origin',(138.398385678553,65.0811934999015,22.310000000002));
#3740=CARTESIAN_POINT('',(143.898385678553,-3.91880650009819,22.3100000000021));
#3741=CARTESIAN_POINT('',(143.898385678553,7.28161789598831,22.310000000002));
#3742=CARTESIAN_POINT('Origin',(138.398385678553,-3.91880650009819,22.3100000000021));
#3743=CARTESIAN_POINT('',(117.548385678554,-3.91880650009806,22.3100000000021));
#3744=CARTESIAN_POINT('',(117.548385678554,65.0811934999015,22.3100000000021));
#3745=CARTESIAN_POINT('',(117.548385678554,41.7816178959882,22.3100000000021));
#3746=CARTESIAN_POINT('',(128.548385678554,65.0811934999015,22.310000000002));
#3747=CARTESIAN_POINT('Origin',(123.048385678554,65.0811934999015,22.310000000002));
#3748=CARTESIAN_POINT('',(128.548385678554,-3.91880650009806,22.3100000000021));
#3749=CARTESIAN_POINT('',(128.548385678554,7.28161789598838,22.3100000000021));
#3750=CARTESIAN_POINT('Origin',(123.048385678554,-3.91880650009806,22.3100000000021));
#3751=CARTESIAN_POINT('',(226.84,34.2026661054742,22.310000000002));
#3752=CARTESIAN_POINT('',(226.84,-33.8179577079252,22.310000000002));
#3753=CARTESIAN_POINT('',(226.84,-7.66795770792521,22.310000000002));
#3754=CARTESIAN_POINT('',(184.393737490833,-33.8179577079252,22.310000000002));
#3755=CARTESIAN_POINT('',(189.289368745417,-33.8179577079252,22.310000000002));
#3756=CARTESIAN_POINT('',(184.393737490833,34.2026661054742,22.310000000002));
#3757=CARTESIAN_POINT('',(184.393737490833,26.3423541987745,22.310000000002));
#3758=CARTESIAN_POINT('',(210.5125,34.2026661054742,22.310000000002));
#3759=CARTESIAN_POINT('',(225.87500275101,45.0820422920748,22.310000000002));
#3760=CARTESIAN_POINT('Origin',(218.87500275101,45.0820422920748,22.310000000002));
#3761=CARTESIAN_POINT('',(159.298385678554,64.9811934999017,22.310000000002));
#3762=CARTESIAN_POINT('',(159.298385678554,-4.01880650009835,22.310000000002));
#3763=CARTESIAN_POINT('',(159.298385678554,7.23161789598825,22.310000000002));
#3764=CARTESIAN_POINT('',(148.298385678554,-4.01880650009835,22.310000000002));
#3765=CARTESIAN_POINT('Origin',(153.798385678554,-4.01880650009835,22.310000000002));
#3766=CARTESIAN_POINT('',(148.298385678554,64.9811934999017,22.310000000002));
#3767=CARTESIAN_POINT('',(148.298385678554,41.7316178959883,22.310000000002));
#3768=CARTESIAN_POINT('Origin',(153.798385678554,64.9811934999017,22.310000000002));
#3769=CARTESIAN_POINT('',(102.098385678553,-4.01880650009778,22.3100000000021));
#3770=CARTESIAN_POINT('',(102.098385678553,64.4311934999019,22.3100000000021));
#3771=CARTESIAN_POINT('',(102.098385678553,41.4566178959883,22.3100000000021));
#3772=CARTESIAN_POINT('',(113.098385678553,64.4311934999019,22.3100000000021));
#3773=CARTESIAN_POINT('Origin',(107.598385678553,64.4311934999019,22.3100000000021));
#3774=CARTESIAN_POINT('',(113.098385678553,-4.01880650009778,22.3100000000021));
#3775=CARTESIAN_POINT('',(113.098385678553,7.23161789598853,22.3100000000021));
#3776=CARTESIAN_POINT('Origin',(107.598385678553,-4.01880650009778,22.3100000000021));
#3777=CARTESIAN_POINT('',(163.641871251837,-3.79312144594339,22.310000000002));
#3778=CARTESIAN_POINT('',(163.641871251837,65.2068785540566,22.310000000002));
#3779=CARTESIAN_POINT('',(163.641871251837,41.8444604230657,22.310000000002));
#3780=CARTESIAN_POINT('',(174.641871251837,65.2068785540566,22.310000000002));
#3781=CARTESIAN_POINT('Origin',(169.141871251837,65.2068785540566,22.310000000002));
#3782=CARTESIAN_POINT('',(174.641871251837,-3.79312144594339,22.310000000002));
#3783=CARTESIAN_POINT('',(174.641871251837,7.34446042306571,22.310000000002));
#3784=CARTESIAN_POINT('Origin',(169.141871251837,-3.79312144594339,22.310000000002));
#3785=CARTESIAN_POINT('',(287.84,76.5820422920747,22.310000000002));
#3786=CARTESIAN_POINT('',(287.84,-37.8179567989544,22.310000000002));
#3787=CARTESIAN_POINT('',(287.84,-9.6679572534398,22.310000000002));
#3788=CARTESIAN_POINT('',(229.84,-37.8179567989544,22.310000000002));
#3789=CARTESIAN_POINT('',(212.0125,-37.8179567989544,22.310000000002));
#3790=CARTESIAN_POINT('',(229.84,76.5820422920747,22.310000000002));
#3791=CARTESIAN_POINT('',(229.84,47.5320422920748,22.310000000002));
#3792=CARTESIAN_POINT('',(241.0125,76.5820422920747,22.310000000002));
#3793=CARTESIAN_POINT('Origin',(100.13,-48.5727168952165,22.510000000001));
#3794=CARTESIAN_POINT('',(100.13,-45.1179577079252,19.3757207192987));
#3795=CARTESIAN_POINT('',(100.13,-45.1179577079252,22.4100000000015));
#3796=CARTESIAN_POINT('',(100.13,-46.8983991075809,19.2100334531632));
#3797=CARTESIAN_POINT('',(100.13,-43.9864549364704,19.4810179792159));
#3798=CARTESIAN_POINT('',(100.13,-45.5829883651845,24.3022868141488));
#3799=CARTESIAN_POINT('Origin',(100.13,-49.1589788539626,22.510000000001));
#3800=CARTESIAN_POINT('',(100.13,-43.9864549364704,21.116865646604));
#3801=CARTESIAN_POINT('',(100.13,-51.4216275039967,22.510000000001));
#3802=CARTESIAN_POINT('Origin',(100.13,-49.1589788539626,22.510000000001));
#3803=CARTESIAN_POINT('Origin',(100.13,-46.8983991075809,19.2100334531632));
#3804=CARTESIAN_POINT('',(105.13,-45.1179577079252,19.3757207192987));
#3805=CARTESIAN_POINT('',(196.735,-45.1179577079252,19.3757207192986));
#3806=CARTESIAN_POINT('',(105.13,-46.8983991075809,19.2100334531632));
#3807=CARTESIAN_POINT('',(105.13,-43.9864549364704,19.481017979216));
#3808=CARTESIAN_POINT('',(100.13,-46.8983991075809,19.2100334531632));
#3809=CARTESIAN_POINT('Ctrl Pts',(103.73,-49.1589788539626,22.2387320373118));
#3810=CARTESIAN_POINT('Ctrl Pts',(103.73,-49.4302468166518,22.2387320373118));
#3811=CARTESIAN_POINT('Ctrl Pts',(103.73,-49.4302468166518,22.510000000001));
#3812=CARTESIAN_POINT('Ctrl Pts',(103.73,-49.4302468166518,22.7812679626902));
#3813=CARTESIAN_POINT('Ctrl Pts',(103.73,-49.1589788539626,22.7812679626902));
#3814=CARTESIAN_POINT('Ctrl Pts',(103.73,-48.8877108912734,22.7812679626902));
#3815=CARTESIAN_POINT('Ctrl Pts',(103.73,-48.8877108912734,22.510000000001));
#3816=CARTESIAN_POINT('Ctrl Pts',(103.73,-48.8877108912734,22.2387320373118));
#3817=CARTESIAN_POINT('Ctrl Pts',(103.73,-49.1589788539626,22.2387320373118));
#3818=CARTESIAN_POINT('Ctrl Pts',(103.73,-49.1589788539626,21.1449321602024));
#3819=CARTESIAN_POINT('Ctrl Pts',(103.73,-50.5240466937612,21.1449321602024));
#3820=CARTESIAN_POINT('Ctrl Pts',(103.73,-50.5240466937612,22.510000000001));
#3821=CARTESIAN_POINT('Ctrl Pts',(103.73,-50.5240466937612,23.8750678397996));
#3822=CARTESIAN_POINT('Ctrl Pts',(103.73,-49.1589788539626,23.8750678397996));
#3823=CARTESIAN_POINT('Ctrl Pts',(103.73,-47.793911014164,23.8750678397996));
#3824=CARTESIAN_POINT('Ctrl Pts',(103.73,-47.793911014164,22.510000000001));
#3825=CARTESIAN_POINT('Ctrl Pts',(103.73,-47.793911014164,21.1449321602024));
#3826=CARTESIAN_POINT('Ctrl Pts',(103.73,-49.1589788539626,21.1449321602024));
#3827=CARTESIAN_POINT('Ctrl Pts',(102.66869065384,-49.1589788539626,20.8803180205254));
#3828=CARTESIAN_POINT('Ctrl Pts',(102.66869065384,-50.7886608334382,20.8803180205254));
#3829=CARTESIAN_POINT('Ctrl Pts',(102.66869065384,-50.7886608334382,22.510000000001));
#3830=CARTESIAN_POINT('Ctrl Pts',(102.66869065384,-50.7886608334382,24.1396819794766));
#3831=CARTESIAN_POINT('Ctrl Pts',(102.66869065384,-49.1589788539626,24.1396819794766));
#3832=CARTESIAN_POINT('Ctrl Pts',(102.66869065384,-47.529296874487,24.1396819794766));
#3833=CARTESIAN_POINT('Ctrl Pts',(102.66869065384,-47.529296874487,22.510000000001));
#3834=CARTESIAN_POINT('Ctrl Pts',(102.66869065384,-47.529296874487,20.8803180205254));
#3835=CARTESIAN_POINT('Ctrl Pts',(102.66869065384,-49.1589788539626,20.8803180205254));
#3836=CARTESIAN_POINT('',(103.73,-49.1589788539626,22.2387320373118));
#3837=CARTESIAN_POINT('Origin',(103.73,-49.1589788539626,22.510000000001));
#3838=CARTESIAN_POINT('',(102.66869065384,-49.1589788539626,20.8803180205254));
#3839=CARTESIAN_POINT('Origin',(102.33,-49.1589788539626,22.2387320373118));
#3840=CARTESIAN_POINT('',(102.66869065384,-50.7886608334382,22.510000000001));
#3841=CARTESIAN_POINT('Origin',(102.66869065384,-49.1589788539626,22.510000000001));
#3842=CARTESIAN_POINT('Origin',(102.66869065384,-49.1589788539626,22.510000000001));
#3843=CARTESIAN_POINT('Origin',(99.6267687582399,-49.1589788539626,22.510000000001));
#3844=CARTESIAN_POINT('',(99.6267687582399,-51.547097144473,22.510000000001));
#3845=CARTESIAN_POINT('Origin',(103.73,-49.1589788539626,22.510000000001));
#3846=CARTESIAN_POINT('Origin',(100.13,-49.1589788539626,22.510000000001));
#3847=CARTESIAN_POINT('',(105.13,-45.5829883651845,24.3022868141488));
#3848=CARTESIAN_POINT('Origin',(105.13,-49.1589788539626,22.510000000001));
#3849=CARTESIAN_POINT('',(100.13,-45.5829883651845,24.3022868141488));
#3850=CARTESIAN_POINT('Origin',(100.13,-43.9864549364704,21.116865646604));
#3851=CARTESIAN_POINT('',(105.13,-43.9864549364704,21.116865646604));
#3852=CARTESIAN_POINT('Origin',(105.13,-48.5727168952165,22.510000000001));
#3853=CARTESIAN_POINT('',(105.13,-45.1179577079252,22.4100000000015));
#3854=CARTESIAN_POINT('Origin',(193.820002434077,45.0820422920748,19.310000000002));
#3855=CARTESIAN_POINT('',(200.820002434077,45.0820422920748,19.310000000002));
#3856=CARTESIAN_POINT('Origin',(193.820002434077,45.0820422920748,19.310000000002));
#3857=CARTESIAN_POINT('',(200.820002434077,45.0820422920748,19.310000000002));
#3858=CARTESIAN_POINT('Origin',(143.898385678553,-3.91880650009819,19.3100000000021));
#3859=CARTESIAN_POINT('',(143.898385678553,65.0811934999015,19.310000000002));
#3860=CARTESIAN_POINT('',(143.898385678553,65.0811934999015,19.310000000002));
#3861=CARTESIAN_POINT('',(143.898385678553,-3.91880650009819,19.3100000000021));
#3862=CARTESIAN_POINT('',(143.898385678553,7.28161789598831,19.310000000002));
#3863=CARTESIAN_POINT('',(143.898385678553,-3.91880650009819,19.3100000000021));
#3864=CARTESIAN_POINT('Origin',(138.398385678553,-3.91880650009819,19.3100000000021));
#3865=CARTESIAN_POINT('',(132.898385678553,-3.91880650009819,19.3100000000021));
#3866=CARTESIAN_POINT('Origin',(138.398385678553,-3.91880650009819,19.3100000000021));
#3867=CARTESIAN_POINT('',(132.898385678553,-3.91880650009819,19.3100000000021));
#3868=CARTESIAN_POINT('Origin',(132.898385678553,65.0811934999015,19.310000000002));
#3869=CARTESIAN_POINT('',(132.898385678553,65.0811934999015,19.310000000002));
#3870=CARTESIAN_POINT('',(132.898385678553,41.7816178959882,19.310000000002));
#3871=CARTESIAN_POINT('',(132.898385678553,65.0811934999015,19.310000000002));
#3872=CARTESIAN_POINT('Origin',(138.398385678553,65.0811934999015,19.310000000002));
#3873=CARTESIAN_POINT('Origin',(138.398385678553,65.0811934999015,19.310000000002));
#3874=CARTESIAN_POINT('Origin',(128.548385678554,-3.91880650009806,19.3100000000021));
#3875=CARTESIAN_POINT('',(128.548385678554,65.0811934999015,19.310000000002));
#3876=CARTESIAN_POINT('',(128.548385678554,65.0811934999015,19.310000000002));
#3877=CARTESIAN_POINT('',(128.548385678554,-3.91880650009806,19.3100000000021));
#3878=CARTESIAN_POINT('',(128.548385678554,7.28161789598838,19.3100000000021));
#3879=CARTESIAN_POINT('',(128.548385678554,-3.91880650009806,19.3100000000021));
#3880=CARTESIAN_POINT('Origin',(123.048385678554,-3.91880650009806,19.3100000000021));
#3881=CARTESIAN_POINT('',(117.548385678554,-3.91880650009806,19.3100000000021));
#3882=CARTESIAN_POINT('Origin',(123.048385678554,-3.91880650009806,19.3100000000021));
#3883=CARTESIAN_POINT('',(117.548385678554,-3.91880650009806,19.3100000000021));
#3884=CARTESIAN_POINT('Origin',(117.548385678554,65.0811934999015,19.3100000000021));
#3885=CARTESIAN_POINT('',(117.548385678554,65.0811934999015,19.3100000000021));
#3886=CARTESIAN_POINT('',(117.548385678554,41.7816178959882,19.3100000000021));
#3887=CARTESIAN_POINT('',(117.548385678554,65.0811934999015,19.3100000000021));
#3888=CARTESIAN_POINT('Origin',(123.048385678554,65.0811934999015,19.310000000002));
#3889=CARTESIAN_POINT('Origin',(123.048385678554,65.0811934999015,19.310000000002));
#3890=CARTESIAN_POINT('Origin',(184.393737490833,34.2026661054742,19.310000000002));
#3891=CARTESIAN_POINT('',(184.393737490833,-33.8179577079252,19.310000000002));
#3892=CARTESIAN_POINT('',(184.393737490833,-33.8179577079252,19.310000000002));
#3893=CARTESIAN_POINT('',(184.393737490833,34.2026661054742,19.310000000002));
#3894=CARTESIAN_POINT('',(184.393737490833,26.3423541987745,19.310000000002));
#3895=CARTESIAN_POINT('',(184.393737490833,34.2026661054742,19.310000000002));
#3896=CARTESIAN_POINT('Origin',(226.84,34.2026661054742,19.310000000002));
#3897=CARTESIAN_POINT('',(226.84,34.2026661054742,19.310000000002));
#3898=CARTESIAN_POINT('',(210.5125,34.2026661054742,19.310000000002));
#3899=CARTESIAN_POINT('',(226.84,34.2026661054742,19.310000000002));
#3900=CARTESIAN_POINT('Origin',(226.84,-33.8179577079252,19.310000000002));
#3901=CARTESIAN_POINT('',(226.84,-33.8179577079252,19.310000000002));
#3902=CARTESIAN_POINT('',(226.84,-7.66795770792521,19.310000000002));
#3903=CARTESIAN_POINT('',(226.84,-33.8179577079252,19.310000000002));
#3904=CARTESIAN_POINT('Origin',(184.393737490833,-33.8179577079252,19.310000000002));
#3905=CARTESIAN_POINT('',(189.289368745417,-33.8179577079252,19.310000000002));
#3906=CARTESIAN_POINT('Origin',(218.87500275101,45.0820422920748,19.310000000002));
#3907=CARTESIAN_POINT('',(225.87500275101,45.0820422920748,19.310000000002));
#3908=CARTESIAN_POINT('Origin',(218.87500275101,45.0820422920748,19.310000000002));
#3909=CARTESIAN_POINT('',(225.87500275101,45.0820422920748,19.310000000002));
#3910=CARTESIAN_POINT('Origin',(148.298385678554,64.9811934999017,19.310000000002));
#3911=CARTESIAN_POINT('',(148.298385678554,-4.01880650009835,19.310000000002));
#3912=CARTESIAN_POINT('',(148.298385678554,-4.01880650009835,19.310000000002));
#3913=CARTESIAN_POINT('',(148.298385678554,64.9811934999017,19.310000000002));
#3914=CARTESIAN_POINT('',(148.298385678554,41.7316178959883,19.310000000002));
#3915=CARTESIAN_POINT('',(148.298385678554,64.9811934999017,19.310000000002));
#3916=CARTESIAN_POINT('Origin',(153.798385678554,64.9811934999017,19.310000000002));
#3917=CARTESIAN_POINT('',(159.298385678554,64.9811934999017,19.310000000002));
#3918=CARTESIAN_POINT('Origin',(153.798385678554,64.9811934999017,19.310000000002));
#3919=CARTESIAN_POINT('',(159.298385678554,64.9811934999017,19.310000000002));
#3920=CARTESIAN_POINT('Origin',(159.298385678554,-4.01880650009835,19.310000000002));
#3921=CARTESIAN_POINT('',(159.298385678554,-4.01880650009835,19.310000000002));
#3922=CARTESIAN_POINT('',(159.298385678554,7.23161789598825,19.310000000002));
#3923=CARTESIAN_POINT('',(159.298385678554,-4.01880650009835,19.310000000002));
#3924=CARTESIAN_POINT('Origin',(153.798385678554,-4.01880650009835,19.310000000002));
#3925=CARTESIAN_POINT('Origin',(153.798385678554,-4.01880650009835,19.310000000002));
#3926=CARTESIAN_POINT('Origin',(113.098385678553,-4.01880650009778,19.3100000000021));
#3927=CARTESIAN_POINT('',(113.098385678553,64.4311934999019,19.3100000000021));
#3928=CARTESIAN_POINT('',(113.098385678553,64.4311934999019,19.3100000000021));
#3929=CARTESIAN_POINT('',(113.098385678553,-4.01880650009778,19.3100000000021));
#3930=CARTESIAN_POINT('',(113.098385678553,7.23161789598853,19.3100000000021));
#3931=CARTESIAN_POINT('',(113.098385678553,-4.01880650009778,19.3100000000021));
#3932=CARTESIAN_POINT('Origin',(107.598385678553,-4.01880650009778,19.3100000000021));
#3933=CARTESIAN_POINT('',(102.098385678553,-4.01880650009778,19.3100000000021));
#3934=CARTESIAN_POINT('Origin',(107.598385678553,-4.01880650009778,19.3100000000021));
#3935=CARTESIAN_POINT('',(102.098385678553,-4.01880650009778,19.3100000000021));
#3936=CARTESIAN_POINT('Origin',(102.098385678553,64.4311934999019,19.3100000000021));
#3937=CARTESIAN_POINT('',(102.098385678553,64.4311934999019,19.3100000000021));
#3938=CARTESIAN_POINT('',(102.098385678553,41.4566178959883,19.3100000000021));
#3939=CARTESIAN_POINT('',(102.098385678553,64.4311934999019,19.3100000000021));
#3940=CARTESIAN_POINT('Origin',(107.598385678553,64.4311934999019,19.3100000000021));
#3941=CARTESIAN_POINT('Origin',(107.598385678553,64.4311934999019,19.3100000000021));
#3942=CARTESIAN_POINT('Origin',(174.641871251837,-3.79312144594339,19.310000000002));
#3943=CARTESIAN_POINT('',(174.641871251837,65.2068785540566,19.310000000002));
#3944=CARTESIAN_POINT('',(174.641871251837,65.2068785540566,19.310000000002));
#3945=CARTESIAN_POINT('',(174.641871251837,-3.79312144594339,19.310000000002));
#3946=CARTESIAN_POINT('',(174.641871251837,7.34446042306571,19.310000000002));
#3947=CARTESIAN_POINT('',(174.641871251837,-3.79312144594339,19.310000000002));
#3948=CARTESIAN_POINT('Origin',(169.141871251837,-3.79312144594339,19.310000000002));
#3949=CARTESIAN_POINT('',(163.641871251837,-3.79312144594339,19.310000000002));
#3950=CARTESIAN_POINT('Origin',(169.141871251837,-3.79312144594339,19.310000000002));
#3951=CARTESIAN_POINT('',(163.641871251837,-3.79312144594339,19.310000000002));
#3952=CARTESIAN_POINT('Origin',(163.641871251837,65.2068785540566,19.310000000002));
#3953=CARTESIAN_POINT('',(163.641871251837,65.2068785540566,19.310000000002));
#3954=CARTESIAN_POINT('',(163.641871251837,41.8444604230657,19.310000000002));
#3955=CARTESIAN_POINT('',(163.641871251837,65.2068785540566,19.310000000002));
#3956=CARTESIAN_POINT('Origin',(169.141871251837,65.2068785540566,19.310000000002));
#3957=CARTESIAN_POINT('Origin',(169.141871251837,65.2068785540566,19.310000000002));
#3958=CARTESIAN_POINT('Origin',(229.84,76.5820422920747,19.310000000002));
#3959=CARTESIAN_POINT('',(229.84,-37.8179567989544,19.310000000002));
#3960=CARTESIAN_POINT('',(229.84,-37.8179567989544,19.310000000002));
#3961=CARTESIAN_POINT('',(229.84,76.5820422920747,19.310000000002));
#3962=CARTESIAN_POINT('',(229.84,47.5320422920748,19.310000000002));
#3963=CARTESIAN_POINT('',(229.84,76.5820422920747,19.310000000002));
#3964=CARTESIAN_POINT('Origin',(287.84,76.5820422920747,19.310000000002));
#3965=CARTESIAN_POINT('',(287.84,76.5820422920747,19.310000000002));
#3966=CARTESIAN_POINT('',(241.0125,76.5820422920747,19.310000000002));
#3967=CARTESIAN_POINT('',(287.84,76.5820422920747,19.310000000002));
#3968=CARTESIAN_POINT('Origin',(287.84,-37.8179567989544,19.310000000002));
#3969=CARTESIAN_POINT('',(287.84,-37.8179567989544,19.310000000002));
#3970=CARTESIAN_POINT('',(287.84,-9.6679572534398,19.310000000002));
#3971=CARTESIAN_POINT('',(287.84,-37.8179567989544,19.310000000002));
#3972=CARTESIAN_POINT('Origin',(229.84,-37.8179567989544,19.310000000002));
#3973=CARTESIAN_POINT('',(212.0125,-37.8179567989544,19.310000000002));
#3974=CARTESIAN_POINT('Origin',(100.53,76.5820422920748,22.3100000000021));
#3975=CARTESIAN_POINT('',(98.1320842383437,82.0820422920748,19.3100000000021));
#3976=CARTESIAN_POINT('',(98.1320842383437,82.0820422920748,22.3100000000021));
#3977=CARTESIAN_POINT('',(95.03,78.9799580537312,19.3100000000021));
#3978=CARTESIAN_POINT('Origin',(100.53,76.5820422920748,19.3100000000021));
#3979=CARTESIAN_POINT('',(95.03,78.9799580537312,22.3100000000021));
#3980=CARTESIAN_POINT('Origin',(95.03,-45.1179577079252,22.3100000000021));
#3981=CARTESIAN_POINT('',(95.03,-45.1179577079252,19.3100000000021));
#3982=CARTESIAN_POINT('',(95.03,82.0820422920748,19.3100000000021));
#3983=CARTESIAN_POINT('',(95.03,-45.1179577079252,22.3100000000021));
#3984=CARTESIAN_POINT('Origin',(293.34,-45.1179577079252,22.310000000002));
#3985=CARTESIAN_POINT('',(293.34,-45.1179577079252,19.310000000002));
#3986=CARTESIAN_POINT('',(95.03,-45.1179577079252,19.3100000000021));
#3987=CARTESIAN_POINT('',(293.34,-45.1179577079252,22.310000000002));
#3988=CARTESIAN_POINT('Origin',(293.34,78.9799580537312,22.310000000002));
#3989=CARTESIAN_POINT('',(293.34,78.9799580537312,19.310000000002));
#3990=CARTESIAN_POINT('',(293.34,-45.1179577079252,19.310000000002));
#3991=CARTESIAN_POINT('',(293.34,78.9799580537312,22.310000000002));
#3992=CARTESIAN_POINT('Origin',(287.84,76.5820422920747,22.310000000002));
#3993=CARTESIAN_POINT('',(290.237915761656,82.0820422920748,19.310000000002));
#3994=CARTESIAN_POINT('Origin',(287.84,76.5820422920747,19.310000000002));
#3995=CARTESIAN_POINT('',(290.237915761656,82.0820422920748,22.310000000002));
#3996=CARTESIAN_POINT('Origin',(98.1320842383437,82.0820422920748,22.3100000000021));
#3997=CARTESIAN_POINT('',(293.34,82.0820422920748,19.310000000002));
#3998=CARTESIAN_POINT('Origin',(194.185,18.4820422920748,19.310000000002));
#3999=CARTESIAN_POINT('Ctrl Pts',(285.04,-48.2,19.2387320373108));
#4000=CARTESIAN_POINT('Ctrl Pts',(285.04,-48.4712679626892,19.2387320373108));
#4001=CARTESIAN_POINT('Ctrl Pts',(285.04,-48.4712679626892,19.51));
#4002=CARTESIAN_POINT('Ctrl Pts',(285.04,-48.4712679626892,19.7812679626892));
#4003=CARTESIAN_POINT('Ctrl Pts',(285.04,-48.2,19.7812679626892));
#4004=CARTESIAN_POINT('Ctrl Pts',(285.04,-47.9287320373108,19.7812679626892));
#4005=CARTESIAN_POINT('Ctrl Pts',(285.04,-47.9287320373108,19.51));
#4006=CARTESIAN_POINT('Ctrl Pts',(285.04,-47.9287320373108,19.2387320373108));
#4007=CARTESIAN_POINT('Ctrl Pts',(285.04,-48.2,19.2387320373108));
#4008=CARTESIAN_POINT('Ctrl Pts',(285.04,-48.2,18.4574464108041));
#4009=CARTESIAN_POINT('Ctrl Pts',(285.04,-49.2525535891959,18.4574464108041));
#4010=CARTESIAN_POINT('Ctrl Pts',(285.04,-49.2525535891959,19.51));
#4011=CARTESIAN_POINT('Ctrl Pts',(285.04,-49.2525535891959,20.5625535891959));
#4012=CARTESIAN_POINT('Ctrl Pts',(285.04,-48.2,20.5625535891959));
#4013=CARTESIAN_POINT('Ctrl Pts',(285.04,-47.1474464108041,20.5625535891959));
#4014=CARTESIAN_POINT('Ctrl Pts',(285.04,-47.1474464108041,19.51));
#4015=CARTESIAN_POINT('Ctrl Pts',(285.04,-47.1474464108041,18.4574464108041));
#4016=CARTESIAN_POINT('Ctrl Pts',(285.04,-48.2,18.4574464108041));
#4017=CARTESIAN_POINT('Ctrl Pts',(285.7980781044,-48.2,18.2684363110348));
#4018=CARTESIAN_POINT('Ctrl Pts',(285.7980781044,-49.4415636889652,18.2684363110348));
#4019=CARTESIAN_POINT('Ctrl Pts',(285.7980781044,-49.4415636889652,19.51));
#4020=CARTESIAN_POINT('Ctrl Pts',(285.7980781044,-49.4415636889652,20.7515636889652));
#4021=CARTESIAN_POINT('Ctrl Pts',(285.7980781044,-48.2,20.7515636889652));
#4022=CARTESIAN_POINT('Ctrl Pts',(285.7980781044,-46.9584363110348,20.7515636889652));
#4023=CARTESIAN_POINT('Ctrl Pts',(285.7980781044,-46.9584363110348,19.51));
#4024=CARTESIAN_POINT('Ctrl Pts',(285.7980781044,-46.9584363110348,18.2684363110348));
#4025=CARTESIAN_POINT('Ctrl Pts',(285.7980781044,-48.2,18.2684363110348));
#4026=CARTESIAN_POINT('',(285.7980781044,-49.4415636889652,19.51));
#4027=CARTESIAN_POINT('',(285.7980781044,-48.2,18.2684363110348));
#4028=CARTESIAN_POINT('Origin',(285.7980781044,-48.2,19.51));
#4029=CARTESIAN_POINT('Origin',(285.7980781044,-48.2,19.51));
#4030=CARTESIAN_POINT('',(285.04,-48.2,19.2387320373108));
#4031=CARTESIAN_POINT('Origin',(286.04,-48.2,19.2387320373108));
#4032=CARTESIAN_POINT('Origin',(285.04,-48.2,19.51));
#4033=CARTESIAN_POINT('Origin',(288.84,-48.2,19.51));
#4034=CARTESIAN_POINT('',(288.84,-50.2,19.51));
#4035=CARTESIAN_POINT('',(288.84,-50.2,19.51));
#4036=CARTESIAN_POINT('Origin',(288.84,-48.2,19.51));
#4037=CARTESIAN_POINT('Origin',(285.04,-48.2,19.51));
#4038=CARTESIAN_POINT('Origin',(293.84,-48.2,19.51));
#4039=CARTESIAN_POINT('',(293.84,-52.2,19.51));
#4040=CARTESIAN_POINT('',(293.84,-44.4631169851051,18.083218540564));
#4041=CARTESIAN_POINT('Origin',(293.84,-48.2,19.51));
#4042=CARTESIAN_POINT('',(288.84,-44.4631169851051,18.083218540564));
#4043=CARTESIAN_POINT('',(293.84,-44.4631169851051,18.083218540564));
#4044=CARTESIAN_POINT('',(288.84,-52.2,19.51));
#4045=CARTESIAN_POINT('Origin',(288.84,-48.2,19.51));
#4046=CARTESIAN_POINT('',(293.84,-52.2,19.51));
#4047=CARTESIAN_POINT('Origin',(293.84,-52.7,-3.49));
#4048=CARTESIAN_POINT('',(293.84,-52.7,-3.49));
#4049=CARTESIAN_POINT('',(293.84,-52.7,-3.49));
#4050=CARTESIAN_POINT('',(288.84,-52.7,-3.49));
#4051=CARTESIAN_POINT('',(94.53,-52.7,-3.49));
#4052=CARTESIAN_POINT('',(288.84,-52.7,-3.49));
#4053=CARTESIAN_POINT('Origin',(288.84,-48.45,10.01));
#4054=CARTESIAN_POINT('',(288.84,-52.7,19.51));
#4055=CARTESIAN_POINT('',(288.84,-52.7,19.51));
#4056=CARTESIAN_POINT('',(288.84,-52.7,5.76));
#4057=CARTESIAN_POINT('Ctrl Pts',(103.33,-48.2,19.2387320373108));
#4058=CARTESIAN_POINT('Ctrl Pts',(103.33,-48.4712679626892,19.2387320373108));
#4059=CARTESIAN_POINT('Ctrl Pts',(103.33,-48.4712679626892,19.51));
#4060=CARTESIAN_POINT('Ctrl Pts',(103.33,-48.4712679626892,19.7812679626892));
#4061=CARTESIAN_POINT('Ctrl Pts',(103.33,-48.2,19.7812679626892));
#4062=CARTESIAN_POINT('Ctrl Pts',(103.33,-47.9287320373108,19.7812679626892));
#4063=CARTESIAN_POINT('Ctrl Pts',(103.33,-47.9287320373108,19.51));
#4064=CARTESIAN_POINT('Ctrl Pts',(103.33,-47.9287320373108,19.2387320373108));
#4065=CARTESIAN_POINT('Ctrl Pts',(103.33,-48.2,19.2387320373108));
#4066=CARTESIAN_POINT('Ctrl Pts',(103.33,-48.2,18.4574464108041));
#4067=CARTESIAN_POINT('Ctrl Pts',(103.33,-49.2525535891959,18.4574464108041));
#4068=CARTESIAN_POINT('Ctrl Pts',(103.33,-49.2525535891959,19.51));
#4069=CARTESIAN_POINT('Ctrl Pts',(103.33,-49.2525535891959,20.5625535891959));
#4070=CARTESIAN_POINT('Ctrl Pts',(103.33,-48.2,20.5625535891959));
#4071=CARTESIAN_POINT('Ctrl Pts',(103.33,-47.1474464108041,20.5625535891959));
#4072=CARTESIAN_POINT('Ctrl Pts',(103.33,-47.1474464108041,19.51));
#4073=CARTESIAN_POINT('Ctrl Pts',(103.33,-47.1474464108041,18.4574464108041));
#4074=CARTESIAN_POINT('Ctrl Pts',(103.33,-48.2,18.4574464108041));
#4075=CARTESIAN_POINT('Ctrl Pts',(102.5719218956,-48.2,18.2684363110348));
#4076=CARTESIAN_POINT('Ctrl Pts',(102.5719218956,-49.4415636889652,18.2684363110348));
#4077=CARTESIAN_POINT('Ctrl Pts',(102.5719218956,-49.4415636889652,19.51));
#4078=CARTESIAN_POINT('Ctrl Pts',(102.5719218956,-49.4415636889652,20.7515636889652));
#4079=CARTESIAN_POINT('Ctrl Pts',(102.5719218956,-48.2,20.7515636889652));
#4080=CARTESIAN_POINT('Ctrl Pts',(102.5719218956,-46.9584363110348,20.7515636889652));
#4081=CARTESIAN_POINT('Ctrl Pts',(102.5719218956,-46.9584363110348,19.51));
#4082=CARTESIAN_POINT('Ctrl Pts',(102.5719218956,-46.9584363110348,18.2684363110348));
#4083=CARTESIAN_POINT('Ctrl Pts',(102.5719218956,-48.2,18.2684363110348));
#4084=CARTESIAN_POINT('',(102.5719218956,-49.4415636889652,19.51));
#4085=CARTESIAN_POINT('',(102.5719218956,-48.2,18.2684363110348));
#4086=CARTESIAN_POINT('Origin',(102.5719218956,-48.2,19.51));
#4087=CARTESIAN_POINT('',(103.33,-48.2,19.2387320373108));
#4088=CARTESIAN_POINT('Origin',(102.33,-48.2,19.2387320373108));
#4089=CARTESIAN_POINT('Origin',(103.33,-48.2,19.51));
#4090=CARTESIAN_POINT('Origin',(102.5719218956,-48.2,19.51));
#4091=CARTESIAN_POINT('Origin',(99.53,-48.2,19.51));
#4092=CARTESIAN_POINT('',(99.53,-50.2,19.51));
#4093=CARTESIAN_POINT('',(99.53,-50.2,19.51));
#4094=CARTESIAN_POINT('Origin',(99.53,-48.2,19.51));
#4095=CARTESIAN_POINT('Origin',(103.33,-48.2,19.51));
#4096=CARTESIAN_POINT('Origin',(94.53,-48.2,19.51));
#4097=CARTESIAN_POINT('',(94.53,-52.2,19.51));
#4098=CARTESIAN_POINT('',(94.53,-44.4631169851051,18.083218540564));
#4099=CARTESIAN_POINT('Origin',(94.53,-48.2,19.51));
#4100=CARTESIAN_POINT('',(99.53,-52.2,19.51));
#4101=CARTESIAN_POINT('',(94.53,-52.2,19.51));
#4102=CARTESIAN_POINT('',(99.53,-44.4631169851051,18.083218540564));
#4103=CARTESIAN_POINT('Origin',(99.53,-48.2,19.51));
#4104=CARTESIAN_POINT('',(94.53,-44.4631169851051,18.083218540564));
#4105=CARTESIAN_POINT('Origin',(94.53,-52.7,-3.49));
#4106=CARTESIAN_POINT('',(94.53,-52.7,-3.49));
#4107=CARTESIAN_POINT('',(94.53,-52.7,-3.49));
#4108=CARTESIAN_POINT('',(99.53,-52.7,-3.49));
#4109=CARTESIAN_POINT('',(99.53,-52.7,-3.49));
#4110=CARTESIAN_POINT('',(94.53,-52.7,-3.49));
#4111=CARTESIAN_POINT('Origin',(99.53,-48.45,10.01));
#4112=CARTESIAN_POINT('',(99.53,-52.7,19.51));
#4113=CARTESIAN_POINT('',(99.53,-52.7,19.51));
#4114=CARTESIAN_POINT('',(99.53,-52.7,5.76));
#4115=CARTESIAN_POINT('Origin',(95.28,-130.915,11.85));
#4116=CARTESIAN_POINT('',(96.03,-75.03,12.6));
#4117=CARTESIAN_POINT('',(94.53,-75.03,11.1));
#4118=CARTESIAN_POINT('',(96.03,-75.03,12.6));
#4119=CARTESIAN_POINT('',(94.53,-80.93,11.1));
#4120=CARTESIAN_POINT('',(94.53,-130.915,11.1));
#4121=CARTESIAN_POINT('',(96.03,-80.93,12.6));
#4122=CARTESIAN_POINT('',(94.53,-80.93,11.1));
#4123=CARTESIAN_POINT('',(96.03,-130.915,12.6));
#4124=CARTESIAN_POINT('Origin',(95.28,-75.03,14.1));
#4125=CARTESIAN_POINT('',(96.03,-73.53,14.1));
#4126=CARTESIAN_POINT('',(94.53,-72.03,14.1));
#4127=CARTESIAN_POINT('',(96.03,-73.53,14.1));
#4128=CARTESIAN_POINT('Origin',(94.53,-75.03,14.1));
#4129=CARTESIAN_POINT('Origin',(96.03,-75.03,14.1));
#4130=CARTESIAN_POINT('Origin',(95.28,-72.78,7.805));
#4131=CARTESIAN_POINT('',(96.03,-73.53,14.3));
#4132=CARTESIAN_POINT('',(94.53,-72.03,14.3));
#4133=CARTESIAN_POINT('',(96.03,-73.53,14.3));
#4134=CARTESIAN_POINT('',(94.53,-72.03,7.805));
#4135=CARTESIAN_POINT('',(96.03,-73.53,7.805));
#4136=CARTESIAN_POINT('Origin',(95.28,-75.03,14.3));
#4137=CARTESIAN_POINT('',(96.03,-75.03,15.8));
#4138=CARTESIAN_POINT('',(94.53,-75.03,17.3));
#4139=CARTESIAN_POINT('',(96.03,-75.03,15.8));
#4140=CARTESIAN_POINT('Origin',(94.53,-75.03,14.3));
#4141=CARTESIAN_POINT('Origin',(96.03,-75.03,14.3));
#4142=CARTESIAN_POINT('Origin',(95.28,-127.965,16.55));
#4143=CARTESIAN_POINT('',(96.03,-80.93,15.8));
#4144=CARTESIAN_POINT('',(94.53,-80.93,17.3));
#4145=CARTESIAN_POINT('',(96.03,-80.93,15.8));
#4146=CARTESIAN_POINT('',(94.53,-127.965,17.3));
#4147=CARTESIAN_POINT('',(96.03,-127.965,15.8));
#4148=CARTESIAN_POINT('Origin',(95.28,-80.93,14.3));
#4149=CARTESIAN_POINT('',(96.03,-82.43,14.3));
#4150=CARTESIAN_POINT('',(94.53,-83.93,14.3));
#4151=CARTESIAN_POINT('',(96.03,-82.43,14.3));
#4152=CARTESIAN_POINT('Origin',(94.53,-80.93,14.3));
#4153=CARTESIAN_POINT('Origin',(96.03,-80.93,14.3));
#4154=CARTESIAN_POINT('Origin',(95.28,-83.1800000000006,7.90499999999569));
#4155=CARTESIAN_POINT('',(96.03,-82.43,14.1));
#4156=CARTESIAN_POINT('',(94.53,-83.93,14.1000000000001));
#4157=CARTESIAN_POINT('',(96.03,-82.43,14.1));
#4158=CARTESIAN_POINT('',(94.53,-83.9300000000006,7.90499999999576));
#4159=CARTESIAN_POINT('',(96.03,-82.4300000000005,7.90499999999563));
#4160=CARTESIAN_POINT('Origin',(95.28,-80.93,14.1));
#4161=CARTESIAN_POINT('Origin',(94.53,-80.93,14.1));
#4162=CARTESIAN_POINT('Origin',(96.03,-80.93,14.1));
#4163=CARTESIAN_POINT('Origin',(94.53,-75.03,14.3));
#4164=CARTESIAN_POINT('',(96.53,-73.53,14.3));
#4165=CARTESIAN_POINT('',(94.53,-73.53,14.3));
#4166=CARTESIAN_POINT('',(96.53,-75.03,15.8));
#4167=CARTESIAN_POINT('Origin',(96.53,-75.03,14.3));
#4168=CARTESIAN_POINT('',(94.53,-75.03,15.8));
#4169=CARTESIAN_POINT('Origin',(94.53,-73.53,14.1));
#4170=CARTESIAN_POINT('',(96.53,-73.53,14.1));
#4171=CARTESIAN_POINT('',(94.53,-73.53,14.1));
#4172=CARTESIAN_POINT('',(96.53,-73.53,7.805));
#4173=CARTESIAN_POINT('Origin',(94.53,-75.03,14.1));
#4174=CARTESIAN_POINT('',(96.53,-75.03,12.6));
#4175=CARTESIAN_POINT('',(94.53,-75.03,12.6));
#4176=CARTESIAN_POINT('Origin',(96.53,-75.03,14.1));
#4177=CARTESIAN_POINT('Origin',(94.53,-80.93,12.6));
#4178=CARTESIAN_POINT('',(96.53,-80.93,12.6));
#4179=CARTESIAN_POINT('',(94.53,-80.93,12.6));
#4180=CARTESIAN_POINT('',(96.53,-68.565,12.6));
#4181=CARTESIAN_POINT('Origin',(94.53,-180.9,1.51));
#4182=CARTESIAN_POINT('',(94.53,-174.9,19.51));
#4183=CARTESIAN_POINT('',(94.53,-174.9,-3.49));
#4184=CARTESIAN_POINT('',(94.53,-174.9,1.51));
#4185=CARTESIAN_POINT('',(94.53,-52.7,19.51));
#4186=CARTESIAN_POINT('',(94.53,-180.9,-3.49));
#4187=CARTESIAN_POINT('',(94.53,-63.07,11.1));
#4188=CARTESIAN_POINT('',(94.53,-68.97,11.1));
#4189=CARTESIAN_POINT('',(94.53,-124.935,11.1));
#4190=CARTESIAN_POINT('',(94.53,-60.07,14.1));
#4191=CARTESIAN_POINT('Origin',(94.53,-63.07,14.1));
#4192=CARTESIAN_POINT('',(94.53,-60.07,14.3));
#4193=CARTESIAN_POINT('',(94.53,-60.07,7.805));
#4194=CARTESIAN_POINT('',(94.53,-63.07,17.3));
#4195=CARTESIAN_POINT('Origin',(94.53,-63.07,14.3));
#4196=CARTESIAN_POINT('',(94.53,-68.97,17.3));
#4197=CARTESIAN_POINT('',(94.53,-121.985,17.3));
#4198=CARTESIAN_POINT('',(94.53,-71.97,14.3));
#4199=CARTESIAN_POINT('Origin',(94.53,-68.97,14.3));
#4200=CARTESIAN_POINT('',(94.53,-71.97,14.1000000000001));
#4201=CARTESIAN_POINT('',(94.53,-71.9700000000003,7.90499999999762));
#4202=CARTESIAN_POINT('Origin',(94.53,-68.97,14.1));
#4203=CARTESIAN_POINT('Origin',(95.28,-124.935,11.85));
#4204=CARTESIAN_POINT('',(96.03,-63.07,12.6));
#4205=CARTESIAN_POINT('',(96.03,-63.07,12.6));
#4206=CARTESIAN_POINT('',(96.03,-68.97,12.6));
#4207=CARTESIAN_POINT('',(94.53,-68.97,11.1));
#4208=CARTESIAN_POINT('',(96.03,-124.935,12.6));
#4209=CARTESIAN_POINT('Origin',(95.28,-63.07,14.1));
#4210=CARTESIAN_POINT('',(96.03,-61.57,14.1));
#4211=CARTESIAN_POINT('',(96.03,-61.57,14.1));
#4212=CARTESIAN_POINT('Origin',(96.03,-63.07,14.1));
#4213=CARTESIAN_POINT('Origin',(95.28,-60.82,7.805));
#4214=CARTESIAN_POINT('',(96.03,-61.57,14.3));
#4215=CARTESIAN_POINT('',(96.03,-61.57,14.3));
#4216=CARTESIAN_POINT('',(96.03,-61.57,7.805));
#4217=CARTESIAN_POINT('Origin',(95.28,-63.07,14.3));
#4218=CARTESIAN_POINT('',(96.03,-63.07,15.8));
#4219=CARTESIAN_POINT('',(96.03,-63.07,15.8));
#4220=CARTESIAN_POINT('Origin',(96.03,-63.07,14.3));
#4221=CARTESIAN_POINT('Origin',(95.28,-121.985,16.55));
#4222=CARTESIAN_POINT('',(96.03,-68.97,15.8));
#4223=CARTESIAN_POINT('',(96.03,-68.97,15.8));
#4224=CARTESIAN_POINT('',(96.03,-121.985,15.8));
#4225=CARTESIAN_POINT('Origin',(95.28,-68.97,14.3));
#4226=CARTESIAN_POINT('',(96.03,-70.47,14.3));
#4227=CARTESIAN_POINT('',(96.03,-70.47,14.3));
#4228=CARTESIAN_POINT('Origin',(96.03,-68.97,14.3));
#4229=CARTESIAN_POINT('Origin',(95.28,-71.2200000000003,7.90499999999758));
#4230=CARTESIAN_POINT('',(96.03,-70.47,14.1));
#4231=CARTESIAN_POINT('',(96.03,-70.47,14.1));
#4232=CARTESIAN_POINT('',(96.03,-70.4700000000003,7.90499999999755));
#4233=CARTESIAN_POINT('Origin',(95.28,-68.97,14.1));
#4234=CARTESIAN_POINT('Origin',(96.03,-68.97,14.1));
#4235=CARTESIAN_POINT('Origin',(94.53,-63.07,14.3));
#4236=CARTESIAN_POINT('',(96.53,-61.57,14.3));
#4237=CARTESIAN_POINT('',(94.53,-61.57,14.3));
#4238=CARTESIAN_POINT('',(96.53,-63.07,15.8));
#4239=CARTESIAN_POINT('Origin',(96.53,-63.07,14.3));
#4240=CARTESIAN_POINT('',(94.53,-63.07,15.8));
#4241=CARTESIAN_POINT('Origin',(94.53,-61.57,14.1));
#4242=CARTESIAN_POINT('',(96.53,-61.57,14.1));
#4243=CARTESIAN_POINT('',(94.53,-61.57,14.1));
#4244=CARTESIAN_POINT('',(96.53,-61.57,7.805));
#4245=CARTESIAN_POINT('Origin',(94.53,-63.07,14.1));
#4246=CARTESIAN_POINT('',(96.53,-63.07,12.6));
#4247=CARTESIAN_POINT('',(94.53,-63.07,12.6));
#4248=CARTESIAN_POINT('Origin',(96.53,-63.07,14.1));
#4249=CARTESIAN_POINT('Origin',(94.53,-68.97,12.6));
#4250=CARTESIAN_POINT('',(96.53,-68.97,12.6));
#4251=CARTESIAN_POINT('',(94.53,-68.97,12.6));
#4252=CARTESIAN_POINT('',(96.53,-62.585,12.6));
#4253=CARTESIAN_POINT('Origin',(97.28,-75.03,14.1));
#4254=CARTESIAN_POINT('',(98.03,-75.03,11.1));
#4255=CARTESIAN_POINT('',(96.53,-75.03,12.6));
#4256=CARTESIAN_POINT('',(98.03,-72.03,14.1));
#4257=CARTESIAN_POINT('Origin',(98.03,-75.03,14.1));
#4258=CARTESIAN_POINT('',(98.03,-72.03,14.1));
#4259=CARTESIAN_POINT('Origin',(97.28,-68.565,11.85));
#4260=CARTESIAN_POINT('',(98.03,-80.93,11.1));
#4261=CARTESIAN_POINT('',(96.53,-80.93,12.6));
#4262=CARTESIAN_POINT('',(98.03,-68.565,11.1));
#4263=CARTESIAN_POINT('Origin',(97.28,-80.93,14.1));
#4264=CARTESIAN_POINT('',(96.53,-82.43,14.1));
#4265=CARTESIAN_POINT('',(98.03,-83.93,14.1));
#4266=CARTESIAN_POINT('',(96.53,-82.43,14.1));
#4267=CARTESIAN_POINT('Origin',(98.03,-80.93,14.1));
#4268=CARTESIAN_POINT('Origin',(96.53,-80.93,14.1));
#4269=CARTESIAN_POINT('Origin',(97.28,-83.1800000000006,7.90500000000123));
#4270=CARTESIAN_POINT('',(96.53,-82.43,14.3));
#4271=CARTESIAN_POINT('',(98.03,-83.93,14.3000000000001));
#4272=CARTESIAN_POINT('',(96.53,-82.43,14.3));
#4273=CARTESIAN_POINT('',(98.03,-83.9300000000006,7.9050000000013));
#4274=CARTESIAN_POINT('',(96.53,-82.4300000000005,7.90500000000117));
#4275=CARTESIAN_POINT('Origin',(97.28,-80.93,14.3));
#4276=CARTESIAN_POINT('',(96.53,-80.93,15.8));
#4277=CARTESIAN_POINT('',(98.03,-80.93,17.3));
#4278=CARTESIAN_POINT('',(96.53,-80.93,15.8));
#4279=CARTESIAN_POINT('Origin',(98.03,-80.93,14.3));
#4280=CARTESIAN_POINT('Origin',(96.53,-80.93,14.3));
#4281=CARTESIAN_POINT('Origin',(97.28,-65.615,16.55));
#4282=CARTESIAN_POINT('',(98.03,-75.03,17.3));
#4283=CARTESIAN_POINT('',(96.53,-75.03,15.8));
#4284=CARTESIAN_POINT('',(98.03,-65.615,17.3));
#4285=CARTESIAN_POINT('',(96.53,-65.615,15.8));
#4286=CARTESIAN_POINT('Origin',(97.28,-75.03,14.3));
#4287=CARTESIAN_POINT('',(98.03,-72.03,14.3));
#4288=CARTESIAN_POINT('',(96.53,-73.53,14.3));
#4289=CARTESIAN_POINT('Origin',(98.03,-75.03,14.3));
#4290=CARTESIAN_POINT('Origin',(97.28,-72.78,7.805));
#4291=CARTESIAN_POINT('',(98.03,-72.03,7.805));
#4292=CARTESIAN_POINT('Origin',(94.53,-82.43,14.3));
#4293=CARTESIAN_POINT('',(94.53,-82.43,14.3));
#4294=CARTESIAN_POINT('',(94.53,-82.43,14.1));
#4295=CARTESIAN_POINT('Origin',(94.53,-80.93,14.1));
#4296=CARTESIAN_POINT('Origin',(98.03,-56.2,1.51));
#4297=CARTESIAN_POINT('',(98.03,-177.4,19.51));
#4298=CARTESIAN_POINT('',(98.03,-177.4,-3.49));
#4299=CARTESIAN_POINT('',(98.03,-177.4,1.51));
#4300=CARTESIAN_POINT('',(98.03,-56.2,-3.49));
#4301=CARTESIAN_POINT('',(98.03,-56.2,-3.49));
#4302=CARTESIAN_POINT('',(98.03,-56.2,19.51));
#4303=CARTESIAN_POINT('',(98.03,-56.2,1.51));
#4304=CARTESIAN_POINT('',(98.03,-56.2,19.51));
#4305=CARTESIAN_POINT('',(98.03,-68.97,11.1));
#4306=CARTESIAN_POINT('',(98.03,-63.07,11.1));
#4307=CARTESIAN_POINT('',(98.03,-62.585,11.1));
#4308=CARTESIAN_POINT('',(98.03,-71.97,14.1));
#4309=CARTESIAN_POINT('Origin',(98.03,-68.97,14.1));
#4310=CARTESIAN_POINT('',(98.03,-71.97,14.3000000000001));
#4311=CARTESIAN_POINT('',(98.03,-71.9700000000003,7.90500000000038));
#4312=CARTESIAN_POINT('',(98.03,-68.97,17.3));
#4313=CARTESIAN_POINT('Origin',(98.03,-68.97,14.3));
#4314=CARTESIAN_POINT('',(98.03,-63.07,17.3));
#4315=CARTESIAN_POINT('',(98.03,-59.635,17.3));
#4316=CARTESIAN_POINT('',(98.03,-60.07,14.3));
#4317=CARTESIAN_POINT('Origin',(98.03,-63.07,14.3));
#4318=CARTESIAN_POINT('',(98.03,-60.07,14.1));
#4319=CARTESIAN_POINT('',(98.03,-60.07,7.805));
#4320=CARTESIAN_POINT('Origin',(98.03,-63.07,14.1));
#4321=CARTESIAN_POINT('',(98.03,-130.000001937151,-2.00000002980232));
#4322=CARTESIAN_POINT('',(98.03,-130.000001937151,1.00000001490116));
#4323=CARTESIAN_POINT('',(98.03,-130.000001937151,1.25500000745058));
#4324=CARTESIAN_POINT('',(98.03,-111.000001654029,1.00000001490116));
#4325=CARTESIAN_POINT('',(98.03,-83.6000008270145,1.00000001490116));
#4326=CARTESIAN_POINT('',(98.03,-111.000001654029,-2.00000002980232));
#4327=CARTESIAN_POINT('',(98.03,-111.000001654029,-0.245000014901161));
#4328=CARTESIAN_POINT('',(98.03,-93.1000009685755,-2.00000002980232));
#4329=CARTESIAN_POINT('Origin',(97.28,-62.585,11.85));
#4330=CARTESIAN_POINT('',(96.53,-68.97,12.6));
#4331=CARTESIAN_POINT('',(98.03,-63.07,11.1));
#4332=CARTESIAN_POINT('Origin',(97.28,-68.97,14.1));
#4333=CARTESIAN_POINT('',(96.53,-70.47,14.1));
#4334=CARTESIAN_POINT('',(96.53,-70.47,14.1));
#4335=CARTESIAN_POINT('Origin',(96.53,-68.97,14.1));
#4336=CARTESIAN_POINT('Origin',(97.28,-71.2200000000003,7.90500000000035));
#4337=CARTESIAN_POINT('',(96.53,-70.47,14.3));
#4338=CARTESIAN_POINT('',(96.53,-70.47,14.3));
#4339=CARTESIAN_POINT('',(96.53,-70.4700000000003,7.90500000000032));
#4340=CARTESIAN_POINT('Origin',(97.28,-68.97,14.3));
#4341=CARTESIAN_POINT('',(96.53,-68.97,15.8));
#4342=CARTESIAN_POINT('',(96.53,-68.97,15.8));
#4343=CARTESIAN_POINT('Origin',(96.53,-68.97,14.3));
#4344=CARTESIAN_POINT('Origin',(97.28,-59.635,16.55));
#4345=CARTESIAN_POINT('',(96.53,-63.07,15.8));
#4346=CARTESIAN_POINT('',(96.53,-59.635,15.8));
#4347=CARTESIAN_POINT('Origin',(97.28,-63.07,14.3));
#4348=CARTESIAN_POINT('',(96.53,-61.57,14.3));
#4349=CARTESIAN_POINT('Origin',(97.28,-60.82,7.805));
#4350=CARTESIAN_POINT('',(96.53,-61.57,14.1));
#4351=CARTESIAN_POINT('Origin',(97.28,-63.07,14.1));
#4352=CARTESIAN_POINT('Origin',(94.53,-68.97,14.3));
#4353=CARTESIAN_POINT('',(94.53,-68.97,15.8));
#4354=CARTESIAN_POINT('',(94.53,-70.47,14.3));
#4355=CARTESIAN_POINT('Origin',(94.53,-70.47,14.3));
#4356=CARTESIAN_POINT('',(94.53,-70.47,14.1));
#4357=CARTESIAN_POINT('Origin',(94.53,-68.97,14.1));
#4358=CARTESIAN_POINT('Origin',(94.53,-63.07,15.8));
#4359=CARTESIAN_POINT('Origin',(94.53,-80.93,14.3));
#4360=CARTESIAN_POINT('',(94.53,-80.93,15.8));
#4361=CARTESIAN_POINT('Origin',(94.53,-75.03,15.8));
#4362=CARTESIAN_POINT('Origin',(98.03,-130.000001937151,-2.00000002980232));
#4363=CARTESIAN_POINT('',(290.34,-130.000001937151,-2.00000002980232));
#4364=CARTESIAN_POINT('',(290.34,-111.000001654029,-2.00000002980232));
#4365=CARTESIAN_POINT('',(290.34,-153.700000968575,-2.00000002980232));
#4366=CARTESIAN_POINT('',(98.03,-130.000001937151,-2.00000002980232));
#4367=CARTESIAN_POINT('',(98.03,-111.000001654029,-2.00000002980232));
#4368=CARTESIAN_POINT('Origin',(98.03,-130.000001937151,1.00000001490116));
#4369=CARTESIAN_POINT('',(290.34,-130.000001937151,1.00000001490116));
#4370=CARTESIAN_POINT('',(290.34,-130.000001937151,1.25500000745058));
#4371=CARTESIAN_POINT('',(98.03,-130.000001937151,1.00000001490116));
#4372=CARTESIAN_POINT('Origin',(98.03,-111.000001654029,1.00000001490116));
#4373=CARTESIAN_POINT('',(290.34,-111.000001654029,1.00000001490116));
#4374=CARTESIAN_POINT('',(290.34,-144.200000827014,1.00000001490116));
#4375=CARTESIAN_POINT('',(98.03,-111.000001654029,1.00000001490116));
#4376=CARTESIAN_POINT('Origin',(98.03,-111.000001654029,-2.00000002980232));
#4377=CARTESIAN_POINT('',(290.34,-111.000001654029,-0.245000014901161));
#4378=CARTESIAN_POINT('Origin',(287.84,-174.9,1.51));
#4379=CARTESIAN_POINT('',(293.84,-174.9,19.51));
#4380=CARTESIAN_POINT('',(287.84,-180.9,19.51));
#4381=CARTESIAN_POINT('Origin',(287.84,-174.9,19.51));
#4382=CARTESIAN_POINT('',(287.84,-180.9,-3.49));
#4383=CARTESIAN_POINT('',(287.84,-180.9,1.51));
#4384=CARTESIAN_POINT('',(293.84,-174.9,-3.49));
#4385=CARTESIAN_POINT('Origin',(287.84,-174.9,-3.49));
#4386=CARTESIAN_POINT('',(293.84,-174.9,1.51));
#4387=CARTESIAN_POINT('Origin',(293.84,-180.9,1.51));
#4388=CARTESIAN_POINT('',(100.53,-180.9,19.51));
#4389=CARTESIAN_POINT('',(293.84,-180.9,19.51));
#4390=CARTESIAN_POINT('',(100.53,-180.9,-3.49));
#4391=CARTESIAN_POINT('',(100.53,-180.9,1.51));
#4392=CARTESIAN_POINT('',(293.84,-180.9,-3.49));
#4393=CARTESIAN_POINT('Origin',(194.185,-116.8,19.51));
#4394=CARTESIAN_POINT('',(293.84,-52.7,19.51));
#4395=CARTESIAN_POINT('',(94.53,-52.7,19.51));
#4396=CARTESIAN_POINT('Origin',(100.53,-174.9,19.51));
#4397=CARTESIAN_POINT('',(290.34,-56.2,19.51));
#4398=CARTESIAN_POINT('',(290.34,-56.2,19.51));
#4399=CARTESIAN_POINT('',(290.34,-177.4,19.51));
#4400=CARTESIAN_POINT('',(290.34,-177.4,19.51));
#4401=CARTESIAN_POINT('',(98.03,-177.4,19.51));
#4402=CARTESIAN_POINT('Origin',(100.53,-174.9,1.51));
#4403=CARTESIAN_POINT('Origin',(100.53,-174.9,-3.49));
#4404=CARTESIAN_POINT('Origin',(290.34,-56.2,1.51));
#4405=CARTESIAN_POINT('',(290.34,-56.2,-3.49));
#4406=CARTESIAN_POINT('',(290.34,-56.2,-3.49));
#4407=CARTESIAN_POINT('',(290.34,-56.2,1.51));
#4408=CARTESIAN_POINT('Origin',(290.34,-177.4,1.51));
#4409=CARTESIAN_POINT('',(290.34,-177.4,-3.49));
#4410=CARTESIAN_POINT('',(290.34,-177.4,-3.49));
#4411=CARTESIAN_POINT('',(290.34,-177.4,1.51));
#4412=CARTESIAN_POINT('Origin',(98.03,-177.4,1.51));
#4413=CARTESIAN_POINT('',(98.03,-177.4,-3.49));
#4414=CARTESIAN_POINT('Origin',(293.84,-52.7,1.51));
#4415=CARTESIAN_POINT('',(293.84,-52.7,-3.49));
#4416=CARTESIAN_POINT('Origin',(94.53,-52.7,1.51));
#4417=CARTESIAN_POINT('',(94.53,-52.7,-3.49));
#4418=CARTESIAN_POINT('Origin',(194.185,-116.8,-3.49));
#4419=CARTESIAN_POINT('Origin',(194.185,-116.8,-3.49));
#4420=CARTESIAN_POINT('',(101.03,-177.4,-3.49));
#4421=CARTESIAN_POINT('',(98.03,-174.4,-3.49));
#4422=CARTESIAN_POINT('Origin',(101.03,-174.4,-3.49));
#4423=CARTESIAN_POINT('',(98.03,-177.4,-3.49));
#4424=CARTESIAN_POINT('',(98.03,-177.4,-3.49));
#4425=CARTESIAN_POINT('',(98.03,-56.2,-3.49));
#4426=CARTESIAN_POINT('Origin',(194.185,-116.8,-3.49));
#4427=CARTESIAN_POINT('',(290.34,-174.4,-3.49));
#4428=CARTESIAN_POINT('',(287.34,-177.4,-3.49));
#4429=CARTESIAN_POINT('Origin',(287.34,-174.4,-3.49));
#4430=CARTESIAN_POINT('',(290.34,-177.4,-3.49));
#4431=CARTESIAN_POINT('',(290.34,-177.4,-3.49));
#4432=CARTESIAN_POINT('',(98.03,-177.4,-3.49));
#4433=CARTESIAN_POINT('Origin',(194.185,-116.8,-3.49));
#4434=CARTESIAN_POINT('',(98.03,-59.2,-3.49));
#4435=CARTESIAN_POINT('',(101.03,-56.2,-3.49));
#4436=CARTESIAN_POINT('Origin',(101.03,-59.2,-3.49));
#4437=CARTESIAN_POINT('',(98.03,-56.2,-3.49));
#4438=CARTESIAN_POINT('',(98.03,-56.2,-3.49));
#4439=CARTESIAN_POINT('',(290.34,-56.2,-3.49));
#4440=CARTESIAN_POINT('Origin',(98.03,-56.2,-3.49));
#4441=CARTESIAN_POINT('',(98.03,-56.2,-3.49));
#4442=CARTESIAN_POINT('',(98.03,-177.4,-2.49));
#4443=CARTESIAN_POINT('',(98.03,-177.4,-3.49));
#4444=CARTESIAN_POINT('',(98.03,-56.2,-2.49));
#4445=CARTESIAN_POINT('',(98.03,-56.2,-2.49));
#4446=CARTESIAN_POINT('',(98.03,-56.2,-3.49));
#4447=CARTESIAN_POINT('Origin',(290.34,-56.2,-3.49));
#4448=CARTESIAN_POINT('',(290.34,-56.2,-3.49));
#4449=CARTESIAN_POINT('',(290.34,-56.2,-3.49));
#4450=CARTESIAN_POINT('',(290.34,-56.2,-2.49));
#4451=CARTESIAN_POINT('',(290.34,-56.2,-2.49));
#4452=CARTESIAN_POINT('',(290.34,-56.2,-3.49));
#4453=CARTESIAN_POINT('Origin',(290.34,-177.4,-3.49));
#4454=CARTESIAN_POINT('',(290.34,-177.4,-3.49));
#4455=CARTESIAN_POINT('',(290.34,-177.4,-2.49));
#4456=CARTESIAN_POINT('',(290.34,-177.4,-2.49));
#4457=CARTESIAN_POINT('',(290.34,-177.4,-3.49));
#4458=CARTESIAN_POINT('Origin',(98.03,-177.4,-3.49));
#4459=CARTESIAN_POINT('',(98.03,-177.4,-3.49));
#4460=CARTESIAN_POINT('',(98.03,-177.4,-2.49));
#4461=CARTESIAN_POINT('Origin',(194.185,-116.8,-2.49));
#4462=CARTESIAN_POINT('Origin',(146.1075,-59.2,-3.49));
#4463=CARTESIAN_POINT('',(287.34,-59.2,-6.49));
#4464=CARTESIAN_POINT('Origin',(287.34,-59.2,-3.49));
#4465=CARTESIAN_POINT('',(101.03,-59.2,-6.49));
#4466=CARTESIAN_POINT('',(146.1075,-59.2,-6.49));
#4467=CARTESIAN_POINT('Origin',(101.03,-59.2,-3.49));
#4468=CARTESIAN_POINT('Origin',(101.03,-147.1,-3.49));
#4469=CARTESIAN_POINT('',(101.03,-174.4,-6.49));
#4470=CARTESIAN_POINT('Origin',(101.03,-174.4,-3.49));
#4471=CARTESIAN_POINT('Origin',(101.03,-59.2,-3.49));
#4472=CARTESIAN_POINT('',(101.03,-147.1,-6.49));
#4473=CARTESIAN_POINT('Origin',(242.2625,-174.4,-3.49));
#4474=CARTESIAN_POINT('',(289.46132034356,-176.52132034356,-5.61132034355964));
#4475=CARTESIAN_POINT('Origin',(287.34,-174.4,-3.49));
#4476=CARTESIAN_POINT('Origin',(101.03,-174.4,-3.49));
#4477=CARTESIAN_POINT('',(287.34,-174.4,-6.49));
#4478=CARTESIAN_POINT('',(242.2625,-174.4,-6.49));
#4479=CARTESIAN_POINT('Origin',(287.34,-174.4,-3.49));
#4480=CARTESIAN_POINT('Origin',(101.03,-174.4,-3.49));
#4481=CARTESIAN_POINT('Origin',(101.03,-59.2,-3.49));
#4482=CARTESIAN_POINT('Origin',(287.34,-174.4,-3.49));
#4483=CARTESIAN_POINT('Origin',(287.34,-174.4,-3.49));
#4484=CARTESIAN_POINT('Origin',(287.34,-86.5,-3.49));
#4485=CARTESIAN_POINT('',(287.34,-86.5,-6.49));
#4486=CARTESIAN_POINT('Origin',(194.185,-116.8,-6.49));
#4487=CARTESIAN_POINT('',(4.83500238350226E-29,0.958978853961444,-3.00000000000334));
#4488=UNCERTAINTY_MEASURE_WITH_UNIT(LENGTH_MEASURE(0.01),#4494,
'DISTANCE_ACCURACY_VALUE',
'Maximum model space distance between geometric entities at asserted c
onnectivities');
#4489=UNCERTAINTY_MEASURE_WITH_UNIT(LENGTH_MEASURE(0.01),#4494,
'DISTANCE_ACCURACY_VALUE',
'Maximum model space distance between geometric entities at asserted c
onnectivities');
#4490=UNCERTAINTY_MEASURE_WITH_UNIT(LENGTH_MEASURE(0.01),#4494,
'DISTANCE_ACCURACY_VALUE',
'Maximum model space distance between geometric entities at asserted c
onnectivities');
#4491=(
GEOMETRIC_REPRESENTATION_CONTEXT(3)
GLOBAL_UNCERTAINTY_ASSIGNED_CONTEXT((#4488))
GLOBAL_UNIT_ASSIGNED_CONTEXT((#4494,#4496,#4497))
REPRESENTATION_CONTEXT('','3D')
);
#4492=(
GEOMETRIC_REPRESENTATION_CONTEXT(3)
GLOBAL_UNCERTAINTY_ASSIGNED_CONTEXT((#4489))
GLOBAL_UNIT_ASSIGNED_CONTEXT((#4494,#4496,#4497))
REPRESENTATION_CONTEXT('','3D')
);
#4493=(
GEOMETRIC_REPRESENTATION_CONTEXT(3)
GLOBAL_UNCERTAINTY_ASSIGNED_CONTEXT((#4490))
GLOBAL_UNIT_ASSIGNED_CONTEXT((#4494,#4496,#4497))
REPRESENTATION_CONTEXT('','3D')
);
#4494=(
LENGTH_UNIT()
NAMED_UNIT(*)
SI_UNIT(.MILLI.,.METRE.)
);
#4495=(
LENGTH_UNIT()
NAMED_UNIT(*)
SI_UNIT($,.METRE.)
);
#4496=(
NAMED_UNIT(*)
PLANE_ANGLE_UNIT()
SI_UNIT($,.RADIAN.)
);
#4497=(
NAMED_UNIT(*)
SI_UNIT($,.STERADIAN.)
SOLID_ANGLE_UNIT()
);
#4498=SHAPE_DEFINITION_REPRESENTATION(#4500,#4503);
#4499=SHAPE_DEFINITION_REPRESENTATION(#4501,#4504);
#4500=PRODUCT_DEFINITION_SHAPE('',$,#4506);
#4501=PRODUCT_DEFINITION_SHAPE('',$,#4507);
#4502=PRODUCT_DEFINITION_SHAPE($,$,#14);
#4503=SHAPE_REPRESENTATION('',(#2635,#2882),#4491);
#4504=SHAPE_REPRESENTATION('',(#2636),#4492);
#4505=PRODUCT_DEFINITION_CONTEXT('part definition',#4513,'design');
#4506=PRODUCT_DEFINITION('2026-02-14-20-34-34-589',
'Custom-Mixer-ESP32-V2 Enclosure',#4508,#4505);
#4507=PRODUCT_DEFINITION('2026-02-14-20-49-35-896','Top',#4509,#4505);
#4508=PRODUCT_DEFINITION_FORMATION('',$,#4515);
#4509=PRODUCT_DEFINITION_FORMATION('',$,#4516);
#4510=PRODUCT_RELATED_PRODUCT_CATEGORY(
'Custom-Mixer-ESP32-V2 Enclosure','Custom-Mixer-ESP32-V2 Enclosure',(#4515));
#4511=PRODUCT_RELATED_PRODUCT_CATEGORY('Top','Top',(#4516));
#4512=APPLICATION_PROTOCOL_DEFINITION('international standard',
'automotive_design',2009,#4513);
#4513=APPLICATION_CONTEXT(
'Core Data for Automotive Mechanical Design Process');
#4514=PRODUCT_CONTEXT('part definition',#4513,'mechanical');
#4515=PRODUCT('2026-02-14-20-34-34-589',
'Custom-Mixer-ESP32-V2 Enclosure',$,(#4514));
#4516=PRODUCT('2026-02-14-20-49-35-896','Top',$,(#4514));
#4517=PRESENTATION_STYLE_ASSIGNMENT((#4518));
#4518=SURFACE_STYLE_USAGE(.BOTH.,#4519);
#4519=SURFACE_SIDE_STYLE('',(#4520));
#4520=SURFACE_STYLE_FILL_AREA(#4521);
#4521=FILL_AREA_STYLE('Steel - Satin',(#4522));
#4522=FILL_AREA_STYLE_COLOUR('Steel - Satin',#4523);
#4523=COLOUR_RGB('Steel - Satin',0.627450980392157,0.627450980392157,0.627450980392157);
ENDSEC;
END-ISO-10303-21;
